,sensor [Auto],,,,,,,
,CO2,Pressure,Temperature,Humidity,TC-Pressure,TC-Humidity,TC-Temperature,
07/10/26 14:42:01.597,,"1009",,,,,,
07/10/26 14:42:01.819,,,"26.9",,,,,
07/10/26 14:42:02.068,,,,"59.2",,,,
07/10/26 14:42:02.289,,,,,"1005",,,
07/10/26 14:42:02.540,,,,,,"72",,
07/10/26 14:42:02.790,,,,,,,"23.2",
07/10/26 14:42:28.595,"0","1009","26.9","59.1","1005","72","23.2",
07/10/26 14:42:33.594,"0","1009","26.9","59.1","1005","72","23.2",
07/10/26 14:42:38.594,"0","1009","26.9","59.1","1005","72","23.2",
07/10/26 14:42:43.595,"0","1009","26.9","59.1","1005","72","23.2",
07/10/26 14:42:48.595,"0","1009","26.9","59.1","1005","72","23.2",
07/10/26 14:42:53.594,"0","1009","26.9","59.1","1005","72","23.2",
07/10/26 14:42:58.594,"0","1008","26.9","59.1","1005","72","23.2",
07/10/26 14:43:03.594,"0","1009","26.9","59.1","1005","72","23.2",
07/10/26 14:43:08.594,"0","1008","26.9","59.1","1005","72","23.2",
07/10/26 14:43:13.594,"0","1009","26.9","59.1","1005","72","23.2",
07/10/26 14:43:18.594,"0","1009","26.8","59.2","1005","72","23.2",
07/10/26 14:43:23.594,"0","1009","26.8","59.2","1005","72","23.2",
07/10/26 14:43:28.594,"0","1009","26.8","59.2","1005","72","23.2",
07/10/26 14:43:33.595,"0","1009","26.8","59.2","1005","72","23.2",
07/10/26 14:43:38.595,"0","1009","26.9","59.2","1005","72","23.2",
07/10/26 14:43:43.594,"0","1009","26.9","59.2","1005","72","23.2",
07/10/26 14:43:48.595,"0","1008","26.9","59.2","1005","72","23.2",
07/10/26 14:43:53.595,"0","1009","26.9","59.1","1005","72","23.2",
07/10/26 14:43:58.595,"0","1009","26.9","59.1","1005","72","23.2",
07/10/26 14:44:03.595,"0","1008","26.9","59.1","1005","72","23.2",
07/10/26 14:44:08.595,"0","1008","26.9","59.1","1005","72","23.2",
07/10/26 14:44:13.595,"0","1009","26.9","59.1","1005","72","23.2",
07/10/26 14:44:18.595,"0","1009","26.9","59.1","1005","72","23.2",
07/10/26 14:44:23.595,"0","1008","26.9","59.1","1005","72","23.2",
07/10/26 14:44:28.595,"0","1009","26.9","59.1","1005","72","23.2",
07/10/26 14:44:33.597,"0","1009","26.9","59.1","1005","72","23.2",
07/10/26 14:44:38.597,"0","1009","26.9","59.1","1005","72","23.2",
07/10/26 14:44:43.597,"0","1008","26.9","59.1","1005","72","23.2",
07/10/26 14:44:48.597,"1800","1008","26.9","59.1","1005","72","23.2",
07/10/26 14:44:53.596,"9500","1009","26.9","59.1","1005","72","23.2",
07/10/26 14:44:58.597,"22900","1009","26.9","59.1","1005","72","23.2",
07/10/26 14:45:03.597,"41300","1009","26.9","59.1","1005","72","23.2",
07/10/26 14:45:08.597,"60500","1009","26.9","59.1","1005","72","23.2",
07/10/26 14:45:13.597,"81900","1009","26.9","59.2","1005","72","23.2",
07/10/26 14:45:18.597,"96000","1008","26.9","59.2","1005","72","23.2",
07/10/26 14:45:23.597,"106400","1009","26.8","59.2","1005","72","23.2",
07/10/26 14:45:28.597,"113200","1009","26.8","59.2","1005","72","23.2",
07/10/26 14:45:33.597,"118500","1009","26.9","59.2","1005","72","23.2",
07/10/26 14:45:38.597,"122000","1009","26.9","59.2","1005","72","23.2",
07/10/26 14:45:43.597,"124500","1008","26.8","59.2","1005","72","23.2",
07/10/26 14:45:48.597,"126000","1008","26.8","59.2","1005","72","23.2",
07/10/26 14:45:53.597,"127000","1008","26.9","59.2","1005","72","23.2",
07/10/26 14:45:58.597,"127000","1008","26.9","59.2","1005","72","23.2",
07/10/26 14:46:03.598,"128000","1009","26.9","59.2","1005","72","23.2",
07/10/26 14:46:08.597,"127500","1009","26.9","59.2","1005","72","23.2",
07/10/26 14:46:13.597,"128500","1009","26.9","59.1","1005","72","23.2",
07/10/26 14:46:18.597,"129600","1009","26.9","59.1","1005","72","23.2",
07/10/26 14:46:23.598,"130100","1008","26.9","59.1","1005","72","23.2",
07/10/26 14:46:28.597,"130600","1009","26.9","59.1","1005","72","23.2",
07/10/26 14:46:33.597,"131200","1008","26.9","59.1","1005","72","23.2",
07/10/26 14:46:38.598,"130900","1009","26.9","59.1","1005","72","23.2",
07/10/26 14:46:43.597,"131500","1008","26.9","59.1","1005","72","23.2",
07/10/26 14:46:48.597,"132000","1008","26.9","59.1","1005","72","23.2",
07/10/26 14:46:53.598,"132000","1008","26.9","59.1","1005","72","23.2",
07/10/26 14:46:58.598,"132300","1009","26.9","59.1","1005","72","23.2",
07/10/26 14:47:03.597,"131700","1009","26.9","59.1","1005","72","23.2",
07/10/26 14:47:08.597,"132800","1008","26.9","59.1","1005","72","23.2",
07/10/26 14:47:13.597,"132000","1008","26.9","59.1","1005","72","23.2",
07/10/26 14:47:18.597,"131700","1008","26.9","59.1","1005","72","23.2",
07/10/26 14:47:23.598,"131400","1008","26.9","59.1","1005","72","23.2",
07/10/26 14:47:28.598,"131700","1008","26.9","59.1","1005","72","23.2",
07/10/26 14:47:33.598,"132200","1008","26.9","59.1","1005","72","23.2",
07/10/26 14:47:38.597,"131700","1008","26.9","59.1","1005","72","23.2",
07/10/26 14:47:43.598,"131400","1008","26.9","59.1","1005","72","23.2",
07/10/26 14:47:48.597,"132000","1008","26.9","59.1","1005","72","23.2",
07/10/26 14:47:53.597,"132500","1008","26.9","59.2","1005","72","23.2",
07/10/26 14:47:58.597,"132200","1009","26.9","59.2","1005","72","23.2",
07/10/26 14:48:03.598,"132000","1008","26.9","59.1","1005","72","23.2",
07/10/26 14:48:08.598,"132500","1008","26.9","59.1","1005","72","23.2",
07/10/26 14:48:13.598,"132800","1008","26.9","59.2","1005","72","23.2",
07/10/26 14:48:18.597,"132000","1008","26.9","59.2","1005","72","23.2",
07/10/26 14:48:23.598,"132200","1008","26.9","59.2","1005","72","23.2",
07/10/26 14:48:28.598,"132200","1008","26.9","59.2","1005","72","23.2",
07/10/26 14:48:33.598,"132500","1008","26.9","59.1","1005","72","23.2",
07/10/26 14:48:38.598,"132800","1008","26.9","59.1","1005","72","23.2",
07/10/26 14:48:43.599,"133600","1008","26.9","59.1","1005","72","23.2",
07/10/26 14:48:48.598,"132500","1009","26.9","59.1","1005","72","23.2",
07/10/26 14:48:53.598,"132800","1008","26.9","59.1","1005","72","23.2",
07/10/26 14:48:58.599,"132500","1008","26.9","59.1","1005","72","23.2",
07/10/26 14:49:03.598,"133300","1008","26.9","59.1","1005","72","23.2",
07/10/26 14:49:08.599,"132800","1008","26.9","59.1","1005","72","23.2",
07/10/26 14:49:13.598,"132800","1008","26.9","59.2","1005","72","23.2",
07/10/26 14:49:18.599,"133100","1008","26.9","59.2","1005","72","23.2",
07/10/26 14:49:23.599,"133100","1008","26.9","59.2","1005","72","23.2",
07/10/26 14:49:28.599,"133600","1008","26.9","59.2","1005","72","23.2",
07/10/26 14:49:33.599,"133900","1008","26.9","59.2","1005","72","23.2",
07/10/26 14:49:38.599,"133300","1008","26.9","59.1","1005","72","23.2",
07/10/26 14:49:43.599,"134200","1008","26.9","59.1","1005","72","23.2",
07/10/26 14:49:48.599,"133300","1008","26.9","59.1","1005","72","23.2",
07/10/26 14:49:53.599,"135500","1008","26.9","59.1","1005","72","23.2",
07/10/26 14:49:58.599,"134200","1008","26.9","59.1","1005","72","23.2",
07/10/26 14:50:03.599,"133600","1008","26.9","59.1","1005","72","23.2",
07/10/26 14:50:08.598,"133900","1008","26.9","59.1","1005","72","23.2",
07/10/26 14:50:13.599,"134200","1008","26.9","59.3","1005","72","23.2",
07/10/26 14:50:18.599,"133900","1008","26.9","59.1","1005","72","23.2",
07/10/26 14:50:23.599,"133600","1008","26.9","59.1","1005","72","23.2",
07/10/26 14:50:28.599,"133100","1008","26.9","59.1","1005","72","23.2",
07/10/26 14:50:33.599,"130900","1008","26.9","59.1","1005","72","23.2",
07/10/26 14:50:38.599,"130600","1008","26.9","59.2","1005","72","23.2",
07/10/26 14:50:43.599,"129800","1008","26.8","59.2","1005","72","23.2",
07/10/26 14:50:48.599,"129200","1008","26.8","59.2","1005","72","23.2",
07/10/26 14:50:53.599,"129200","1008","26.8","59.2","1005","72","23.2",
07/10/26 14:50:58.599,"129200","1008","26.9","59.2","1005","72","23.2",
07/10/26 14:51:03.600,"129200","1008","26.9","59.2","1005","72","23.2",
07/10/26 14:51:08.600,"129200","1008","26.9","59.2","1005","72","23.2",
07/10/26 14:51:13.599,"128700","1008","26.9","59.2","1005","72","23.2",
07/10/26 14:51:18.599,"128400","1008","26.9","59.2","1005","72","23.2",
07/10/26 14:51:23.599,"128400","1008","26.9","59.2","1005","72","23.3",
07/10/26 14:51:28.599,"128700","1008","26.9","59.2","1005","72","23.2",
07/10/26 14:51:33.600,"128400","1008","26.9","59.2","1005","72","23.2",
07/10/26 14:51:38.599,"128700","1008","26.9","59.2","1005","72","23.2",
07/10/26 14:51:43.600,"128900","1008","26.9","59.1","1005","72","23.2",
07/10/26 14:51:48.600,"130300","1008","26.9","59.1","1005","72","23.2",
07/10/26 14:51:53.599,"132500","1008","26.9","59.1","1005","72","23.2",
07/10/26 14:51:58.600,"134400","1008","26.9","59.1","1005","72","23.2",
07/10/26 14:52:03.599,"135800","1008","26.9","59.1","1005","72","23.2",
07/10/26 14:52:08.600,"136600","1008","26.9","59.1","1005","72","23.3",
07/10/26 14:52:13.599,"136900","1008","26.9","59.1","1005","72","23.2",
07/10/26 14:52:18.600,"137500","1008","26.9","59.1","1005","72","23.2",
07/10/26 14:52:23.600,"137500","1008","26.9","59.1","1005","72","23.3",
07/10/26 14:52:28.600,"138400","1008","26.9","59.1","1005","72","23.3",
07/10/26 14:52:33.600,"138100","1008","26.9","59.1","1005","72","23.3",
07/10/26 14:52:38.600,"138700","1008","26.9","59.1","1005","72","23.2",
07/10/26 14:52:43.600,"138400","1008","26.9","59.1","1005","72","23.3",
07/10/26 14:52:48.600,"138100","1008","26.9","59.1","1005","72","23.3",
07/10/26 14:52:53.600,"138700","1008","26.9","59.1","1005","72","23.2",
07/10/26 14:52:58.600,"138700","1008","26.9","59.1","1005","72","23.3",
07/10/26 14:53:03.600,"139300","1008","26.9","59.1","1005","72","23.3",
07/10/26 14:53:08.600,"138100","1008","26.9","59.1","1005","72","23.3",
07/10/26 14:53:13.600,"139300","1008","26.9","59.1","1005","72","23.3",
07/10/26 14:53:18.600,"139600","1008","26.9","59.1","1005","72","23.2",
07/10/26 14:53:23.600,"139600","1008","26.9","59.1","1005","72","23.3",
07/10/26 14:53:28.600,"139900","1008","26.9","59","1005","72","23.3",
07/10/26 14:53:33.600,"139600","1008","26.9","59.1","1005","72","23.3",
07/10/26 14:53:38.600,"138700","1008","26.9","59.1","1005","72","23.3",
07/10/26 14:53:43.600,"139300","1008","26.9","59","1005","72","23.3",
07/10/26 14:53:48.600,"139600","1008","26.9","59","1005","72","23.3",
07/10/26 14:53:53.600,"139300","1008","26.9","59","1005","72","23.3",
07/10/26 14:53:58.600,"139600","1008","26.9","59","1005","72","23.3",
07/10/26 14:54:03.601,"139600","1008","26.9","59","1005","72","23.3",
07/10/26 14:54:08.600,"139600","1008","26.9","59","1005","72","23.3",
07/10/26 14:54:13.601,"139900","1008","26.9","59","1005","72","23.3",
07/10/26 14:54:18.601,"138700","1008","26.9","59","1005","72","23.3",
07/10/26 14:54:23.600,"138700","1008","26.9","59","1005","72","23.3",
07/10/26 14:54:28.601,"139600","1008","26.9","59","1005","72","23.3",
07/10/26 14:54:33.601,"139600","1008","26.9","59","1005","72","23.3",
07/10/26 14:54:38.600,"139300","1008","26.9","59","1005","72","23.3",
07/10/26 14:54:43.601,"138700","1008","26.9","59","1005","72","23.3",
07/10/26 14:54:48.601,"139300","1008","26.9","59","1005","72","23.3",
07/10/26 14:54:53.601,"139600","1008","26.9","59","1005","72","23.3",
07/10/26 14:54:58.601,"139000","1008","26.9","59","1005","72","23.3",
07/10/26 14:55:03.600,"139600","1008","26.9","59","1005","72","23.3",
07/10/26 14:55:08.601,"140200","1008","26.9","59","1005","72","23.3",
07/10/26 14:55:13.600,"141400","1008","26.9","59","1005","72","23.3",
07/10/26 14:55:18.601,"141100","1008","26.9","59","1005","72","23.3",
07/10/26 14:55:23.601,"140200","1008","26.9","59","1005","72","23.3",
07/10/26 14:55:28.601,"140800","1008","26.9","59","1005","72","23.3",
07/10/26 14:55:33.601,"139600","1008","26.9","59","1005","72","23.3",
07/10/26 14:55:38.601,"139300","1008","26.9","59","1005","72","23.3",
07/10/26 14:55:43.601,"140800","1008","26.9","59","1005","72","23.3",
07/10/26 14:55:48.601,"140800","1008","26.9","59","1005","72","23.3",
07/10/26 14:55:53.601,"140800","1008","26.9","59","1005","72","23.3",
07/10/26 14:55:58.601,"140200","1008","26.9","59","1005","72","23.3",
07/10/26 14:56:03.601,"140200","1008","26.9","59","1005","72","23.3",
07/10/26 14:56:08.601,"140200","1008","26.9","59","1005","72","23.3",
07/10/26 14:56:13.601,"139600","1008","26.9","59","1005","72","23.3",
07/10/26 14:56:18.601,"140500","1008","26.9","59","1005","72","23.3",
07/10/26 14:56:23.601,"139300","1008","26.9","59","1005","72","23.3",
07/10/26 14:56:28.601,"140200","1008","26.9","59","1005","72","23.3",
07/10/26 14:56:33.601,"139300","1008","26.9","59","1005","72","23.3",
07/10/26 14:56:38.601,"139300","1008","26.9","59","1005","72","23.3",
07/10/26 14:56:43.602,"139600","1008","26.9","59","1005","72","23.3",
07/10/26 14:56:48.602,"139600","1008","26.9","59.1","1005","72","23.3",
07/10/26 14:56:53.602,"140800","1008","26.9","59.1","1005","72","23.3",
07/10/26 14:56:58.602,"140200","1008","26.9","59.1","1005","72","23.3",
07/10/26 14:57:03.602,"139600","1008","26.9","59.1","1005","72","23.3",
07/10/26 14:57:08.601,"140200","1008","26.9","59.1","1005","72","23.3",
07/10/26 14:57:13.601,"139600","1008","26.9","59.1","1005","72","23.3",
07/10/26 14:57:18.602,"139900","1008","26.9","59.1","1005","72","23.3",
07/10/26 14:57:23.602,"140200","1008","26.9","59.2","1005","72","23.3",
07/10/26 14:57:28.602,"140800","1008","26.9","59.2","1005","72","23.3",
07/10/26 14:57:33.602,"140800","1008","26.9","59.2","1005","72","23.3",
07/10/26 14:57:38.601,"140500","1008","26.9","59.2","1005","72","23.3",
07/10/26 14:57:43.602,"140500","1008","26.9","59.2","1005","72","23.3",
07/10/26 14:57:48.602,"140200","1008","26.9","59.2","1005","72","23.3",
07/10/26 14:57:53.602,"140200","1008","26.9","59.3","1005","72","23.3",
07/10/26 14:57:58.602,"139600","1008","26.9","59.3","1005","72","23.3",
07/10/26 14:58:03.601,"139300","1008","26.9","59.3","1005","72","23.3",
07/10/26 14:58:08.602,"139600","1008","26.9","59.3","1005","72","23.3",
07/10/26 14:58:13.602,"139000","1008","26.9","59.3","1005","72","23.3",
07/10/26 14:58:18.602,"139600","1008","26.9","59.3","1005","72","23.3",
07/10/26 14:58:23.602,"140200","1008","26.9","59.3","1005","72","23.3",
07/10/26 14:58:28.602,"140800","1008","26.9","59.3","1005","72","23.3",
07/10/26 14:58:33.602,"141100","1008","26.9","59.3","1005","72","23.3",
07/10/26 14:58:38.602,"141100","1008","26.9","59.3","1005","72","23.3",
07/10/26 14:58:43.602,"141700","1008","26.9","59.3","1005","72","23.3",
07/10/26 14:58:48.602,"141700","1008","26.8","59.3","1005","72","23.3",
07/10/26 14:58:53.603,"141400","1008","26.8","59.3","1005","72","23.3",
07/10/26 14:58:58.602,"140800","1008","26.8","59.3","1005","72","23.3",
07/10/26 14:59:03.602,"140200","1008","26.8","59.3","1005","72","23.3",
07/10/26 14:59:08.602,"140800","1008","26.8","59.4","1005","72","23.3",
07/10/26 14:59:13.602,"140800","1008","26.8","59.4","1005","72","23.3",
07/10/26 14:59:18.603,"139600","1008","26.8","59.4","1005","72","23.3",
07/10/26 14:59:23.602,"139600","1008","26.8","59.4","1005","72","23.3",
07/10/26 14:59:28.602,"139300","1008","26.8","59.4","1005","72","23.3",
07/10/26 14:59:33.603,"140200","1008","26.8","59.4","1005","72","23.3",
07/10/26 14:59:38.602,"140200","1008","26.8","59.4","1005","72","23.3",
07/10/26 14:59:43.603,"141400","1008","26.8","59.4","1005","72","23.3",
07/10/26 14:59:48.602,"142000","1008","26.8","59.4","1005","72","23.3",
07/10/26 14:59:53.603,"142300","1008","26.8","59.4","1005","72","23.3",
07/10/26 14:59:58.603,"142900","1008","26.8","59.5","1005","72","23.3",
07/10/26 15:00:03.602,"144100","1008","26.8","59.5","1005","72","23.3",
07/10/26 15:00:08.603,"143500","1008","26.8","59.5","1005","72","23.3",
07/10/26 15:00:13.602,"142300","1008","26.8","59.5","1005","72","23.3",
07/10/26 15:00:18.603,"143200","1008","26.8","59.5","1005","72","23.3",
07/10/26 15:00:23.603,"143200","1008","26.8","59.4","1005","72","23.3",
07/10/26 15:00:28.603,"143500","1008","26.8","59.4","1005","72","23.3",
07/10/26 15:00:33.603,"143500","1008","26.8","59.5","1005","72","23.3",
07/10/26 15:00:38.603,"143500","1008","26.8","59.5","1005","72","23.3",
07/10/26 15:00:43.603,"143200","1008","26.8","59.4","1005","72","23.3",
07/10/26 15:00:48.603,"143500","1008","26.8","59.5","1005","72","23.3",
07/10/26 15:00:53.603,"142900","1008","26.8","59.5","1005","72","23.3",
07/10/26 15:00:58.603,"142900","1008","26.8","59.5","1005","72","23.3",
07/10/26 15:01:03.603,"142600","1008","26.8","59.5","1005","72","23.3",
07/10/26 15:01:08.603,"142000","1008","26.8","59.5","1005","72","23.3",
07/10/26 15:01:13.603,"142600","1008","26.8","59.5","1005","72","23.3",
07/10/26 15:01:18.603,"142900","1008","26.8","59.4","1005","72","23.3",
07/10/26 15:01:23.603,"142600","1008","26.8","59.5","1005","72","23.3",
07/10/26 15:01:28.603,"142900","1008","26.8","59.4","1005","72","23.3",
07/10/26 15:01:33.603,"144100","1008","26.8","59.4","1005","72","23.3",
07/10/26 15:01:38.604,"142600","1008","26.8","59.4","1005","72","23.3",
07/10/26 15:01:43.603,"142600","1008","26.8","59.5","1005","72","23.3",
07/10/26 15:01:48.603,"144100","1008","26.8","59.5","1005","72","23.3",
07/10/26 15:01:53.603,"144100","1008","26.8","59.5","1005","72","23.3",
07/10/26 15:01:58.603,"144100","1008","26.8","59.5","1005","72","23.3",
07/10/26 15:02:03.603,"143500","1008","26.8","59.5","1005","72","23.3",
07/10/26 15:02:08.603,"143500","1008","26.8","59.5","1005","72","23.3",
07/10/26 15:02:13.603,"142600","1008","26.8","59.5","1005","72","23.3",
07/10/26 15:02:18.603,"142600","1008","26.8","59.5","1005","72","23.3",
07/10/26 15:02:23.604,"141400","1008","26.8","59.5","1005","72","23.3",
07/10/26 15:02:28.603,"142900","1008","26.8","59.5","1005","72","23.3",
07/10/26 15:02:33.604,"142000","1008","26.8","59.5","1005","72","23.3",
07/10/26 15:02:38.603,"142600","1008","26.8","59.5","1005","72","23.3",
07/10/26 15:02:43.604,"142900","1008","26.8","59.5","1005","72","23.3",
07/10/26 15:02:48.604,"143200","1008","26.8","59.4","1005","72","23.3",
07/10/26 15:02:53.604,"142900","1008","26.8","59.5","1005","72","23.3",
07/10/26 15:02:58.604,"141700","1008","26.8","59.4","1005","72","23.3",
07/10/26 15:03:03.604,"141700","1008","26.8","59.4","1005","72","23.3",
07/10/26 15:03:08.604,"142600","1008","26.8","59.5","1005","72","23.3",
07/10/26 15:03:13.604,"142900","1008","26.8","59.5","1005","72","23.3",
07/10/26 15:03:18.604,"142300","1008","26.8","59.5","1005","72","23.3",
07/10/26 15:03:23.604,"142000","1008","26.8","59.5","1005","72","23.3",
07/10/26 15:03:28.604,"142300","1008","26.8","59.5","1005","72","23.3",
07/10/26 15:03:33.604,"142900","1008","26.8","59.5","1005","72","23.3",
07/10/26 15:03:38.604,"142300","1008","26.8","59.5","1005","72","23.3",
07/10/26 15:03:43.604,"142600","1008","26.8","59.4","1005","72","23.3",
07/10/26 15:03:48.604,"142900","1008","26.8","59.4","1005","72","23.3",
07/10/26 15:03:53.604,"143500","1008","26.8","59.4","1005","72","23.3",
07/10/26 15:03:58.604,"144700","1008","26.8","59.4","1005","72","23.3",
07/10/26 15:04:03.604,"143200","1008","26.8","59.4","1005","72","23.3",
07/10/26 15:04:08.604,"144100","1008","26.8","59.4","1005","72","23.3",
07/10/26 15:04:13.604,"142900","1008","26.8","59.4","1005","72","23.3",
07/10/26 15:04:18.604,"142900","1008","26.8","59.4","1005","72","23.3",
07/10/26 15:04:23.604,"143500","1008","26.8","59.4","1005","72","23.3",
07/10/26 15:04:28.604,"142600","1008","26.8","59.4","1005","72","23.3",
07/10/26 15:04:33.604,"142300","1008","26.8","59.4","1005","72","23.3",
07/10/26 15:04:38.605,"141700","1008","26.8","59.4","1005","72","23.3",
07/10/26 15:04:43.605,"141700","1008","26.8","59.4","1005","72","23.3",
07/10/26 15:04:48.605,"142000","1008","26.8","59.4","1005","72","23.3",
07/10/26 15:04:53.604,"142600","1008","26.8","59.4","1005","72","23.3",
07/10/26 15:04:58.604,"143500","1008","26.8","59.4","1005","72","23.3",
07/10/26 15:05:03.604,"142900","1008","26.8","59.4","1005","72","23.3",
07/10/26 15:05:08.604,"143500","1008","26.8","59.4","1005","72","23.3",
07/10/26 15:05:13.605,"143500","1008","26.8","59.4","1005","72","23.3",
07/10/26 15:05:18.604,"143200","1008","26.8","59.4","1005","72","23.3",
07/10/26 15:05:23.605,"142900","1008","26.8","59.4","1005","72","23.3",
07/10/26 15:05:28.604,"143200","1008","26.8","59.4","1005","72","23.3",
07/10/26 15:05:33.605,"143200","1008","26.8","59.4","1005","72","23.3",
07/10/26 15:05:38.605,"144100","1008","26.8","59.4","1005","72","23.3",
07/10/26 15:05:43.605,"144100","1008","26.8","59.4","1005","72","23.3",
07/10/26 15:05:48.604,"143500","1008","26.8","59.4","1005","72","23.3",
07/10/26 15:05:53.605,"143800","1008","26.8","59.4","1005","72","23.3",
07/10/26 15:05:58.605,"143500","1008","26.8","59.4","1005","72","23.3",
07/10/26 15:06:03.605,"143800","1008","26.8","59.4","1005","72","23.3",
07/10/26 15:06:08.605,"145000","1008","26.8","59.4","1005","72","23.3",
07/10/26 15:06:13.605,"144700","1008","26.8","59.4","1005","72","23.3",
07/10/26 15:06:18.605,"144100","1008","26.8","59.4","1005","72","23.3",
07/10/26 15:06:23.605,"145000","1008","26.8","59.4","1005","72","23.3",
07/10/26 15:06:28.605,"145000","1008","26.8","59.4","1005","72","23.3",
07/10/26 15:06:33.605,"145600","1008","26.9","59.4","1005","72","23.3",
07/10/26 15:06:38.605,"145000","1008","26.9","59.4","1005","72","23.3",
07/10/26 15:06:43.605,"145600","1008","26.8","59.4","1005","72","23.3",
07/10/26 15:06:48.606,"145300","1008","26.9","59.4","1005","72","23.3",
07/10/26 15:06:53.605,"144700","1008","26.9","59.4","1005","72","23.3",
07/10/26 15:06:58.605,"145300","1008","26.9","59.4","1005","72","23.3",
07/10/26 15:07:03.605,"145600","1008","26.9","59.4","1005","72","23.3",
07/10/26 15:07:08.605,"147200","1008","26.9","59.4","1005","72","23.3",
07/10/26 15:07:13.605,"147800","1008","26.9","59.4","1005","72","23.3",
07/10/26 15:07:18.605,"147500","1008","26.9","59.4","1005","72","23.3",
07/10/26 15:07:23.606,"145900","1008","26.9","59.4","1005","72","23.3",
07/10/26 15:07:28.605,"146800","1008","26.9","59.4","1005","72","23.3",
07/10/26 15:07:33.606,"146200","1008","26.9","59.3","1005","72","23.3",
07/10/26 15:07:38.605,"147200","1008","26.9","59.3","1005","72","23.3",
07/10/26 15:07:43.605,"147500","1008","26.9","59.4","1005","72","23.3",
07/10/26 15:07:48.606,"146800","1008","26.9","59.4","1005","72","23.3",
07/10/26 15:07:53.606,"147800","1008","26.9","59.4","1005","72","23.3",
07/10/26 15:07:58.605,"147200","1008","26.9","59.4","1005","72","23.3",
07/10/26 15:08:03.606,"146500","1008","26.9","59.3","1005","72","23.3",
07/10/26 15:08:08.605,"146200","1008","26.9","59.3","1005","72","23.3",
07/10/26 15:08:13.606,"146500","1008","26.9","59.3","1005","72","23.3",
07/10/26 15:08:18.605,"145900","1008","26.9","59.3","1005","72","23.3",
07/10/26 15:08:23.606,"145600","1008","26.9","59.3","1005","72","23.3",
07/10/26 15:08:28.606,"145600","1008","26.9","59.3","1005","72","23.3",
07/10/26 15:08:33.606,"146200","1008","26.9","59.3","1005","72","23.3",
07/10/26 15:08:38.606,"146500","1008","26.9","59.3","1005","72","23.3",
07/10/26 15:08:43.606,"147500","1008","26.9","59.3","1005","72","23.3",
07/10/26 15:08:48.606,"146200","1008","26.9","59.4","1005","72","23.3",
07/10/26 15:08:53.605,"146500","1008","26.9","59.3","1005","72","23.3",
07/10/26 15:08:58.606,"146200","1008","26.9","59.4","1005","72","23.3",
07/10/26 15:09:03.606,"146800","1008","26.9","59.4","1005","72","23.3",
07/10/26 15:09:08.606,"147500","1008","26.9","59.3","1005","72","23.3",
07/10/26 15:09:13.606,"147500","1008","26.9","59.3","1005","72","23.3",
07/10/26 15:09:18.606,"149200","1008","26.9","59.3","1005","72","23.3",
07/10/26 15:09:23.606,"148200","1008","26.9","59.3","1005","72","23.3",
07/10/26 15:09:28.606,"147800","1008","26.9","59.3","1005","72","23.3",
07/10/26 15:09:33.606,"146800","1008","26.9","59.3","1005","72","23.3",
07/10/26 15:09:38.606,"148500","1008","26.9","59.3","1005","72","23.3",
07/10/26 15:09:43.606,"148500","1008","26.9","59.4","1005","72","23.3",
07/10/26 15:09:48.607,"147800","1008","26.9","59.4","1005","72","23.3",
07/10/26 15:09:53.606,"149200","1008","26.9","59.4","1005","72","23.3",
07/10/26 15:09:58.606,"148200","1008","26.9","59.4","1005","72","23.3",
07/10/26 15:10:03.606,"147800","1008","26.9","59.4","1005","72","23.3",
07/10/26 15:10:08.606,"147500","1008","26.9","59.4","1005","72","23.3",
07/10/26 15:10:13.607,"147800","1008","26.9","59.4","1005","72","23.3",
07/10/26 15:10:18.607,"148800","1008","26.9","59.4","1005","72","23.3",
07/10/26 15:10:23.607,"148500","1008","26.9","59.4","1005","72","23.3",
07/10/26 15:10:28.607,"148500","1008","26.9","59.4","1005","72","23.3",
07/10/26 15:10:33.606,"149200","1008","26.9","59.4","1005","71","23.3",
07/10/26 15:10:38.606,"147800","1008","26.9","59.4","1005","72","23.3",
07/10/26 15:10:43.607,"148200","1008","26.9","59.4","1005","72","23.3",
07/10/26 15:10:48.607,"147500","1008","26.9","59.4","1005","72","23.3",
07/10/26 15:10:53.607,"148200","1008","26.9","59.4","1005","72","23.3",
07/10/26 15:10:58.607,"148200","1008","26.9","59.4","1005","72","23.3",
07/10/26 15:11:03.607,"148200","1008","26.9","59.4","1005","72","23.3",
07/10/26 15:11:08.607,"149200","1008","26.9","59.4","1005","72","23.3",
07/10/26 15:11:13.607,"148800","1008","26.9","59.4","1005","72","23.3",
07/10/26 15:11:18.607,"145600","1008","26.9","59.4","1005","72","23.3",
07/10/26 15:11:23.607,"143500","1008","26.9","59.4","1005","72","23.3",
07/10/26 15:11:28.607,"143200","1008","26.9","59.4","1005","72","23.3",
07/10/26 15:11:33.607,"145300","1008","26.9","59.4","1005","72","23.3",
07/10/26 15:11:38.607,"146500","1008","26.9","59.4","1005","72","23.3",
07/10/26 15:11:43.607,"147800","1008","26.9","59.4","1005","72","23.3",
07/10/26 15:11:48.607,"149500","1008","26.9","59.4","1005","72","23.3",
07/10/26 15:11:53.607,"148500","1008","26.9","59.4","1005","72","23.3",
07/10/26 15:11:58.607,"150500","1008","26.9","59.4","1005","72","23.3",
07/10/26 15:12:03.607,"150800","1008","26.9","59.5","1005","72","23.3",
07/10/26 15:12:08.607,"149200","1008","26.9","59.4","1005","72","23.3",
07/10/26 15:12:13.607,"149500","1008","26.9","59.4","1005","72","23.3",
07/10/26 15:12:18.607,"150200","1008","26.9","59.4","1005","72","23.3",
07/10/26 15:12:23.607,"149800","1008","26.9","59.4","1005","72","23.3",
07/10/26 15:12:28.607,"149500","1008","26.9","59.4","1005","72","23.3",
07/10/26 15:12:33.607,"149800","1008","26.9","59.4","1005","72","23.3",
07/10/26 15:12:38.607,"150200","1008","26.9","59.4","1005","72","23.3",
07/10/26 15:12:43.607,"150500","1008","26.9","59.4","1005","72","23.3",
07/10/26 15:12:48.607,"149800","1008","26.9","59.3","1005","72","23.3",
07/10/26 15:12:53.607,"150200","1008","26.9","59.4","1005","72","23.3",
07/10/26 15:12:58.607,"149500","1008","26.9","59.4","1005","72","23.4",
07/10/26 15:13:03.607,"148800","1008","26.9","59.3","1005","72","23.3",
07/10/26 15:13:08.607,"149800","1008","26.9","59.3","1005","72","23.3",
07/10/26 15:13:13.607,"148800","1008","26.9","59.3","1005","72","23.4",
07/10/26 15:13:18.608,"149200","1008","26.9","59.3","1005","72","23.4",
07/10/26 15:13:23.608,"149200","1008","26.9","59.3","1005","72","23.4",
07/10/26 15:13:28.607,"150200","1008","26.9","59.3","1005","72","23.4",
07/10/26 15:13:33.608,"151200","1008","26.9","59.4","1005","72","23.4",
07/10/26 15:13:38.607,"150500","1008","26.9","59.4","1005","72","23.4",
07/10/26 15:13:43.607,"149800","1008","26.9","59.4","1005","72","23.4",
07/10/26 15:13:48.608,"149200","1008","26.9","59.4","1005","72","23.4",
07/10/26 15:13:53.607,"149200","1008","26.9","59.4","1005","72","23.4",
07/10/26 15:13:58.608,"148500","1008","26.9","59.4","1005","72","23.4",
07/10/26 15:14:03.608,"148500","1008","26.9","59.4","1005","72","23.4",
07/10/26 15:14:08.608,"148800","1008","26.9","59.4","1005","72","23.4",
07/10/26 15:14:13.608,"148500","1008","26.9","59.4","1005","72","23.4",
07/10/26 15:14:18.608,"149800","1008","26.9","59.4","1005","72","23.4",
07/10/26 15:14:23.608,"150800","1008","26.9","59.4","1005","72","23.4",
07/10/26 15:14:28.608,"150200","1008","26.9","59.4","1005","72","23.4",
07/10/26 15:14:33.607,"149500","1008","26.9","59.4","1005","72","23.4",
07/10/26 15:14:38.607,"150200","1008","26.9","59.4","1005","72","23.4",
07/10/26 15:14:43.608,"148500","1008","26.9","59.4","1005","72","23.4",
07/10/26 15:14:48.608,"148800","1008","26.9","59.4","1005","72","23.4",
07/10/26 15:14:53.608,"148200","1008","26.9","59.4","1005","72","23.4",
07/10/26 15:14:58.608,"149500","1008","26.9","59.4","1005","72","23.4",
07/10/26 15:15:03.608,"149800","1008","26.9","59.4","1005","72","23.4",
07/10/26 15:15:08.608,"149500","1008","26.9","59.4","1005","72","23.4",
07/10/26 15:15:13.608,"148200","1008","26.9","59.4","1005","72","23.4",
07/10/26 15:15:18.608,"131400","1008","26.9","59.3","1005","72","23.4",
07/10/26 15:15:23.608,"94200","1008","26.9","59.3","1005","72","23.4",
07/10/26 15:15:28.608,"58800","1008","26.9","59.3","1005","72","23.4",
07/10/26 15:15:33.608,"38100","1008","27","59.3","1005","72","23.4",
07/10/26 15:15:38.608,"24800","1008","26.9","59.2","1005","72","23.4",
07/10/26 15:15:43.608,"16300","1008","26.9","59.2","1005","72","23.4",
07/10/26 15:15:48.608,"11500","1008","26.9","59.2","1005","72","23.4",
07/10/26 15:15:53.608,"9000","1008","26.9","59.2","1005","72","23.4",
07/10/26 15:15:58.608,"7400","1008","26.9","59.2","1005","72","23.4",
07/10/26 15:16:03.609,"6100","1008","26.9","59.2","1005","72","23.4",
07/10/26 15:16:08.609,"5200","1008","26.9","59.2","1005","72","23.4",
07/10/26 15:16:13.609,"4600","1008","26.9","59.2","1005","72","23.4",
07/10/26 15:16:18.608,"4000","1008","26.9","59.2","1005","72","23.4",
07/10/26 15:16:23.609,"3600","1008","26.9","59.2","1005","72","23.4",
07/10/26 15:16:28.608,"3200","1008","26.9","59.2","1005","72","23.4",
07/10/26 15:16:33.608,"3000","1008","27","59.2","1005","72","23.4",
07/10/26 15:16:38.609,"2700","1008","26.9","59.2","1005","72","23.4",
07/10/26 15:16:43.609,"2400","1008","26.9","59.2","1005","72","23.4",
07/10/26 15:16:48.609,"2300","1008","26.9","59.2","1005","72","23.4",
07/10/26 15:16:53.608,"2100","1008","26.9","59.2","1005","72","23.4",
07/10/26 15:16:58.609,"1900","1008","26.9","59.2","1005","72","23.4",
07/10/26 15:17:03.608,"1800","1008","27","59.2","1005","72","23.4",
07/10/26 15:17:08.608,"1700","1008","27","59.2","1005","72","23.4",
07/10/26 15:17:13.609,"1500","1008","26.9","59.2","1005","72","23.4",
07/10/26 15:17:18.609,"1400","1008","27","59.2","1005","72","23.4",
07/10/26 15:17:23.609,"1300","1008","27","59.2","1005","72","23.4",
07/10/26 15:17:28.609,"1200","1008","27","59.2","1005","72","23.4",
07/10/26 15:17:33.609,"1100","1008","27","59.2","1005","72","23.4",
07/10/26 15:17:38.609,"1100","1008","27","59.2","1005","72","23.4",
07/10/26 15:17:43.609,"1000","1008","27","59.2","1005","72","23.4",
07/10/26 15:17:48.609,"900","1008","27","59.2","1005","72","23.4",
07/10/26 15:17:53.611,"800","1008","27","59.2","1005","72","23.4",
07/10/26 15:17:58.611,"700","1008","27","59.2","1005","72","23.4",
07/10/26 15:18:03.611,"700","1008","27","59.2","1005","72","23.4",
07/10/26 15:18:08.611,"700","1008","27","59.2","1005","72","23.4",
07/10/26 15:18:13.612,"600","1008","27","59.2","1005","72","23.4",
07/10/26 15:18:18.612,"600","1008","27","59.2","1005","72","23.4",
07/10/26 15:18:23.611,"600","1008","27","59.2","1005","72","23.4",
07/10/26 15:18:28.611,"600","1008","27","59.1","1005","72","23.4",
07/10/26 15:18:33.611,"500","1008","27","59.1","1005","72","23.4",
07/10/26 15:18:38.612,"500","1008","27","59.2","1005","72","23.4",
07/10/26 15:18:43.611,"500","1008","27","59.1","1005","72","23.4",
07/10/26 15:18:48.611,"400","1008","27","59.2","1005","72","23.4",
07/10/26 15:18:53.612,"400","1008","27","59.1","1005","72","23.4",
07/10/26 15:18:58.612,"400","1008","27","59.1","1005","72","23.4",
07/10/26 15:19:03.612,"300","1008","27","59.1","1005","72","23.4",
07/10/26 15:19:08.612,"300","1008","27","59.1","1005","72","23.4",
07/10/26 15:19:13.612,"200","1008","27","59.1","1005","72","23.4",
07/10/26 15:19:18.612,"100","1008","27","59.1","1005","72","23.4",
07/10/26 15:19:23.611,"100","1008","27","59.2","1005","72","23.4",
07/10/26 15:19:28.612,"0","1008","27","59.2","1005","72","23.4",
07/10/26 15:19:33.612,"0","1008","27","59.2","1005","72","23.4",
07/10/26 15:19:38.612,"0","1008","27","59.2","1005","72","23.4",
07/10/26 15:19:43.612,"0","1008","27","59.2","1005","72","23.4",
07/10/26 15:19:48.611,"0","1008","27","59.2","1005","72","23.4",
07/10/26 15:19:53.612,"0","1008","27","59.2","1005","72","23.4",
07/10/26 15:19:58.612,"0","1008","27","59.2","1005","72","23.4",
07/10/26 15:20:03.612,"0","1008","27","59.2","1005","72","23.4",
07/10/26 15:20:08.612,"0","1008","27","59.2","1005","72","23.4",
07/10/26 15:20:13.612,"0","1008","27","59.2","1005","72","23.4",
07/10/26 15:20:18.613,"0","1008","27","59.2","1005","72","23.4",
07/10/26 15:20:23.612,"0","1008","27","59.2","1005","72","23.4",
07/10/26 15:20:28.612,"0","1008","27","59.1","1005","72","23.4",
07/10/26 15:20:33.612,"0","1008","27","59.2","1005","72","23.4",
07/10/26 15:20:38.613,"0","1008","27","59.2","1005","72","23.4",
07/10/26 15:20:43.613,"0","1008","27","59.1","1005","72","23.4",
07/10/26 15:20:48.612,"0","1008","27","59.1","1005","72","23.4",
07/10/26 15:20:53.613,"0","1008","27","59.1","1005","72","23.4",
07/10/26 15:20:58.613,"0","1008","27","59.1","1005","72","23.4",
07/10/26 15:21:03.613,"0","1008","27","59.1","1005","72","23.4",
07/10/26 15:21:08.613,"0","1008","27","59.2","1005","72","23.4",
07/10/26 15:21:13.613,"0","1008","27","59.2","1005","72","23.4",
07/10/26 15:21:18.613,"0","1008","27","59.2","1005","72","23.4",
07/10/26 15:21:23.613,"0","1008","27","59.2","1005","72","23.4",
07/10/26 15:21:28.613,"0","1008","27","59.1","1005","72","23.4",
07/10/26 15:21:33.613,"0","1008","27","59.1","1005","72","23.4",
07/10/26 15:21:38.613,"0","1008","27","59.1","1005","72","23.4",
07/10/26 15:21:43.613,"0","1008","27","59.1","1005","72","23.4",
07/10/26 15:21:48.613,"0","1008","27","59.1","1005","72","23.4",
07/10/26 15:21:53.613,"0","1008","27","59.1","1005","72","23.4",
07/10/26 15:21:58.613,"0","1008","27","59.1","1005","72","23.4",
07/10/26 15:22:03.613,"0","1008","27","59.1","1005","72","23.4",
07/10/26 15:22:08.613,"0","1008","27","59.1","1005","72","23.4",
07/10/26 15:22:13.613,"0","1008","27","59.1","1005","72","23.4",
07/10/26 15:22:18.613,"0","1008","27","59.1","1005","72","23.4",
07/10/26 15:22:23.613,"0","1008","27","59.1","1005","72","23.4",
07/10/26 15:22:28.614,"0","1008","27","59.1","1005","72","23.4",
07/10/26 15:22:33.614,"0","1008","27","59.1","1005","72","23.4",
07/10/26 15:22:38.613,"0","1008","27","59.1","1005","72","23.4",
07/10/26 15:22:43.613,"0","1008","27","59.1","1005","72","23.4",
07/10/26 15:22:48.613,"0","1008","27","59.1","1005","72","23.4",
07/10/26 15:22:53.613,"0","1008","27","59.1","1005","72","23.4",
07/10/26 15:22:58.614,"0","1008","27","59.1","1005","72","23.4",
07/10/26 15:23:03.613,"0","1008","27","59.1","1005","72","23.4",
07/10/26 15:23:08.613,"0","1008","27","59.1","1005","72","23.4",
07/10/26 15:23:13.614,"0","1008","27","59.1","1005","72","23.4",
07/10/26 15:23:18.614,"0","1008","27","59.1","1005","72","23.4",
07/10/26 15:23:23.614,"0","1008","27","59.1","1005","72","23.4",
07/10/26 15:23:28.614,"0","1008","27","59.1","1005","72","23.4",
07/10/26 15:23:33.613,"0","1008","27","59.1","1005","72","23.4",
07/10/26 15:23:38.614,"0","1008","27","59.1","1005","72","23.4",
07/10/26 15:23:43.613,"0","1008","27","59.1","1005","72","23.4",
07/10/26 15:23:48.614,"0","1008","27","59.1","1005","72","23.4",
07/10/26 15:23:53.614,"0","1008","27","59.1","1005","72","23.4",
07/10/26 15:23:58.613,"0","1008","27","59.1","1005","72","23.4",
07/10/26 15:24:03.614,"0","1008","27","59.1","1005","72","23.4",
07/10/26 15:24:08.614,"0","1008","27","59","1005","72","23.4",
07/10/26 15:24:13.614,"0","1008","27.1","59","1005","72","23.4",
07/10/26 15:24:18.614,"0","1008","27.1","59","1005","72","23.4",
07/10/26 15:24:23.614,"0","1008","27","59","1005","72","23.4",
07/10/26 15:24:28.614,"0","1008","27.1","59","1005","72","23.4",
07/10/26 15:24:33.614,"0","1008","27","59","1005","72","23.4",
07/10/26 15:24:38.614,"0","1008","27.1","59","1005","72","23.4",
07/10/26 15:24:43.614,"0","1008","27.1","59","1005","72","23.4",
07/10/26 15:24:48.614,"0","1008","27.1","59","1005","72","23.4",
07/10/26 15:24:53.615,"0","1008","27.1","59","1005","72","23.4",
07/10/26 15:24:58.615,"0","1008","27.1","59","1005","72","23.4",
07/10/26 15:25:03.614,"0","1008","27.1","59","1005","72","23.4",
07/10/26 15:25:08.614,"0","1008","27","59","1005","72","23.4",
07/10/26 15:25:13.614,"0","1008","27","59","1005","72","23.4",
07/10/26 15:25:18.614,"0","1008","27","59","1005","72","23.4",
07/10/26 15:25:23.614,"0","1008","27","59","1005","72","23.4",
07/10/26 15:25:28.615,"0","1008","27","59","1005","72","23.4",
07/10/26 15:25:33.615,"0","1008","27.1","59","1005","72","23.4",
07/10/26 15:25:38.615,"0","1008","27.1","58.9","1005","72","23.4",
07/10/26 15:25:43.615,"0","1008","27.1","58.9","1005","72","23.4",
07/10/26 15:25:48.615,"0","1008","27.1","58.9","1005","71","23.4",
07/10/26 15:25:53.615,"0","1008","27.1","58.9","1005","72","23.4",
07/10/26 15:25:58.616,"0","1008","27.1","58.9","1005","71","23.4",
07/10/26 15:26:03.616,"0","1008","27.1","58.9","1005","71","23.4",
07/10/26 15:26:08.616,"0","1008","27.1","58.9","1005","71","23.4",
07/10/26 15:26:13.616,"0","1008","27.1","58.9","1005","71","23.4",
07/10/26 15:26:18.616,"0","1008","27.1","58.9","1005","71","23.4",
07/10/26 15:26:23.616,"0","1008","27.1","58.9","1005","72","23.4",
07/10/26 15:26:28.616,"0","1008","27","58.9","1005","72","23.4",
07/10/26 15:26:33.616,"0","1008","27","58.9","1005","72","23.4",
07/10/26 15:26:38.616,"0","1008","27.1","59","1005","72","23.4",
07/10/26 15:26:43.615,"0","1008","27.1","59","1005","72","23.4",
07/10/26 15:26:48.615,"0","1008","27","59","1005","72","23.4",
07/10/26 15:26:53.616,"0","1008","27.1","59","1005","72","23.4",
07/10/26 15:26:58.616,"0","1008","27.1","59","1005","72","23.4",
07/10/26 15:27:03.615,"0","1008","27.1","58.9","1005","72","23.4",
07/10/26 15:27:08.616,"0","1008","27.1","59","1005","72","23.4",
07/10/26 15:27:13.616,"0","1008","27.1","59","1005","72","23.4",
07/10/26 15:27:18.616,"0","1008","27.1","59","1005","72","23.5",
07/10/26 15:27:23.616,"0","1008","27.1","59","1005","72","23.5",
07/10/26 15:27:28.616,"0","1008","27.1","59","1005","72","23.4",
07/10/26 15:27:33.616,"0","1008","27.1","59","1005","72","23.5",
07/10/26 15:27:38.616,"0","1008","27.1","59","1005","72","23.5",
07/10/26 15:27:43.616,"0","1008","27.1","58.9","1005","72","23.5",
07/10/26 15:27:48.616,"0","1008","27.1","58.9","1005","72","23.5",
07/10/26 15:27:53.616,"0","1008","27.1","58.9","1005","72","23.5",
07/10/26 15:27:58.617,"0","1008","27.1","58.9","1005","72","23.5",
07/10/26 15:28:03.616,"0","1008","27.1","58.9","1005","72","23.5",
07/10/26 15:28:08.616,"0","1008","27.1","58.9","1005","72","23.5",
07/10/26 15:28:13.616,"0","1008","27.1","58.9","1005","71","23.5",
07/10/26 15:28:18.616,"0","1008","27.1","58.9","1005","72","23.5",
07/10/26 15:28:23.616,"0","1008","27.1","58.9","1005","72","23.5",
07/10/26 15:28:28.616,"0","1008","27.1","58.9","1005","71","23.5",
07/10/26 15:28:33.617,"0","1008","27.1","58.9","1005","71","23.5",
07/10/26 15:28:38.616,"0","1008","27.1","58.9","1005","71","23.5",
07/10/26 15:28:43.616,"0","1008","27.1","58.9","1005","71","23.5",
07/10/26 15:28:48.616,"0","1008","27.1","58.9","1005","71","23.5",
07/10/26 15:28:53.616,"0","1008","27.1","58.9","1005","71","23.5",
07/10/26 15:28:58.616,"0","1008","27.1","58.9","1005","71","23.5",
07/10/26 15:29:03.617,"0","1008","27.1","58.9","1005","71","23.5",
07/10/26 15:29:08.617,"0","1008","27.1","58.9","1005","71","23.5",
07/10/26 15:29:13.617,"0","1008","27.1","58.9","1005","71","23.5",
07/10/26 15:29:18.617,"0","1008","27.1","58.9","1005","71","23.5",
07/10/26 15:29:23.617,"0","1008","27.1","58.9","1005","71","23.5",
07/10/26 15:29:28.617,"0","1008","27.1","58.9","1005","71","23.5",
07/10/26 15:29:33.617,"0","1008","27.1","58.9","1005","71","23.5",
07/10/26 15:29:38.616,"0","1008","27.1","58.9","1005","71","23.5",
07/10/26 15:29:43.617,"0","1008","27.1","58.9","1005","71","23.5",
07/10/26 15:29:48.617,"0","1008","27.1","58.9","1005","71","23.5",
07/10/26 15:29:53.617,"0","1008","27.1","58.9","1005","71","23.5",
07/10/26 15:29:58.617,"0","1008","27.1","58.9","1005","71","23.5",
07/10/26 15:30:03.617,"0","1008","27.1","58.9","1005","71","23.5",
07/10/26 15:30:08.617,"0","1008","27.1","58.9","1005","71","23.5",
07/10/26 15:30:13.617,"0","1008","27.1","58.9","1005","71","23.5",
07/10/26 15:30:18.617,"0","1008","27.1","58.9","1005","71","23.5",
07/10/26 15:30:23.617,"0","1008","27.1","58.9","1005","71","23.5",
07/10/26 15:30:28.617,"0","1008","27.1","58.9","1005","71","23.5",
07/10/26 15:30:33.618,"0","1008","27.1","58.9","1005","71","23.5",
07/10/26 15:30:38.618,"0","1008","27.1","58.9","1005","71","23.5",
07/10/26 15:30:43.617,"0","1008","27.1","58.9","1005","71","23.5",
07/10/26 15:30:48.618,"0","1008","27.1","58.9","1005","71","23.5",
07/10/26 15:30:53.617,"0","1008","27.1","58.9","1005","71","23.5",
07/10/26 15:30:58.617,"0","1008","27.1","58.9","1005","71","23.5",
07/10/26 15:31:03.618,"0","1008","27.1","58.9","1005","71","23.5",
07/10/26 15:31:08.617,"0","1008","27.1","58.9","1005","71","23.5",
07/10/26 15:31:13.618,"0","1008","27.1","58.9","1005","71","23.5",
07/10/26 15:31:18.617,"0","1008","27.1","58.9","1005","71","23.5",
07/10/26 15:31:23.617,"0","1008","27.1","58.9","1005","71","23.5",
07/10/26 15:31:28.618,"0","1008","27.1","58.9","1005","71","23.5",
07/10/26 15:31:33.617,"0","1008","27.1","58.9","1005","71","23.5",
07/10/26 15:31:38.618,"0","1008","27.1","58.9","1005","71","23.5",
07/10/26 15:31:43.618,"0","1008","27.1","58.9","1005","71","23.5",
07/10/26 15:31:48.618,"0","1008","27.1","58.9","1005","71","23.5",
07/10/26 15:31:53.618,"0","1008","27.1","58.9","1005","71","23.5",
07/10/26 15:31:58.618,"0","1008","27.1","58.9","1005","71","23.5",
07/10/26 15:32:03.618,"0","1008","27.1","58.9","1004","71","23.5",
07/10/26 15:32:08.618,"0","1008","27.1","58.9","1005","71","23.5",
07/10/26 15:32:13.618,"0","1008","27.1","58.9","1005","71","23.5",
07/10/26 15:32:18.618,"0","1008","27.1","58.9","1004","71","23.5",
07/10/26 15:32:23.618,"0","1008","27.1","58.8","1005","71","23.5",
07/10/26 15:32:28.618,"0","1008","27.1","58.8","1005","71","23.5",
07/10/26 15:32:33.618,"0","1008","27.1","58.8","1005","71","23.5",
07/10/26 15:32:38.617,"0","1008","27.1","58.8","1005","71","23.5",
07/10/26 15:32:43.618,"0","1008","27.1","58.8","1005","71","23.5",
07/10/26 15:32:48.618,"0","1008","27.1","58.8","1005","71","23.5",
07/10/26 15:32:53.618,"0","1008","27.1","58.8","1005","71","23.5",
07/10/26 15:32:58.619,"0","1008","27.1","58.9","1005","71","23.5",
07/10/26 15:33:03.618,"0","1008","27.1","58.8","1005","71","23.5",
07/10/26 15:33:08.619,"0","1008","27.1","58.8","1005","71","23.5",
07/10/26 15:33:13.619,"0","1008","27.1","58.8","1004","71","23.5",
07/10/26 15:33:18.618,"0","1008","27.1","58.8","1005","71","23.5",
07/10/26 15:33:23.618,"0","1008","27.1","58.8","1005","71","23.5",
07/10/26 15:33:28.618,"0","1008","27.1","58.8","1005","71","23.5",
07/10/26 15:33:33.619,"0","1008","27.1","58.8","1005","71","23.5",
07/10/26 15:33:38.618,"0","1008","27.1","59","1005","71","23.5",
07/10/26 15:33:43.619,"0","1008","27.1","58.8","1005","71","23.5",
07/10/26 15:33:48.618,"0","1008","27.1","58.8","1005","71","23.5",
07/10/26 15:33:53.618,"0","1008","27.1","58.8","1004","71","23.5",
07/10/26 15:33:58.619,"0","1008","27.1","58.8","1005","71","23.5",
07/10/26 15:34:03.619,"0","1008","27.1","58.8","1004","71","23.5",
07/10/26 15:34:08.619,"0","1008","27.1","58.8","1004","71","23.5",
07/10/26 15:34:13.619,"0","1008","27.1","58.8","1005","71","23.5",
07/10/26 15:34:18.619,"0","1008","27.1","58.9","1004","71","23.5",
07/10/26 15:34:23.619,"0","1008","27.1","58.9","1004","71","23.5",
07/10/26 15:34:28.618,"0","1008","27.1","58.9","1005","71","23.5",
07/10/26 15:34:33.619,"0","1008","27.1","58.9","1004","71","23.5",
07/10/26 15:34:38.619,"0","1008","27.1","59","1004","71","23.5",
07/10/26 15:34:43.619,"0","1008","27.1","59","1004","72","23.5",
07/10/26 15:34:48.619,"0","1008","27.1","59.1","1004","72","23.5",
07/10/26 15:34:53.619,"0","1008","27.1","59.1","1004","72","23.5",
07/10/26 15:34:58.619,"0","1008","27.1","59","1004","72","23.5",
07/10/26 15:35:03.619,"0","1008","27.1","59","1004","72","23.5",
07/10/26 15:35:08.619,"0","1008","27.1","58.9","1004","71","23.5",
07/10/26 15:35:13.619,"0","1008","27.1","58.9","1004","71","23.5",
07/10/26 15:35:18.619,"0","1008","27.1","58.9","1004","71","23.5",
07/10/26 15:35:23.619,"0","1008","27.1","58.9","1004","71","23.5",
07/10/26 15:35:28.619,"0","1008","27.1","58.9","1004","71","23.5",
07/10/26 15:35:33.619,"0","1008","27.1","58.9","1005","71","23.5",
07/10/26 15:35:38.619,"0","1008","27.1","58.9","1004","71","23.5",
07/10/26 15:35:43.619,"0","1008","27.1","58.8","1004","71","23.5",
07/10/26 15:35:48.620,"0","1008","27.1","58.8","1004","71","23.5",
07/10/26 15:35:53.619,"0","1008","27.1","58.8","1004","71","23.5",
07/10/26 15:35:58.619,"0","1008","27.1","58.8","1004","71","23.5",
07/10/26 15:36:03.620,"0","1008","27.1","58.8","1004","71","23.5",
07/10/26 15:36:08.619,"0","1008","27.1","58.8","1004","71","23.5",
07/10/26 15:36:13.620,"0","1008","27.1","58.8","1004","71","23.5",
07/10/26 15:36:18.620,"0","1008","27.1","58.8","1004","71","23.5",
07/10/26 15:36:23.620,"0","1008","27.1","58.8","1004","71","23.5",
07/10/26 15:36:28.620,"0","1008","27.1","58.8","1004","71","23.5",
07/10/26 15:36:33.620,"0","1008","27.1","58.8","1004","71","23.5",
07/10/26 15:36:38.620,"0","1008","27.2","58.8","1004","71","23.5",
07/10/26 15:36:43.619,"0","1008","27.2","58.8","1004","71","23.5",
07/10/26 15:36:48.619,"0","1008","27.1","58.8","1004","71","23.5",
07/10/26 15:36:53.619,"0","1008","27.1","58.8","1004","71","23.5",
07/10/26 15:36:58.619,"0","1008","27.1","58.8","1005","71","23.5",
07/10/26 15:37:03.619,"0","1008","27.1","58.8","1004","71","23.5",
07/10/26 15:37:08.619,"0","1008","27.1","58.8","1004","71","23.5",
07/10/26 15:37:13.620,"0","1008","27.1","58.8","1004","71","23.5",
07/10/26 15:37:18.619,"0","1008","27.2","58.8","1004","71","23.5",
07/10/26 15:37:23.620,"0","1008","27.1","58.8","1004","71","23.5",
07/10/26 15:37:28.620,"0","1008","27.1","58.8","1004","71","23.5",
07/10/26 15:37:33.620,"0","1008","27.2","58.8","1004","71","23.5",
07/10/26 15:37:38.620,"400","1008","27.2","58.8","1004","71","23.5",
07/10/26 15:37:43.620,"700","1008","27.2","58.8","1004","71","23.5",
07/10/26 15:37:48.620,"1200","1008","27.2","58.8","1004","71","23.6",
07/10/26 15:37:53.620,"1900","1008","27.2","58.8","1004","71","23.5",
07/10/26 15:37:58.620,"2900","1008","27.2","58.8","1004","71","23.5",
07/10/26 15:38:03.620,"3900","1008","27.2","58.7","1004","71","23.5",
07/10/26 15:38:08.620,"5000","1008","27.2","58.8","1004","71","23.5",
07/10/26 15:38:13.620,"5900","1008","27.2","58.7","1004","71","23.5",
07/10/26 15:38:18.620,"7000","1008","27.2","58.8","1004","71","23.6",
07/10/26 15:38:23.620,"7900","1008","27.2","58.7","1004","71","23.5",
07/10/26 15:38:28.621,"8900","1008","27.2","58.7","1004","71","23.6",
07/10/26 15:38:33.620,"9900","1008","27.2","58.7","1004","71","23.5",
07/10/26 15:38:38.620,"10800","1008","27.2","58.8","1004","71","23.5",
07/10/26 15:38:43.620,"12000","1008","27.2","58.8","1004","71","23.5",
07/10/26 15:38:48.620,"13000","1008","27.2","58.7","1004","71","23.5",
07/10/26 15:38:53.620,"13900","1008","27.2","58.7","1004","71","23.5",
07/10/26 15:38:58.620,"15000","1008","27.2","58.7","1004","71","23.5",
07/10/26 15:39:03.620,"16200","1008","27.2","58.7","1004","71","23.6",
07/10/26 15:39:08.621,"17300","1008","27.2","58.7","1004","71","23.6",
07/10/26 15:39:13.620,"18500","1008","27.2","58.7","1004","71","23.6",
07/10/26 15:39:18.621,"19400","1008","27.2","58.8","1004","71","23.5",
07/10/26 15:39:23.621,"20500","1008","27.2","58.8","1004","71","23.6",
07/10/26 15:39:28.620,"21500","1008","27.2","58.8","1004","71","23.6",
07/10/26 15:39:33.620,"22600","1008","27.2","58.8","1004","71","23.6",
07/10/26 15:39:38.621,"23600","1008","27.1","58.8","1004","71","23.6",
07/10/26 15:39:43.620,"24800","1008","27.1","58.8","1004","71","23.6",
07/10/26 15:39:48.621,"25800","1008","27.2","58.8","1004","71","23.6",
07/10/26 15:39:53.621,"26800","1008","27.2","58.8","1004","71","23.6",
07/10/26 15:39:58.621,"28000","1008","27.1","58.8","1004","71","23.6",
07/10/26 15:40:03.621,"29100","1007","27.2","58.8","1004","71","23.5",
07/10/26 15:40:08.621,"30200","1008","27.1","58.8","1004","71","23.6",
07/10/26 15:40:13.621,"31100","1008","27.2","58.8","1004","71","23.6",
07/10/26 15:40:18.621,"32100","1008","27.1","58.8","1004","71","23.6",
07/10/26 15:40:23.621,"33300","1008","27.2","58.8","1004","71","23.6",
07/10/26 15:40:28.621,"34100","1008","27.2","58.8","1004","71","23.6",
07/10/26 15:40:33.621,"35000","1008","27.1","58.8","1004","71","23.6",
07/10/26 15:40:38.621,"36000","1008","27.1","58.8","1004","71","23.6",
07/10/26 15:40:43.621,"36800","1008","27.2","58.8","1004","71","23.6",
07/10/26 15:40:48.622,"37900","1008","27.2","58.8","1004","71","23.6",
07/10/26 15:40:53.622,"38900","1008","27.2","58.8","1004","71","23.6",
07/10/26 15:40:58.621,"39600","1008","27.2","58.8","1004","71","23.6",
07/10/26 15:41:03.622,"40700","1008","27.2","58.8","1004","71","23.6",
07/10/26 15:41:08.622,"41300","1008","27.2","58.8","1004","71","23.6",
07/10/26 15:41:13.621,"42300","1008","27.2","58.8","1004","71","23.6",
07/10/26 15:41:18.621,"43400","1008","27.2","58.8","1004","71","23.6",
07/10/26 15:41:23.622,"44100","1008","27.2","58.8","1004","71","23.6",
07/10/26 15:41:28.622,"45500","1008","27.2","58.8","1004","71","23.6",
07/10/26 15:41:33.622,"46300","1008","27.2","58.8","1004","71","23.6",
07/10/26 15:41:38.622,"47200","1008","27.2","58.8","1004","71","23.6",
07/10/26 15:41:43.621,"48000","1008","27.2","58.8","1004","71","23.6",
07/10/26 15:41:48.621,"48700","1008","27.2","58.7","1004","71","23.6",
07/10/26 15:41:53.622,"49200","1008","27.2","58.7","1004","71","23.6",
07/10/26 15:41:58.622,"50400","1008","27.2","58.8","1004","71","23.6",
07/10/26 15:42:03.621,"51200","1008","27.2","58.8","1004","71","23.6",
07/10/26 15:42:08.621,"51800","1008","27.2","58.8","1004","71","23.6",
07/10/26 15:42:13.622,"52700","1008","27.2","58.8","1004","71","23.6",
07/10/26 15:42:18.621,"53500","1008","27.2","58.8","1004","71","23.6",
07/10/26 15:42:23.622,"54300","1008","27.2","58.8","1004","71","23.6",
07/10/26 15:42:28.621,"54900","1008","27.2","58.8","1004","71","23.6",
07/10/26 15:42:33.622,"55600","1008","27.2","58.8","1004","71","23.6",
07/10/26 15:42:38.622,"56000","1008","27.2","58.8","1004","71","23.6",
07/10/26 15:42:43.622,"57000","1008","27.2","58.8","1004","71","23.6",
07/10/26 15:42:48.622,"57600","1008","27.2","58.8","1004","71","23.6",
07/10/26 15:42:53.622,"58500","1008","27.2","58.8","1004","71","23.6",
07/10/26 15:42:58.622,"59400","1008","27.2","58.8","1004","71","23.6",
07/10/26 15:43:03.622,"60500","1008","27.2","58.8","1004","71","23.6",
07/10/26 15:43:08.622,"61000","1008","27.2","58.8","1004","71","23.6",
07/10/26 15:43:13.622,"61500","1008","27.2","58.8","1004","71","23.6",
07/10/26 15:43:18.622,"62300","1008","27.2","58.8","1004","71","23.6",
07/10/26 15:43:23.623,"63000","1008","27.2","58.8","1004","71","23.6",
07/10/26 15:43:28.622,"64200","1008","27.2","58.8","1004","71","23.6",
07/10/26 15:43:33.622,"64300","1008","27.2","58.8","1004","71","23.6",
07/10/26 15:43:38.622,"65200","1008","27.2","58.8","1004","71","23.6",
07/10/26 15:43:43.622,"66200","1008","27.2","58.8","1004","71","23.6",
07/10/26 15:43:48.622,"66900","1008","27.2","58.8","1004","71","23.6",
07/10/26 15:43:53.623,"67800","1008","27.2","58.7","1004","71","23.6",
07/10/26 15:43:58.623,"68600","1008","27.2","58.7","1004","71","23.6",
07/10/26 15:44:03.622,"69400","1008","27.2","58.8","1004","71","23.6",
07/10/26 15:44:08.622,"70300","1008","27.2","58.8","1004","71","23.6",
07/10/26 15:44:13.623,"70900","1008","27.2","58.8","1004","71","23.6",
07/10/26 15:44:18.623,"71600","1008","27.2","58.8","1004","71","23.6",
07/10/26 15:44:23.622,"73100","1008","27.2","58.7","1004","71","23.6",
07/10/26 15:44:28.623,"73700","1008","27.2","58.8","1004","71","23.6",
07/10/26 15:44:33.622,"73900","1008","27.2","58.7","1004","71","23.6",
07/10/26 15:44:38.623,"75100","1008","27.2","58.7","1004","71","23.6",
07/10/26 15:44:43.622,"75800","1008","27.2","58.7","1004","71","23.6",
07/10/26 15:44:48.622,"76800","1008","27.2","58.7","1004","71","23.6",
07/10/26 15:44:53.623,"76800","1008","27.2","58.7","1004","71","23.6",
07/10/26 15:44:58.622,"77000","1008","27.2","58.7","1004","71","23.6",
07/10/26 15:45:03.623,"77700","1008","27.2","58.7","1004","71","23.6",
07/10/26 15:45:08.622,"78000","1008","27.2","58.7","1004","71","23.6",
07/10/26 15:45:13.623,"78500","1008","27.2","58.7","1004","71","23.6",
07/10/26 15:45:18.623,"78900","1008","27.2","58.7","1004","71","23.6",
07/10/26 15:45:23.623,"79400","1008","27.2","58.7","1004","71","23.6",
07/10/26 15:45:28.623,"79900","1008","27.2","58.7","1004","71","23.6",
07/10/26 15:45:33.623,"80500","1008","27.2","58.7","1004","71","23.6",
07/10/26 15:45:38.623,"81200","1008","27.2","58.7","1004","71","23.6",
07/10/26 15:45:43.623,"81800","1008","27.2","58.7","1004","71","23.6",
07/10/26 15:45:48.623,"82700","1008","27.2","58.7","1004","71","23.6",
07/10/26 15:45:53.623,"83400","1008","27.2","58.7","1004","71","23.6",
07/10/26 15:45:58.623,"83700","1008","27.2","58.7","1004","71","23.6",
07/10/26 15:46:03.623,"84000","1008","27.2","58.7","1004","71","23.6",
07/10/26 15:46:08.623,"84400","1008","27.2","58.7","1004","71","23.6",
07/10/26 15:46:13.623,"85200","1008","27.2","58.6","1004","71","23.6",
07/10/26 15:46:18.623,"85200","1008","27.2","58.6","1004","71","23.6",
07/10/26 15:46:23.623,"86100","1008","27.2","58.6","1004","71","23.6",
07/10/26 15:46:28.624,"87100","1008","27.2","58.6","1004","71","23.6",
07/10/26 15:46:33.623,"87100","1008","27.2","58.6","1004","71","23.6",
07/10/26 15:46:38.624,"87600","1008","27.2","58.7","1004","71","23.6",
07/10/26 15:46:43.623,"87800","1008","27.2","58.7","1004","71","23.6",
07/10/26 15:46:48.623,"88300","1008","27.2","58.7","1004","71","23.6",
07/10/26 15:46:53.623,"88600","1008","27.2","58.7","1004","71","23.6",
07/10/26 15:46:58.623,"88900","1008","27.2","58.7","1004","71","23.6",
07/10/26 15:47:03.624,"89400","1008","27.2","58.7","1004","71","23.6",
07/10/26 15:47:08.623,"89900","1008","27.2","58.7","1004","71","23.6",
07/10/26 15:47:13.624,"90300","1008","27.2","58.7","1004","71","23.6",
07/10/26 15:47:18.623,"91100","1008","27.2","58.7","1004","71","23.6",
07/10/26 15:47:23.624,"91100","1008","27.2","58.7","1004","71","23.6",
07/10/26 15:47:28.623,"91700","1008","27.2","58.7","1004","71","23.6",
07/10/26 15:47:33.623,"92000","1008","27.2","58.7","1004","71","23.6",
07/10/26 15:47:38.624,"92300","1008","27.2","58.7","1004","71","23.6",
07/10/26 15:47:43.624,"92300","1008","27.2","58.7","1004","71","23.6",
07/10/26 15:47:48.624,"93000","1008","27.2","58.7","1004","71","23.6",
07/10/26 15:47:53.624,"92700","1008","27.2","58.7","1004","71","23.6",
07/10/26 15:47:58.624,"93900","1008","27.2","58.7","1004","71","23.6",
07/10/26 15:48:03.624,"94900","1008","27.2","58.7","1004","71","23.6",
07/10/26 15:48:08.624,"95100","1008","27.2","58.7","1004","71","23.6",
07/10/26 15:48:13.624,"95100","1008","27.2","58.7","1004","71","23.6",
07/10/26 15:48:18.624,"95500","1008","27.2","58.7","1004","71","23.6",
07/10/26 15:48:23.624,"95500","1008","27.2","58.7","1004","71","23.6",
07/10/26 15:48:28.624,"96600","1008","27.2","58.7","1004","71","23.6",
07/10/26 15:48:33.624,"96900","1008","27.2","58.7","1004","71","23.6",
07/10/26 15:48:38.624,"96200","1008","27.2","58.7","1004","71","23.6",
07/10/26 15:48:43.624,"96800","1008","27.2","58.7","1004","71","23.6",
07/10/26 15:48:48.624,"97300","1008","27.2","58.7","1004","71","23.6",
07/10/26 15:48:53.625,"97800","1008","27.2","58.7","1004","71","23.6",
07/10/26 15:48:58.624,"98600","1008","27.2","58.7","1004","71","23.6",
07/10/26 15:49:03.625,"98600","1008","27.2","58.7","1004","71","23.6",
07/10/26 15:49:08.624,"99300","1008","27.2","58.7","1004","71","23.6",
07/10/26 15:49:13.624,"98900","1008","27.2","58.7","1004","71","23.6",
07/10/26 15:49:18.625,"99100","1008","27.2","58.7","1004","71","23.6",
07/10/26 15:49:23.625,"99700","1008","27.2","58.7","1004","71","23.6",
07/10/26 15:49:28.624,"100200","1008","27.2","58.7","1004","71","23.6",
07/10/26 15:49:33.625,"100600","1008","27.2","58.7","1004","71","23.6",
07/10/26 15:49:38.624,"101000","1008","27.2","58.7","1004","71","23.6",
07/10/26 15:49:43.624,"101900","1008","27.2","58.7","1004","71","23.6",
07/10/26 15:49:48.625,"101900","1008","27.2","58.7","1004","71","23.6",
07/10/26 15:49:53.625,"102100","1008","27.2","58.7","1004","71","23.6",
07/10/26 15:49:58.624,"102500","1008","27.2","58.7","1004","71","23.6",
07/10/26 15:50:03.625,"102500","1008","27.2","58.7","1004","71","23.6",
07/10/26 15:50:08.625,"103300","1008","27.2","58.7","1004","71","23.6",
07/10/26 15:50:13.625,"103100","1008","27.2","58.7","1004","71","23.6",
07/10/26 15:50:18.625,"102900","1008","27.2","58.7","1004","71","23.6",
07/10/26 15:50:23.625,"103900","1008","27.2","58.7","1004","71","23.6",
07/10/26 15:50:28.625,"103300","1008","27.2","58.7","1004","71","23.6",
07/10/26 15:50:33.625,"102700","1008","27.2","58.7","1004","71","23.6",
07/10/26 15:50:38.625,"103700","1008","27.2","58.7","1004","71","23.6",
07/10/26 15:50:43.625,"104300","1008","27.2","58.7","1004","71","23.6",
07/10/26 15:50:48.625,"104700","1008","27.2","58.7","1004","71","23.6",
07/10/26 15:50:53.625,"105000","1008","27.2","58.7","1004","71","23.6",
07/10/26 15:50:58.625,"105400","1008","27.2","58.7","1004","71","23.6",
07/10/26 15:51:03.625,"105400","1008","27.2","58.7","1004","71","23.6",
07/10/26 15:51:08.625,"106000","1008","27.2","58.7","1004","71","23.6",
07/10/26 15:51:13.625,"105600","1008","27.2","58.7","1004","71","23.6",
07/10/26 15:51:18.625,"106200","1008","27.2","58.7","1004","71","23.6",
07/10/26 15:51:23.625,"106400","1008","27.2","58.7","1004","71","23.6",
07/10/26 15:51:28.625,"107000","1008","27.2","58.6","1004","71","23.6",
07/10/26 15:51:33.625,"106800","1008","27.2","58.6","1005","71","23.6",
07/10/26 15:51:38.626,"107400","1008","27.2","58.6","1004","71","23.6",
07/10/26 15:51:43.625,"108100","1008","27.2","58.7","1004","71","23.6",
07/10/26 15:51:48.625,"108100","1008","27.2","58.7","1004","71","23.6",
07/10/26 15:51:53.626,"107800","1008","27.2","58.7","1004","71","23.6",
07/10/26 15:51:58.625,"108300","1008","27.2","58.6","1004","71","23.6",
07/10/26 15:52:03.626,"108300","1008","27.2","58.7","1004","71","23.6",
07/10/26 15:52:08.626,"108700","1008","27.2","58.6","1004","71","23.6",
07/10/26 15:52:13.626,"108700","1008","27.2","58.6","1004","71","23.6",
07/10/26 15:52:18.625,"109700","1008","27.2","58.6","1004","71","23.6",
07/10/26 15:52:23.625,"109500","1008","27.2","58.6","1004","71","23.6",
07/10/26 15:52:28.626,"110300","1008","27.2","58.6","1004","71","23.6",
07/10/26 15:52:33.626,"109900","1008","27.2","58.6","1004","71","23.6",
07/10/26 15:52:38.626,"109700","1008","27.2","58.6","1004","71","23.6",
07/10/26 15:52:43.626,"109500","1008","27.2","58.6","1005","71","23.6",
07/10/26 15:52:48.625,"110100","1008","27.2","58.6","1004","71","23.6",
07/10/26 15:52:53.625,"109700","1008","27.2","58.6","1004","71","23.6",
07/10/26 15:52:58.626,"110500","1008","27.2","58.6","1004","71","23.6",
07/10/26 15:53:03.626,"111400","1008","27.2","58.6","1004","71","23.6",
07/10/26 15:53:08.626,"110700","1008","27.2","58.6","1004","71","23.6",
07/10/26 15:53:13.626,"110900","1008","27.2","58.6","1005","71","23.6",
07/10/26 15:53:18.626,"112000","1008","27.2","58.6","1005","71","23.6",
07/10/26 15:53:23.626,"112200","1008","27.2","58.6","1004","71","23.6",
07/10/26 15:53:28.626,"113200","1008","27.2","58.6","1004","71","23.6",
07/10/26 15:53:33.626,"113200","1008","27.2","58.6","1005","71","23.6",
07/10/26 15:53:38.626,"112400","1008","27.2","58.6","1004","71","23.6",
07/10/26 15:53:43.626,"112000","1008","27.2","58.6","1004","71","23.6",
07/10/26 15:53:48.626,"112600","1008","27.2","58.6","1005","71","23.6",
07/10/26 15:53:53.626,"112600","1008","27.2","58.6","1004","71","23.6",
07/10/26 15:53:58.626,"113500","1008","27.2","58.6","1004","71","23.6",
07/10/26 15:54:03.626,"112800","1008","27.2","58.6","1004","71","23.6",
07/10/26 15:54:08.626,"113200","1008","27.2","58.6","1005","71","23.6",
07/10/26 15:54:13.626,"113700","1008","27.2","58.6","1005","71","23.6",
07/10/26 15:54:18.627,"113900","1008","27.2","58.6","1005","71","23.6",
07/10/26 15:54:23.650,"113500","1008","27.2","58.6","1005","71","23.6",
07/10/26 15:54:28.626,"113900","1008","27.2","58.6","1004","71","23.6",
07/10/26 15:54:33.626,"113700","1008","27.2","58.6","1005","71","23.6",
07/10/26 15:54:38.627,"114600","1008","27.2","58.6","1005","71","23.6",
07/10/26 15:54:43.626,"115300","1008","27.2","58.6","1004","71","23.6",
07/10/26 15:54:48.627,"115300","1008","27.2","58.6","1004","71","23.6",
07/10/26 15:54:53.626,"114800","1008","27.2","58.6","1004","71","23.6",
07/10/26 15:54:58.626,"115500","1008","27.2","58.6","1004","71","23.6",
07/10/26 15:55:03.627,"115900","1008","27.2","58.6","1004","71","23.6",
07/10/26 15:55:08.627,"115700","1008","27.2","58.6","1004","71","23.6",
07/10/26 15:55:13.626,"115700","1008","27.2","58.6","1004","71","23.6",
07/10/26 15:55:18.627,"116200","1008","27.2","58.6","1005","71","23.6",
07/10/26 15:55:23.626,"115700","1008","27.2","58.6","1005","71","23.6",
07/10/26 15:55:28.626,"116200","1008","27.3","58.6","1004","71","23.6",
07/10/26 15:55:33.627,"116400","1008","27.2","58.5","1005","71","23.6",
07/10/26 15:55:38.627,"116800","1008","27.2","58.5","1005","71","23.6",
07/10/26 15:55:43.626,"116600","1008","27.2","58.5","1005","71","23.6",
07/10/26 15:55:48.627,"117100","1008","27.2","58.5","1005","71","23.6",
07/10/26 15:55:53.627,"117300","1008","27.3","58.5","1005","71","23.6",
07/10/26 15:55:58.627,"116600","1008","27.2","58.5","1004","71","23.6",
07/10/26 15:56:03.627,"116600","1008","27.2","58.5","1005","71","23.6",
07/10/26 15:56:08.687,"116800","1008","27.2","58.5","1004","71","23.6",
07/10/26 15:56:13.627,"117300","1008","27.3","58.5","1005","71","23.6",
07/10/26 15:56:18.627,"117700","1008","27.3","58.5","1005","71","23.6",
07/10/26 15:56:23.627,"118200","1008","27.3","58.5","1004","71","23.6",
07/10/26 15:56:28.627,"118000","1008","27.3","58.5","1004","71","23.6",
07/10/26 15:56:33.627,"118900","1008","27.3","58.5","1004","71","23.6",
07/10/26 15:56:38.627,"119100","1008","27.3","58.5","1004","71","23.6",
07/10/26 15:56:43.627,"118900","1008","27.3","58.5","1004","71","23.6",
07/10/26 15:56:48.627,"118400","1008","27.3","58.5","1004","71","23.6",
07/10/26 15:56:53.627,"119100","1008","27.3","58.5","1004","71","23.6",
07/10/26 15:56:58.636,"119300","1008","27.3","58.5","1004","71","23.6",
07/10/26 15:57:03.627,"119300","1008","27.2","58.5","1004","71","23.6",
07/10/26 15:57:08.628,"119300","1008","27.3","58.5","1004","71","23.7",
07/10/26 15:57:13.650,"119800","1008","27.3","58.5","1004","71","23.6",
07/10/26 15:57:18.627,"119500","1008","27.3","58.5","1004","71","23.6",
07/10/26 15:57:23.664,"120000","1008","27.3","58.5","1004","71","23.6",
07/10/26 15:57:28.641,"120000","1008","27.3","58.5","1004","71","23.6",
07/10/26 15:57:33.627,"119500","1008","27.3","58.5","1004","71","23.6",
07/10/26 15:57:38.646,"120900","1008","27.3","58.5","1005","71","23.6",
07/10/26 15:57:43.721,"120900","1008","27.3","58.5","1004","71","23.6",
07/10/26 15:57:48.720,"121200","1008","27.3","58.5","1004","71","23.6",
07/10/26 15:57:53.771,"121400","1008","27.3","58.5","1004","71","23.6",
07/10/26 15:57:58.760,"121900","1008","27.3","58.5","1004","71","23.6",
07/10/26 15:58:03.744,"121400","1008","27.3","58.4","1004","71","23.7",
07/10/26 15:58:08.756,"120900","1008","27.3","58.5","1004","71","23.6",
07/10/26 15:58:13.798,"121400","1008","27.3","58.5","1004","71","23.6",
07/10/26 15:58:18.800,"122200","1008","27.3","58.4","1005","71","23.6",
07/10/26 15:58:23.821,"121200","1008","27.3","58.5","1005","71","23.6",
07/10/26 15:58:28.875,"121200","1008","27.3","58.5","1005","71","23.7",
07/10/26 15:58:33.876,"121400","1008","27.2","58.5","1004","71","23.6",
07/10/26 15:58:38.939,"121700","1008","27.2","58.5","1004","71","23.6",
07/10/26 15:58:43.998,"122400","1008","27.2","58.5","1004","71","23.6",
07/10/26 15:58:48.978,"121900","1008","27.2","58.5","1004","71","23.6",
07/10/26 15:58:54.144,"122400","1008","27.3","58.5","1004","71","23.7",
07/10/26 15:58:59.198,"122200","1008","27.3","58.5","1004","71","23.7",
07/10/26 15:59:04.214,"122200","1008","27.3","58.5","1004","71","23.7",
07/10/26 15:59:09.309,"123200","1008","27.3","58.5","1004","71","23.6",
07/10/26 15:59:14.329,"123200","1008","27.3","58.5","1004","71","23.7",
07/10/26 15:59:19.362,"122700","1008","27.3","58.4","1004","71","23.7",
07/10/26 15:59:24.430,"123400","1008","27.3","58.4","1004","71","23.6",
07/10/26 15:59:29.519,"123400","1008","27.3","58.4","1004","71","23.7",
07/10/26 15:59:34.573,"122900","1008","27.3","58.4","1004","71","23.6",
07/10/26 15:59:39.666,"123400","1008","27.3","58.4","1004","71","23.7",
07/10/26 15:59:44.731,"123200","1008","27.2","58.4","1004","71","23.7",
07/10/26 15:59:49.872,"124200","1008","27.3","58.5","1004","71","23.7",
07/10/26 15:59:54.936,"123700","1008","27.2","58.5","1004","71","23.7",
07/10/26 15:59:59.944,"124400","1008","27.3","58.5","1004","71","23.7",
07/10/26 16:00:05.049,"124600","1008","27.3","58.5","1004","71","23.7",
07/10/26 16:00:10.160,"125400","1008","27.3","58.5","1004","71","23.7",
07/10/26 16:00:15.259,"125400","1008","27.2","58.5","1004","71","23.7",
07/10/26 16:00:20.395,"124400","1008","27.3","58.4","1004","71","23.7",
07/10/26 16:00:25.514,"124200","1008","27.2","58.5","1005","71","23.7",
07/10/26 16:00:30.653,"124200","1008","27.2","58.4","1004","71","23.6",
07/10/26 16:00:35.731,"124400","1008","27.3","58.4","1004","71","23.7",
07/10/26 16:00:40.885,"124900","1008","27.3","58.4","1004","70","23.7",
07/10/26 16:00:46.034,"125600","1008","27.3","58.5","1004","71","23.7",
07/10/26 16:00:51.151,"124400","1008","27.2","58.4","1004","70","23.7",
07/10/26 16:00:56.304,"124900","1008","27.3","58.4","1004","70","23.7",
07/10/26 16:01:01.433,"124400","1008","27.3","58.4","1004","70","23.7",
07/10/26 16:01:06.608,"124900","1008","27.2","58.5","1004","70","23.7",
07/10/26 16:01:11.745,"126100","1008","27.2","58.5","1004","70","23.7",
07/10/26 16:01:16.892,"126400","1008","27.2","58.5","1004","70","23.7",
07/10/26 16:01:22.453,"126400","1008","27.2","58.5","1004","70","23.6",
07/10/26 16:01:27.903,"126400","1008","27.2","58.5","1004","70","23.7",
07/10/26 16:01:33.396,"126900","1008","27.2","58.5","1004","70","23.7",
07/10/26 16:01:38.879,"127100","1008","27.2","58.5","1004","70","23.7",
07/10/26 16:01:44.450,"126600","1008","27.2","58.4","1004","70","23.7",
07/10/26 16:01:49.963,"126100","1008","27.2","58.4","1004","70","23.7",
07/10/26 16:01:55.410,"125600","1008","27.2","58.4","1004","70","23.7",
07/10/26 16:02:00.878,"125400","1008","27.2","58.4","1004","70","23.7",
07/10/26 16:02:06.309,"125600","1008","27.2","58.4","1004","70","23.7",
07/10/26 16:02:11.748,"125900","1008","27.3","58.4","1004","70","23.7",
07/10/26 16:02:17.262,"125900","1008","27.2","58.4","1004","70","23.7",
07/10/26 16:02:22.789,"126100","1008","27.3","58.4","1004","70","23.7",
07/10/26 16:02:28.291,"125900","1008","27.2","58.4","1004","70","23.7",
07/10/26 16:02:33.737,"126600","1008","27.2","58.4","1004","70","23.7",
07/10/26 16:02:39.089,"127400","1008","27.2","58.4","1004","70","23.7",
07/10/26 16:02:44.552,"127600","1008","27.2","58.4","1004","70","23.7",
07/10/26 16:02:50.098,"127400","1008","27.2","58.4","1004","70","23.7",
07/10/26 16:02:55.630,"126900","1008","27.2","58.4","1004","70","23.7",
07/10/26 16:03:01.089,"127600","1008","27.3","58.4","1004","70","23.7",
07/10/26 16:03:06.674,"128100","1008","27.3","58.4","1004","70","23.7",
07/10/26 16:03:12.158,"128600","1008","27.3","58.4","1004","70","23.7",
07/10/26 16:03:17.561,"128100","1008","27.3","58.4","1004","70","23.7",
07/10/26 16:03:23.075,"128100","1008","27.3","58.4","1004","70","23.7",
07/10/26 16:03:28.442,"128400","1008","27.3","58.4","1004","70","23.7",
07/10/26 16:03:33.925,"128100","1008","27.3","58.4","1004","70","23.7",
07/10/26 16:03:39.429,"129500","1008","27.3","58.4","1004","70","23.7",
07/10/26 16:03:44.912,"128900","1008","27.3","58.4","1004","70","23.7",
07/10/26 16:03:50.412,"128600","1008","27.3","58.4","1004","70","23.7",
07/10/26 16:03:55.890,"128900","1008","27.3","58.4","1004","70","23.7",
07/10/26 16:04:01.440,"128600","1008","27.2","58.4","1004","70","23.7",
07/10/26 16:04:06.956,"128100","1008","27.2","58.4","1004","70","23.7",
07/10/26 16:04:12.481,"128900","1008","27.2","58.4","1005","70","23.7",
07/10/26 16:04:18.018,"130000","1008","27.3","58.4","1004","70","23.7",
07/10/26 16:04:23.603,"130300","1008","27.2","58.4","1004","70","23.7",
07/10/26 16:04:29.137,"130500","1008","27.2","58.4","1004","70","23.7",
07/10/26 16:04:34.823,"130800","1008","27.3","58.4","1004","70","23.7",
07/10/26 16:04:40.347,"131100","1008","27.3","58.4","1004","70","23.7",
07/10/26 16:04:45.945,"130000","1008","27.3","58.4","1004","70","23.7",
07/10/26 16:04:51.553,"128900","1008","27.3","58.3","1004","70","23.7",
07/10/26 16:04:57.114,"128600","1008","27.3","58.3","1004","70","23.7",
07/10/26 16:05:02.701,"129500","1008","27.3","58.3","1005","70","23.7",
07/10/26 16:05:08.291,"130300","1008","27.3","58.3","1004","70","23.7",
07/10/26 16:05:13.954,"130000","1008","27.3","58.3","1004","70","23.7",
07/10/26 16:05:19.575,"129700","1008","27.3","58.3","1004","70","23.7",
07/10/26 16:05:25.157,"129700","1008","27.3","58.3","1004","70","23.7",
07/10/26 16:05:30.736,"130000","1008","27.3","58.3","1004","70","23.7",
07/10/26 16:05:36.211,"129500","1008","27.3","58.3","1004","70","23.7",
07/10/26 16:05:41.748,"129500","1008","27.3","58.3","1004","70","23.7",
07/10/26 16:05:47.360,"130500","1008","27.3","58.3","1004","70","23.7",
07/10/26 16:05:52.917,"130800","1008","27.3","58.3","1004","70","23.7",
07/10/26 16:05:58.436,"130800","1008","27.3","58.3","1004","70","23.7",
07/10/26 16:06:04.070,"131100","1008","27.3","58.3","1004","70","23.7",
07/10/26 16:06:09.760,"131100","1008","27.3","58.3","1004","70","23.7",
07/10/26 16:06:15.334,"130500","1008","27.3","58.3","1004","70","23.7",
07/10/26 16:06:20.956,"130000","1008","27.3","58.3","1004","70","23.7",
07/10/26 16:06:26.643,"130500","1008","27.3","58.3","1004","70","23.7",
07/10/26 16:06:32.240,"130500","1008","27.3","58.3","1004","70","23.7",
07/10/26 16:06:37.631,"130800","1008","27.3","58.3","1004","70","23.7",
07/10/26 16:06:43.084,"130800","1008","27.3","58.3","1004","70","23.7",
07/10/26 16:06:48.452,"131900","1008","27.3","58.3","1004","70","23.7",
07/10/26 16:06:53.795,"131600","1008","27.3","58.3","1004","70","23.7",
07/10/26 16:06:59.143,"131100","1008","27.3","58.3","1004","70","23.7",
07/10/26 16:07:04.454,"131100","1008","27.3","58.3","1004","70","23.7",
07/10/26 16:07:09.871,"131400","1008","27.3","58.3","1004","70","23.7",
07/10/26 16:07:15.246,"131400","1008","27.3","58.3","1004","70","23.7",
07/10/26 16:07:20.679,"132700","1008","27.3","58.3","1004","70","23.7",
07/10/26 16:07:26.164,"131900","1008","27.3","58.3","1004","70","23.7",
07/10/26 16:07:31.601,"130800","1008","27.3","58.3","1004","70","23.7",
07/10/26 16:07:36.973,"131100","1008","27.3","58.3","1004","70","23.7",
07/10/26 16:07:42.367,"132200","1008","27.3","58.3","1004","70","23.7",
07/10/26 16:07:47.828,"131400","1008","27.3","58.3","1004","70","23.7",
07/10/26 16:07:53.196,"131100","1008","27.3","58.3","1004","70","23.7",
07/10/26 16:07:58.596,"131400","1008","27.3","58.3","1004","70","23.7",
07/10/26 16:08:04.023,"132200","1008","27.3","58.3","1004","70","23.7",
07/10/26 16:08:09.447,"132200","1008","27.3","58.3","1004","70","23.7",
07/10/26 16:08:14.863,"131400","1008","27.3","58.3","1004","70","23.7",
07/10/26 16:08:20.320,"131900","1008","27.3","58.3","1004","70","23.7",
07/10/26 16:08:25.697,"131400","1008","27.3","58.3","1004","70","23.7",
07/10/26 16:08:31.149,"131900","1008","27.3","58.3","1004","70","23.7",
07/10/26 16:08:36.575,"132200","1008","27.3","58.2","1004","70","23.7",
07/10/26 16:08:42.048,"132200","1008","27.3","58.2","1004","70","23.7",
07/10/26 16:08:47.588,"133300","1008","27.3","58.2","1004","70","23.7",
07/10/26 16:08:53.008,"132700","1008","27.3","58.2","1004","70","23.7",
07/10/26 16:08:58.475,"133300","1008","27.3","58.3","1004","70","23.7",
07/10/26 16:09:03.953,"133000","1008","27.3","58.3","1004","70","23.7",
07/10/26 16:09:09.413,"132700","1008","27.3","58.3","1004","70","23.7",
07/10/26 16:09:14.887,"133500","1008","27.3","58.3","1004","70","23.7",
07/10/26 16:09:20.340,"133300","1008","27.3","58.3","1004","70","23.7",
07/10/26 16:09:25.852,"134100","1008","27.3","58.3","1004","70","23.7",
07/10/26 16:09:31.285,"133500","1008","27.3","58.3","1004","70","23.7",
07/10/26 16:09:36.825,"132700","1008","27.3","58.2","1004","70","23.7",
07/10/26 16:09:42.260,"133500","1008","27.3","58.2","1004","70","23.7",
07/10/26 16:09:47.804,"134100","1008","27.3","58.2","1004","70","23.7",
07/10/26 16:09:53.291,"134400","1008","27.3","58.2","1004","70","23.7",
07/10/26 16:09:58.777,"134900","1008","27.3","58.2","1004","70","23.7",
07/10/26 16:10:04.196,"134600","1008","27.3","58.2","1004","70","23.7",
07/10/26 16:10:09.715,"134900","1008","27.3","58.2","1004","70","23.7",
07/10/26 16:10:15.130,"133000","1008","27.3","58.2","1004","70","23.7",
07/10/26 16:10:20.751,"133500","1008","27.3","58.2","1004","70","23.7",
07/10/26 16:10:26.287,"134600","1008","27.3","58.2","1004","70","23.7",
07/10/26 16:10:31.781,"134900","1008","27.3","58.2","1004","70","23.7",
07/10/26 16:10:37.323,"134400","1008","27.3","58.2","1004","70","23.7",
07/10/26 16:10:42.850,"134900","1008","27.3","58.2","1004","70","23.7",
07/10/26 16:10:48.447,"135200","1008","27.3","58.2","1004","70","23.7",
07/10/26 16:10:53.995,"134600","1008","27.3","58.2","1004","70","23.7",
07/10/26 16:10:59.505,"134600","1008","27.3","58.2","1004","70","23.7",
07/10/26 16:11:05.060,"134600","1008","27.3","58.2","1004","70","23.7",
07/10/26 16:11:10.705,"134900","1008","27.3","58.2","1004","70","23.7",
07/10/26 16:11:16.338,"133500","1008","27.3","58.2","1004","70","23.7",
07/10/26 16:11:21.835,"134900","1008","27.3","58.2","1004","70","23.7",
07/10/26 16:11:27.404,"134600","1008","27.3","58.2","1004","70","23.7",
07/10/26 16:11:33.074,"135400","1008","27.3","58.2","1004","70","23.7",
07/10/26 16:11:38.571,"135400","1008","27.3","58.2","1004","70","23.7",
07/10/26 16:11:44.189,"135700","1008","27.3","58.2","1004","70","23.7",
07/10/26 16:11:49.826,"134900","1008","27.3","58.2","1004","70","23.7",
07/10/26 16:11:55.378,"133800","1008","27.3","58.3","1004","70","23.7",
07/10/26 16:12:00.901,"133500","1008","27.3","58.3","1004","70","23.7",
07/10/26 16:12:06.449,"133800","1008","27.2","58.3","1004","70","23.7",
07/10/26 16:12:12.079,"133500","1008","27.2","58.3","1004","70","23.7",
07/10/26 16:12:17.626,"134400","1008","27.3","58.3","1004","70","23.7",
07/10/26 16:12:23.239,"134100","1008","27.2","58.3","1004","70","23.7",
07/10/26 16:12:28.890,"134900","1008","27.2","58.3","1004","70","23.7",
07/10/26 16:12:34.492,"135400","1008","27.2","58.3","1004","70","23.7",
07/10/26 16:12:40.194,"135400","1008","27.3","58.3","1004","70","23.7",
07/10/26 16:12:45.861,"135200","1008","27.2","58.3","1004","70","23.7",
07/10/26 16:12:51.622,"136000","1008","27.2","58.3","1004","70","23.7",
07/10/26 16:12:57.272,"136000","1008","27.3","58.3","1004","70","23.7",
07/10/26 16:13:02.900,"135400","1008","27.3","58.3","1004","70","23.7",
07/10/26 16:13:08.523,"135200","1008","27.3","58.2","1004","70","23.7",
07/10/26 16:13:14.112,"135400","1008","27.3","58.2","1004","70","23.7",
07/10/26 16:13:19.742,"136800","1008","27.3","58.2","1004","70","23.7",
07/10/26 16:13:25.375,"135200","1008","27.2","58.3","1004","70","23.7",
07/10/26 16:13:30.993,"135400","1008","27.2","58.3","1004","70","23.7",
07/10/26 16:13:36.573,"135400","1008","27.2","58.3","1004","70","23.7",
07/10/26 16:13:42.321,"135400","1008","27.2","58.3","1004","70","23.7",
07/10/26 16:13:47.969,"135200","1008","27.2","58.3","1004","70","23.7",
07/10/26 16:13:53.670,"135400","1008","27.2","58.3","1004","70","23.7",
07/10/26 16:13:59.382,"135700","1008","27.2","58.3","1004","70","23.7",
07/10/26 16:14:05.036,"135700","1008","27.2","58.3","1004","70","23.7",
07/10/26 16:14:10.755,"134900","1008","27.2","58.3","1004","70","23.7",
07/10/26 16:14:16.452,"135700","1008","27.2","58.3","1004","70","23.7",
07/10/26 16:14:22.123,"136000","1008","27.2","58.3","1004","70","23.7",
07/10/26 16:14:27.762,"137400","1008","27.2","58.3","1004","70","23.7",
07/10/26 16:14:33.486,"136800","1008","27.2","58.3","1004","70","23.7",
07/10/26 16:14:39.177,"135700","1008","27.2","58.3","1004","70","23.7",
07/10/26 16:14:44.804,"135400","1008","27.2","58.3","1004","70","23.7",
07/10/26 16:14:50.481,"136000","1008","27.2","58.3","1004","70","23.7",
07/10/26 16:14:56.168,"136000","1008","27.2","58.3","1004","70","23.7",
07/10/26 16:15:01.741,"136800","1008","27.2","58.3","1004","70","23.7",
07/10/26 16:15:07.425,"137100","1008","27.2","58.3","1004","70","23.7",
07/10/26 16:15:13.110,"136800","1008","27.2","58.3","1004","70","23.7",
07/10/26 16:15:18.789,"136500","1008","27.2","58.3","1004","70","23.7",
07/10/26 16:15:24.544,"137100","1008","27.2","58.4","1004","70","23.7",
07/10/26 16:15:30.166,"137400","1008","27.2","58.4","1004","70","23.7",
07/10/26 16:15:35.853,"136800","1008","27.2","58.3","1004","70","23.7",
07/10/26 16:15:41.588,"136800","1008","27.2","58.3","1004","70","23.7",
07/10/26 16:15:47.256,"136800","1008","27.2","58.3","1004","70","23.7",
07/10/26 16:15:53.026,"137100","1008","27.2","58.3","1004","70","23.7",
07/10/26 16:15:58.819,"136800","1008","27.2","58.3","1004","70","23.7",
07/10/26 16:16:04.547,"137400","1008","27.2","58.3","1004","70","23.7",
07/10/26 16:16:10.297,"137400","1008","27.2","58.3","1004","70","23.7",
07/10/26 16:16:16.093,"136500","1008","27.2","58.3","1004","70","23.7",
07/10/26 16:16:21.876,"137400","1008","27.3","58.3","1004","70","23.7",
07/10/26 16:16:27.632,"137400","1008","27.3","58.3","1004","70","23.7",
07/10/26 16:16:33.459,"137400","1008","27.3","58.3","1004","70","23.7",
07/10/26 16:16:39.258,"138300","1008","27.3","58.3","1004","70","23.7",
07/10/26 16:16:45.040,"138000","1008","27.3","58.3","1004","70","23.7",
07/10/26 16:16:50.890,"137100","1008","27.3","58.3","1004","70","23.7",
07/10/26 16:16:56.715,"135700","1008","27.3","58.3","1004","70","23.7",
07/10/26 16:17:02.507,"136800","1008","27.3","58.2","1004","70","23.7",
07/10/26 16:17:08.278,"137400","1008","27.3","58.2","1004","70","23.7",
07/10/26 16:17:14.108,"137100","1008","27.3","58.2","1004","70","23.7",
07/10/26 16:17:19.918,"136500","1008","27.3","58.2","1004","70","23.7",
07/10/26 16:17:25.700,"136300","1008","27.3","58.2","1004","70","23.7",
07/10/26 16:17:31.457,"137100","1008","27.3","58.2","1004","70","23.7",
07/10/26 16:17:37.269,"137400","1008","27.3","58.2","1004","70","23.7",
07/10/26 16:17:43.088,"138300","1008","27.3","58.2","1004","70","23.7",
07/10/26 16:17:48.858,"139200","1008","27.3","58.2","1004","70","23.7",
07/10/26 16:17:54.669,"138900","1008","27.3","58.2","1004","70","23.7",
07/10/26 16:18:00.506,"139500","1008","27.3","58.3","1004","70","23.7",
07/10/26 16:18:06.327,"138000","1008","27.3","58.3","1004","70","23.7",
07/10/26 16:18:12.186,"137400","1008","27.3","58.3","1005","70","23.7",
07/10/26 16:18:18.056,"138900","1008","27.3","58.3","1004","70","23.7",
07/10/26 16:18:23.861,"138000","1008","27.3","58.3","1004","70","23.7",
07/10/26 16:18:29.769,"138600","1008","27.3","58.2","1005","70","23.7",
07/10/26 16:18:35.657,"137700","1008","27.3","58.2","1004","70","23.7",
07/10/26 16:18:41.490,"137700","1008","27.3","58.2","1004","70","23.7",
07/10/26 16:18:47.400,"137400","1008","27.3","58.2","1005","70","23.7",
07/10/26 16:18:53.273,"138000","1008","27.3","58.2","1004","70","23.7",
07/10/26 16:18:59.098,"138900","1008","27.3","58.2","1005","70","23.7",
07/10/26 16:19:04.969,"139200","1008","27.3","58.2","1005","70","23.7",
07/10/26 16:19:10.824,"139800","1008","27.3","58.2","1004","70","23.7",
07/10/26 16:19:16.624,"139500","1008","27.3","58.2","1004","70","23.7",
07/10/26 16:19:22.538,"139200","1008","27.3","58.2","1005","70","23.7",
07/10/26 16:19:28.519,"139200","1008","27.3","58.2","1004","70","23.7",
07/10/26 16:19:34.433,"138300","1008","27.3","58.2","1005","70","23.7",
07/10/26 16:19:40.355,"138600","1008","27.3","58.2","1005","70","23.7",
07/10/26 16:19:46.254,"138900","1008","27.3","58.2","1004","70","23.7",
07/10/26 16:19:52.201,"139200","1008","27.3","58.2","1005","70","23.7",
07/10/26 16:19:58.130,"138600","1008","27.3","58.2","1005","70","23.7",
07/10/26 16:20:04.077,"138600","1008","27.3","58.2","1005","70","23.7",
07/10/26 16:20:10.009,"138300","1008","27.3","58.1","1005","70","23.7",
07/10/26 16:20:15.958,"138300","1008","27.3","58.1","1005","70","23.7",
07/10/26 16:20:21.822,"138600","1008","27.3","58.2","1004","70","23.7",
07/10/26 16:20:27.767,"138600","1008","27.3","58.1","1005","70","23.7",
07/10/26 16:20:33.767,"138600","1008","27.3","58.1","1005","70","23.7",
07/10/26 16:20:39.736,"138300","1008","27.3","58.2","1005","70","23.7",
07/10/26 16:20:45.678,"139200","1008","27.3","58.2","1004","70","23.7",
07/10/26 16:20:51.693,"139800","1008","27.3","58.2","1005","70","23.7",
07/10/26 16:20:57.675,"138600","1008","27.3","58.2","1005","70","23.7",
07/10/26 16:21:03.620,"139500","1008","27.3","58.2","1005","70","23.7",
07/10/26 16:21:09.625,"139500","1008","27.3","58.2","1005","70","23.7",
07/10/26 16:21:15.534,"139500","1008","27.3","58.2","1005","70","23.7",
07/10/26 16:21:21.478,"139200","1008","27.3","58.2","1005","70","23.7",
07/10/26 16:21:27.462,"138900","1008","27.3","58.2","1005","70","23.7",
07/10/26 16:21:33.353,"139500","1008","27.3","58.1","1005","70","23.7",
07/10/26 16:21:39.209,"140100","1008","27.3","58.1","1005","70","23.7",
07/10/26 16:21:45.185,"139800","1008","27.3","58.1","1005","70","23.7",
07/10/26 16:21:51.171,"140100","1008","27.3","58.1","1005","70","23.7",
07/10/26 16:21:57.140,"139200","1008","27.3","58.1","1005","70","23.7",
07/10/26 16:22:03.089,"138000","1008","27.3","58.1","1005","70","23.7",
07/10/26 16:22:09.057,"137400","1008","27.3","58.1","1005","70","23.7",
07/10/26 16:22:15.149,"139500","1008","27.3","58.1","1005","70","23.7",
07/10/26 16:22:21.172,"139200","1008","27.3","58.1","1005","70","23.7",
07/10/26 16:22:27.192,"139500","1008","27.3","58.1","1005","70","23.7",
07/10/26 16:22:33.243,"139200","1008","27.3","58.1","1005","70","23.7",
07/10/26 16:22:39.228,"139500","1008","27.3","58.1","1005","70","23.7",
07/10/26 16:22:45.249,"140700","1008","27.3","58.1","1005","70","23.7",
07/10/26 16:22:51.330,"140700","1008","27.3","58.1","1005","70","23.7",
07/10/26 16:22:57.427,"140700","1008","27.3","58.1","1005","70","23.7",
07/10/26 16:23:03.537,"139800","1008","27.3","58.1","1005","70","23.7",
07/10/26 16:23:09.645,"139500","1008","27.3","58.1","1005","70","23.7",
07/10/26 16:23:15.736,"139500","1008","27.3","58.1","1005","70","23.7",
07/10/26 16:23:21.773,"139500","1008","27.3","58.1","1005","70","23.7",
07/10/26 16:23:27.852,"141000","1008","27.3","58.1","1005","70","23.7",
07/10/26 16:23:34.062,"140100","1008","27.3","58.1","1005","70","23.7",
07/10/26 16:23:40.181,"139800","1008","27.3","58.1","1005","70","23.7",
07/10/26 16:23:46.312,"139200","1008","27.3","58.1","1005","70","23.7",
07/10/26 16:23:52.391,"139200","1008","27.3","58.1","1005","70","23.7",
07/10/26 16:23:58.527,"139500","1008","27.3","58","1005","70","23.7",
07/10/26 16:24:04.591,"140100","1008","27.3","58.1","1005","70","23.7",
07/10/26 16:24:10.704,"140100","1008","27.3","58.1","1005","70","23.7",
07/10/26 16:24:16.863,"140700","1008","27.3","58.1","1005","70","23.7",
07/10/26 16:24:22.902,"141000","1008","27.3","58.1","1005","70","23.7",
07/10/26 16:24:29.050,"140700","1008","27.3","58.1","1005","70","23.7",
07/10/26 16:24:35.171,"139500","1008","27.3","58.1","1005","70","23.7",
07/10/26 16:24:41.339,"140100","1008","27.3","58.1","1005","70","23.7",
07/10/26 16:24:47.422,"141000","1008","27.3","58.1","1005","70","23.7",
07/10/26 16:24:53.548,"141300","1008","27.3","58.1","1005","70","23.7",
07/10/26 16:24:59.655,"140700","1008","27.3","58.1","1005","70","23.7",
07/10/26 16:25:05.873,"142300","1008","27.3","58.1","1005","70","23.7",
07/10/26 16:25:12.029,"139800","1008","27.3","58.1","1005","70","23.7",
07/10/26 16:25:18.261,"139800","1008","27.3","58.1","1005","70","23.7",
07/10/26 16:25:24.493,"140100","1008","27.3","58.1","1004","70","23.7",
07/10/26 16:25:30.571,"139800","1008","27.3","58.1","1005","70","23.7",
07/10/26 16:25:36.713,"140100","1008","27.3","58","1005","70","23.7",
07/10/26 16:25:42.831,"139800","1008","27.3","58","1005","70","23.7",
07/10/26 16:25:49.060,"139800","1008","27.3","58","1004","70","23.7",
07/10/26 16:25:55.144,"140400","1008","27.3","58","1004","70","23.7",
07/10/26 16:26:01.243,"140400","1008","27.3","58","1005","70","23.7",
07/10/26 16:26:07.427,"140400","1008","27.3","58","1004","70","23.7",
07/10/26 16:26:13.573,"141300","1008","27.3","58","1005","70","23.7",
07/10/26 16:26:19.794,"140100","1008","27.3","58","1005","70","23.7",
07/10/26 16:26:26.032,"141300","1008","27.3","58","1005","70","23.7",
07/10/26 16:26:32.309,"142300","1008","27.3","58","1004","70","23.7",
07/10/26 16:26:38.560,"142300","1008","27.3","58","1004","70","23.7",
07/10/26 16:26:44.793,"140700","1008","27.3","58","1005","70","23.7",
07/10/26 16:26:50.989,"142000","1008","27.3","58","1004","70","23.7",
07/10/26 16:26:57.276,"142000","1008","27.3","57.9","1005","70","23.7",
07/10/26 16:27:03.491,"140700","1008","27.3","58","1004","70","23.7",
07/10/26 16:27:09.715,"142300","1008","27.3","58","1004","70","23.7",
07/10/26 16:27:15.942,"142000","1008","27.3","58","1004","70","23.7",
07/10/26 16:27:22.161,"142300","1008","27.3","58","1005","70","23.7",
07/10/26 16:27:28.310,"142300","1008","27.3","58","1005","70","23.7",
07/10/26 16:27:34.631,"141700","1008","27.3","58","1004","70","23.7",
07/10/26 16:27:40.850,"142300","1008","27.3","58","1004","70","23.7",
07/10/26 16:27:47.044,"141300","1008","27.3","58","1004","70","23.7",
07/10/26 16:27:53.276,"140700","1008","27.3","57.9","1004","70","23.7",
07/10/26 16:27:59.450,"139500","1008","27.3","57.9","1004","70","23.7",
07/10/26 16:28:05.726,"140100","1008","27.3","57.9","1004","70","23.7",
07/10/26 16:28:11.992,"142000","1008","27.3","58","1004","70","23.7",
07/10/26 16:28:18.270,"141700","1008","27.3","57.9","1004","70","23.7",
07/10/26 16:28:24.528,"141300","1008","27.3","57.9","1004","70","23.7",
07/10/26 16:28:30.809,"141300","1008","27.3","57.9","1004","70","23.7",
07/10/26 16:28:36.990,"141700","1008","27.3","57.9","1004","70","23.7",
07/10/26 16:28:43.221,"142000","1008","27.3","57.9","1004","70","23.7",
07/10/26 16:28:49.576,"142600","1008","27.3","57.9","1004","70","23.7",
07/10/26 16:28:55.809,"142300","1008","27.3","57.9","1004","70","23.7",
07/10/26 16:29:02.100,"142300","1008","27.3","57.9","1004","70","23.7",
07/10/26 16:29:08.327,"141300","1008","27.3","57.9","1004","70","23.7",
07/10/26 16:29:14.612,"142000","1008","27.3","57.9","1004","70","23.7",
07/10/26 16:29:20.959,"140700","1008","27.3","57.9","1004","70","23.7",
07/10/26 16:29:27.191,"141000","1008","27.3","57.9","1004","70","23.7",
07/10/26 16:29:33.533,"142000","1008","27.3","57.9","1004","70","23.7",
07/10/26 16:29:39.852,"142000","1008","27.3","57.9","1004","70","23.7",
07/10/26 16:29:46.158,"141000","1008","27.3","57.9","1004","70","23.7",
07/10/26 16:29:52.462,"142000","1008","27.3","57.9","1004","70","23.7",
07/10/26 16:29:58.706,"143200","1008","27.3","57.9","1004","70","23.7",
07/10/26 16:30:04.949,"143200","1008","27.3","57.9","1004","70","23.7",
07/10/26 16:30:11.219,"142600","1008","27.3","57.9","1004","70","23.7",
07/10/26 16:30:17.580,"141300","1008","27.3","57.9","1004","70","23.7",
07/10/26 16:30:23.891,"142300","1008","27.3","57.9","1004","70","23.7",
07/10/26 16:30:30.253,"141700","1008","27.3","57.9","1004","70","23.7",
07/10/26 16:30:36.506,"141300","1008","27.3","57.9","1004","70","23.7",
07/10/26 16:30:42.896,"141300","1008","27.3","57.8","1004","70","23.7",
07/10/26 16:30:49.267,"142000","1008","27.3","57.8","1004","70","23.7",
07/10/26 16:30:55.682,"141300","1008","27.3","57.8","1004","70","23.7",
07/10/26 16:31:01.978,"142300","1008","27.3","57.8","1004","70","23.7",
07/10/26 16:31:08.307,"143200","1008","27.3","57.8","1004","70","23.7",
07/10/26 16:31:14.564,"142300","1008","27.3","57.8","1004","70","23.7",
07/10/26 16:31:20.876,"141300","1008","27.3","57.8","1004","70","23.7",
07/10/26 16:31:27.271,"140700","1008","27.3","57.9","1004","70","23.7",
07/10/26 16:31:33.641,"141300","1008","27.3","57.8","1004","70","23.7",
07/10/26 16:31:40.002,"142000","1008","27.3","57.9","1004","70","23.7",
07/10/26 16:31:46.319,"142300","1008","27.3","57.8","1004","70","23.7",
07/10/26 16:31:52.700,"142300","1008","27.3","57.8","1004","70","23.7",
07/10/26 16:31:59.020,"142300","1008","27.3","57.9","1004","70","23.7",
07/10/26 16:32:05.450,"142300","1008","27.3","57.8","1004","70","23.7",
07/10/26 16:32:11.889,"143200","1008","27.3","57.8","1004","70","23.7",
07/10/26 16:32:18.281,"143800","1008","27.3","57.8","1004","70","23.7",
07/10/26 16:32:24.625,"143500","1008","27.3","57.8","1004","70","23.7",
07/10/26 16:32:30.967,"143800","1008","27.3","57.8","1004","70","23.7",
07/10/26 16:32:37.392,"142600","1008","27.3","57.8","1004","70","23.7",
07/10/26 16:32:43.800,"142900","1008","27.3","57.8","1004","70","23.7",
07/10/26 16:32:50.241,"142600","1008","27.3","57.8","1004","69","23.7",
07/10/26 16:32:56.666,"142900","1008","27.3","57.8","1004","69","23.7",
07/10/26 16:33:03.031,"143200","1008","27.3","57.8","1004","69","23.7",
07/10/26 16:33:09.520,"143200","1007","27.3","57.8","1004","69","23.7",
07/10/26 16:33:15.964,"142600","1008","27.3","57.8","1004","69","23.7",
07/10/26 16:33:22.380,"143200","1008","27.3","57.8","1004","69","23.7",
07/10/26 16:33:28.804,"143500","1008","27.3","57.8","1004","69","23.7",
07/10/26 16:33:35.272,"142900","1008","27.3","57.8","1004","69","23.7",
07/10/26 16:33:41.722,"142900","1008","27.3","57.8","1004","69","23.7",
07/10/26 16:33:48.148,"143200","1008","27.3","57.8","1004","69","23.7",
07/10/26 16:33:54.573,"143800","1008","27.3","57.8","1004","69","23.7",
07/10/26 16:34:00.982,"143800","1008","27.3","57.8","1004","69","23.7",
07/10/26 16:34:07.440,"143500","1008","27.3","57.8","1004","69","23.7",
07/10/26 16:34:13.944,"143500","1008","27.3","57.8","1004","69","23.7",
07/10/26 16:34:20.337,"142600","1008","27.3","57.8","1004","69","23.7",
07/10/26 16:34:26.846,"143200","1008","27.3","57.8","1004","69","23.7",
07/10/26 16:34:33.269,"142900","1008","27.3","57.8","1004","69","23.7",
07/10/26 16:34:39.774,"142900","1008","27.3","57.8","1004","69","23.7",
07/10/26 16:34:46.341,"144100","1008","27.3","57.8","1004","69","23.7",
07/10/26 16:34:52.775,"143500","1008","27.3","57.8","1004","69","23.7",
07/10/26 16:34:59.246,"143200","1008","27.3","57.8","1004","69","23.7",
07/10/26 16:35:05.697,"143500","1008","27.3","57.8","1004","69","23.7",
07/10/26 16:35:12.187,"143200","1008","27.3","57.8","1004","69","23.7",
07/10/26 16:35:18.715,"143200","1008","27.3","57.8","1004","69","23.7",
07/10/26 16:35:25.251,"143200","1008","27.3","57.8","1004","69","23.7",
07/10/26 16:35:31.766,"143800","1008","27.3","57.8","1004","69","23.7",
07/10/26 16:35:38.253,"143800","1008","27.3","57.8","1004","69","23.7",
07/10/26 16:35:44.863,"145000","1008","27.3","57.8","1004","69","23.7",
07/10/26 16:35:51.283,"145000","1008","27.3","57.8","1004","69","23.7",
07/10/26 16:35:57.837,"144700","1008","27.3","57.8","1004","69","23.7",
07/10/26 16:36:04.290,"144100","1008","27.3","57.8","1004","69","23.7",
07/10/26 16:36:10.754,"144100","1008","27.3","57.8","1004","69","23.7",
07/10/26 16:36:17.282,"144100","1008","27.3","57.8","1004","69","23.7",
07/10/26 16:36:23.827,"143800","1008","27.3","57.8","1004","69","23.7",
07/10/26 16:36:30.408,"145000","1008","27.3","57.8","1004","69","23.7",
07/10/26 16:36:37.024,"144100","1008","27.3","57.8","1004","69","23.7",
07/10/26 16:36:43.619,"142600","1008","27.3","57.8","1004","69","23.7",
07/10/26 16:36:50.172,"143800","1008","27.3","57.8","1004","69","23.7",
07/10/26 16:36:56.738,"143500","1008","27.3","57.8","1004","69","23.7",
07/10/26 16:37:03.265,"144100","1008","27.3","57.8","1004","69","23.7",
07/10/26 16:37:09.852,"143200","1008","27.3","57.8","1004","69","23.7",
07/10/26 16:37:16.418,"144100","1008","27.3","57.8","1004","69","23.7",
07/10/26 16:37:22.981,"143500","1008","27.3","57.8","1004","69","23.7",
07/10/26 16:37:29.536,"143500","1008","27.3","57.8","1004","69","23.7",
07/10/26 16:37:36.083,"144700","1008","27.3","57.8","1004","69","23.7",
07/10/26 16:37:42.673,"144100","1008","27.3","57.8","1004","69","23.7",
07/10/26 16:37:49.265,"143500","1008","27.3","57.8","1004","69","23.7",
07/10/26 16:37:55.852,"143200","1008","27.3","57.8","1004","69","23.7",
07/10/26 16:38:02.404,"143800","1008","27.3","57.8","1004","69","23.7",
07/10/26 16:38:08.968,"144100","1008","27.3","57.8","1004","69","23.7",
07/10/26 16:38:15.655,"144700","1008","27.3","57.8","1004","69","23.7",
07/10/26 16:38:22.264,"143800","1008","27.3","57.8","1005","69","23.7",
07/10/26 16:38:28.947,"143800","1008","27.3","57.8","1004","69","23.7",
07/10/26 16:38:35.577,"145300","1008","27.3","57.8","1004","69","23.7",
07/10/26 16:38:42.206,"143800","1008","27.3","57.8","1004","69","23.7",
07/10/26 16:38:48.872,"144700","1008","27.3","57.8","1005","69","23.7",
07/10/26 16:38:55.456,"145300","1008","27.3","57.8","1005","69","23.7",
07/10/26 16:39:02.115,"144100","1008","27.3","57.8","1005","69","23.7",
07/10/26 16:39:08.749,"143500","1008","27.3","57.8","1004","69","23.7",
07/10/26 16:39:15.333,"143200","1008","27.3","57.8","1004","69","23.7",
07/10/26 16:39:22.038,"144100","1008","27.3","57.8","1004","69","23.7",
07/10/26 16:39:28.669,"145300","1008","27.3","57.8","1005","69","23.7",
07/10/26 16:39:35.317,"144400","1008","27.3","57.8","1004","69","23.7",
07/10/26 16:39:41.997,"142600","1008","27.3","57.8","1004","69","23.7",
07/10/26 16:39:48.657,"143500","1008","27.3","57.8","1004","69","23.7",
07/10/26 16:39:55.265,"143200","1008","27.3","57.8","1005","69","23.7",
07/10/26 16:40:01.903,"143500","1008","27.3","57.8","1004","70","23.7",
07/10/26 16:40:08.575,"143500","1008","27.3","57.8","1005","69","23.7",
07/10/26 16:40:15.297,"144400","1008","27.3","57.8","1005","70","23.7",
07/10/26 16:40:21.958,"143800","1008","27.3","57.8","1005","69","23.7",
07/10/26 16:40:28.643,"143500","1008","27.3","57.9","1005","69","23.7",
07/10/26 16:40:35.307,"143500","1008","27.3","57.8","1005","70","23.7",
07/10/26 16:40:41.964,"144100","1008","27.3","57.8","1004","70","23.7",
07/10/26 16:40:48.664,"144700","1008","27.3","57.8","1004","70","23.7",
07/10/26 16:40:55.444,"144400","1008","27.3","57.9","1005","70","23.7",
07/10/26 16:41:02.177,"145600","1008","27.3","57.9","1004","70","23.7",
07/10/26 16:41:08.857,"144700","1008","27.3","57.9","1004","70","23.7",
07/10/26 16:41:15.557,"145000","1008","27.3","57.9","1004","70","23.7",
07/10/26 16:41:22.234,"144700","1008","27.3","57.9","1005","70","23.7",
07/10/26 16:41:28.955,"144100","1008","27.3","57.9","1004","70","23.7",
07/10/26 16:41:35.658,"144100","1008","27.3","57.9","1005","70","23.7",
07/10/26 16:41:42.317,"144100","1008","27.3","57.9","1004","70","23.7",
07/10/26 16:41:48.980,"145000","1008","27.3","57.9","1005","70","23.7",
07/10/26 16:41:55.723,"144700","1008","27.3","57.9","1005","70","23.7",
07/10/26 16:42:02.412,"145000","1008","27.3","57.8","1005","70","23.7",
07/10/26 16:42:09.141,"145000","1008","27.3","57.9","1005","70","23.7",
07/10/26 16:42:15.902,"145300","1008","27.3","57.8","1005","70","23.7",
07/10/26 16:42:22.693,"146200","1008","27.3","57.8","1005","70","23.7",
07/10/26 16:42:29.376,"145600","1008","27.3","57.9","1005","70","23.7",
07/10/26 16:42:36.139,"146200","1008","27.3","57.9","1004","70","23.7",
07/10/26 16:42:42.855,"146500","1008","27.3","57.9","1005","70","23.7",
07/10/26 16:42:49.576,"144700","1008","27.3","57.9","1005","70","23.7",
07/10/26 16:42:56.363,"145000","1008","27.3","57.9","1004","70","23.7",
07/10/26 16:43:03.088,"145300","1008","27.3","57.9","1005","70","23.7",
07/10/26 16:43:09.891,"145000","1008","27.3","57.9","1005","70","23.7",
07/10/26 16:43:16.648,"145900","1008","27.3","57.9","1005","70","23.7",
07/10/26 16:43:23.437,"145900","1008","27.3","57.9","1004","70","23.7",
07/10/26 16:43:30.270,"145600","1008","27.3","57.9","1005","70","23.7",
07/10/26 16:43:36.966,"145600","1008","27.3","57.9","1005","70","23.7",
07/10/26 16:43:43.745,"145300","1008","27.3","57.9","1005","70","23.7",
07/10/26 16:43:50.520,"144400","1008","27.3","57.9","1005","70","23.7",
07/10/26 16:43:57.339,"144100","1008","27.3","57.9","1005","70","23.7",
07/10/26 16:44:04.176,"144700","1008","27.3","57.9","1005","70","23.7",
07/10/26 16:44:11.006,"145300","1008","27.3","57.9","1005","70","23.7",
07/10/26 16:44:17.745,"145000","1008","27.3","57.9","1005","70","23.7",
07/10/26 16:44:24.529,"144100","1008","27.3","57.9","1005","70","23.7",
07/10/26 16:44:31.342,"144400","1008","27.3","57.9","1005","70","23.7",
07/10/26 16:44:38.180,"143200","1008","27.3","58","1005","70","23.7",
07/10/26 16:44:44.969,"144700","1008","27.3","58","1005","70","23.7",
07/10/26 16:44:51.764,"144400","1008","27.3","58","1005","70","23.7",
07/10/26 16:44:58.659,"145300","1008","27.3","58","1005","70","23.7",
07/10/26 16:45:05.475,"144700","1008","27.3","58","1005","70","23.7",
07/10/26 16:45:12.303,"145300","1008","27.3","58","1005","70","23.7",
07/10/26 16:45:19.077,"144400","1008","27.3","58","1005","70","23.7",
07/10/26 16:45:25.898,"144100","1008","27.3","58","1005","70","23.7",
07/10/26 16:45:32.760,"145600","1008","27.3","58","1005","70","23.7",
07/10/26 16:45:39.614,"145600","1008","27.3","58","1005","70","23.7",
07/10/26 16:45:46.461,"146200","1008","27.3","58","1005","70","23.7",
07/10/26 16:45:53.304,"145000","1008","27.3","58","1005","70","23.7",
07/10/26 16:46:00.178,"145300","1008","27.3","58","1005","70","23.7",
07/10/26 16:46:07.072,"145300","1008","27.3","58","1004","70","23.7",
07/10/26 16:46:13.921,"145300","1008","27.3","58","1004","70","23.7",
07/10/26 16:46:20.802,"143200","1008","27.3","58","1005","70","23.7",
07/10/26 16:46:27.685,"143800","1008","27.3","58","1005","70","23.7",
07/10/26 16:46:34.544,"144700","1008","27.3","58","1005","70","23.7",
07/10/26 16:46:41.450,"145000","1008","27.3","58","1005","70","23.7",
07/10/26 16:46:48.472,"146200","1008","27.3","58","1005","70","23.7",
07/10/26 16:46:55.348,"145300","1008","27.3","58","1005","70","23.7",
07/10/26 16:47:02.299,"145000","1008","27.3","58","1005","70","23.7",
07/10/26 16:47:09.175,"144700","1008","27.3","57.9","1005","70","23.7",
07/10/26 16:47:16.146,"145600","1008","27.3","58","1005","70","23.7",
07/10/26 16:47:23.135,"145600","1008","27.3","58","1005","70","23.7",
07/10/26 16:47:30.040,"145300","1008","27.3","58","1005","70","23.7",
07/10/26 16:47:36.949,"143500","1008","27.3","58","1005","70","23.7",
07/10/26 16:47:43.874,"144700","1008","27.3","58","1005","70","23.7",
07/10/26 16:47:50.797,"146500","1008","27.3","58","1005","70","23.7",
07/10/26 16:47:57.702,"145300","1008","27.3","58","1005","70","23.7",
07/10/26 16:48:04.647,"145900","1008","27.3","58.1","1005","70","23.7",
07/10/26 16:48:11.517,"145300","1008","27.3","58","1005","70","23.7",
07/10/26 16:48:18.429,"145600","1008","27.3","58","1005","70","23.7",
07/10/26 16:48:25.352,"145000","1008","27.3","58","1005","70","23.7",
07/10/26 16:48:32.287,"145600","1008","27.3","58","1005","70","23.7",
07/10/26 16:48:39.316,"146200","1008","27.3","58","1005","70","23.7",
07/10/26 16:48:46.383,"144700","1008","27.3","58.1","1005","70","23.7",
07/10/26 16:48:53.496,"145000","1008","27.3","58.1","1005","70","23.7",
07/10/26 16:49:00.392,"145300","1008","27.3","58.1","1005","70","23.7",
07/10/26 16:49:07.393,"144100","1008","27.3","58","1005","70","23.7",
07/10/26 16:49:14.380,"144400","1008","27.3","58","1004","70","23.7",
07/10/26 16:49:21.381,"144700","1008","27.3","58","1005","70","23.7",
07/10/26 16:49:28.266,"144400","1008","27.3","58.1","1005","70","23.7",
07/10/26 16:49:35.223,"145900","1008","27.3","58.1","1005","70","23.7",
07/10/26 16:49:42.143,"145900","1008","27.3","58.1","1005","70","23.7",
07/10/26 16:49:49.144,"145900","1008","27.3","58.1","1005","70","23.7",
07/10/26 16:49:56.128,"145900","1008","27.3","58.1","1005","70","23.7",
07/10/26 16:50:03.139,"145300","1008","27.3","58.1","1005","70","23.7",
07/10/26 16:50:10.196,"146200","1008","27.3","58.1","1005","70","23.7",
07/10/26 16:50:17.154,"145000","1008","27.3","58.1","1005","70","23.7",
07/10/26 16:50:24.050,"145300","1008","27.3","58.1","1005","70","23.7",
07/10/26 16:50:31.029,"145600","1008","27.3","58.1","1005","70","23.7",
07/10/26 16:50:38.005,"145900","1008","27.3","58.1","1005","70","23.7",
07/10/26 16:50:44.999,"145300","1008","27.3","58.1","1005","70","23.7",
07/10/26 16:50:52.071,"145000","1008","27.3","58.1","1005","70","23.7",
07/10/26 16:50:59.101,"144700","1008","27.3","58.1","1004","70","23.7",
07/10/26 16:51:06.146,"145300","1008","27.3","58.1","1005","70","23.7",
07/10/26 16:51:13.067,"146200","1008","27.3","58.1","1005","70","23.7",
07/10/26 16:51:20.082,"146200","1008","27.3","58.1","1005","70","23.7",
07/10/26 16:51:27.016,"147200","1008","27.3","58.1","1005","70","23.7",
07/10/26 16:51:34.026,"147200","1008","27.3","58.1","1005","70","23.7",
07/10/26 16:51:41.065,"146200","1008","27.3","58.1","1005","70","23.7",
07/10/26 16:51:48.096,"145300","1008","27.3","58.1","1005","70","23.7",
07/10/26 16:51:55.138,"146500","1008","27.3","58.1","1005","70","23.7",
07/10/26 16:52:02.189,"146800","1008","27.3","58.1","1005","70","23.7",
07/10/26 16:52:09.291,"146200","1008","27.3","58.1","1005","70","23.7",
07/10/26 16:52:16.432,"145900","1008","27.3","58.1","1004","70","23.7",
07/10/26 16:52:23.544,"146200","1008","27.3","58.1","1005","70","23.7",
07/10/26 16:52:30.696,"146800","1008","27.3","58.1","1005","70","23.7",
07/10/26 16:52:37.795,"146200","1008","27.3","58.1","1005","70","23.7",
07/10/26 16:52:44.855,"145600","1008","27.3","58.1","1005","70","23.7",
07/10/26 16:52:51.928,"145600","1008","27.3","58","1005","70","23.7",
07/10/26 16:52:58.999,"145600","1008","27.3","58","1005","70","23.7",
07/10/26 16:53:06.079,"145600","1008","27.3","58","1005","70","23.7",
07/10/26 16:53:13.174,"145000","1008","27.3","58.1","1005","70","23.7",
07/10/26 16:53:20.216,"146200","1008","27.3","58","1005","70","23.7",
07/10/26 16:53:27.363,"146200","1008","27.3","58.1","1005","70","23.7",
07/10/26 16:53:34.543,"145900","1008","27.3","58","1005","70","23.7",
07/10/26 16:53:41.730,"147200","1008","27.3","58","1004","70","23.7",
07/10/26 16:53:48.811,"147200","1008","27.3","58.1","1004","70","23.7",
07/10/26 16:53:55.904,"147200","1008","27.3","58","1005","70","23.7",
07/10/26 16:54:02.975,"146500","1008","27.3","58","1005","70","23.7",
07/10/26 16:54:10.139,"147500","1008","27.3","58","1005","70","23.7",
07/10/26 16:54:17.320,"145300","1008","27.3","58","1005","70","23.7",
07/10/26 16:54:24.385,"146800","1008","27.3","58","1005","70","23.7",
07/10/26 16:54:31.470,"146200","1008","27.3","58","1005","70","23.7",
07/10/26 16:54:38.645,"146500","1008","27.3","58","1005","70","23.7",
07/10/26 16:54:45.852,"145300","1008","27.3","58","1005","70","23.7",
07/10/26 16:54:52.975,"146200","1008","27.3","58","1005","70","23.7",
07/10/26 16:55:00.182,"146200","1008","27.3","58","1005","70","23.7",
07/10/26 16:55:08.205,"146800","1008","27.3","58","1005","70","23.7",
07/10/26 16:55:15.561,"146800","1008","27.3","58","1005","70","23.7",
07/10/26 16:55:22.865,"146500","1008","27.3","58","1004","70","23.7",
07/10/26 16:55:30.131,"147200","1008","27.3","58","1005","70","23.7",
07/10/26 16:55:37.417,"146500","1008","27.3","58","1005","70","23.7",
07/10/26 16:55:44.737,"145600","1008","27.3","58","1005","70","23.7",
07/10/26 16:55:51.999,"145300","1008","27.3","58","1005","70","23.7",
07/10/26 16:55:59.288,"144700","1008","27.3","58.1","1005","70","23.7",
07/10/26 16:56:06.482,"146500","1008","27.3","58","1005","70","23.7",
07/10/26 16:56:13.776,"146500","1008","27.3","58","1005","70","23.7",
07/10/26 16:56:21.027,"146200","1008","27.3","58","1005","70","23.7",
07/10/26 16:56:28.299,"146200","1008","27.3","58","1005","70","23.7",
07/10/26 16:56:35.471,"146800","1008","27.3","58","1005","70","23.7",
07/10/26 16:56:42.703,"146800","1008","27.3","58","1005","70","23.7",
07/10/26 16:56:49.961,"147500","1008","27.3","58.1","1005","70","23.7",
07/10/26 16:56:57.117,"147200","1008","27.3","58","1005","70","23.7",
07/10/26 16:57:04.295,"147200","1008","27.3","58.1","1005","70","23.7",
07/10/26 16:57:11.618,"146200","1008","27.3","58.1","1005","70","23.7",
07/10/26 16:57:18.812,"146500","1008","27.3","58.1","1004","70","23.7",
07/10/26 16:57:26.036,"145900","1008","27.3","58","1005","70","23.7",
07/10/26 16:57:33.255,"146200","1008","27.3","58","1005","70","23.7",
07/10/26 16:57:40.507,"146500","1008","27.3","58","1005","70","23.7",
07/10/26 16:57:47.818,"147500","1008","27.3","58","1005","70","23.7",
07/10/26 16:57:55.176,"147500","1008","27.3","58","1005","70","23.7",
07/10/26 16:58:02.491,"146500","1008","27.3","58","1005","70","23.7",
07/10/26 16:58:09.816,"146500","1008","27.3","58","1005","70","23.7",
07/10/26 16:58:17.118,"145300","1008","27.3","58","1005","70","23.7",
07/10/26 16:58:24.402,"146500","1008","27.3","58","1005","70","23.7",
07/10/26 16:58:31.643,"147200","1008","27.3","58","1005","70","23.7",
07/10/26 16:58:38.997,"146200","1008","27.3","58","1005","70","23.7",
07/10/26 16:58:46.452,"145600","1008","27.3","58","1005","70","23.7",
07/10/26 16:58:53.830,"145300","1008","27.3","58","1005","70","23.7",
07/10/26 16:59:01.179,"146200","1008","27.3","58","1005","70","23.7",
07/10/26 16:59:08.538,"145300","1008","27.3","58","1005","70","23.7",
07/10/26 16:59:15.954,"144700","1008","27.3","58","1005","70","23.7",
07/10/26 16:59:23.414,"145900","1008","27.3","58","1005","70","23.7",
07/10/26 16:59:30.848,"146500","1008","27.3","58","1005","70","23.7",
07/10/26 16:59:38.149,"147200","1008","27.3","58","1005","70","23.7",
07/10/26 16:59:45.516,"146500","1008","27.3","58","1005","70","23.7",
07/10/26 16:59:52.913,"146200","1008","27.3","58","1005","70","23.7",
07/10/26 17:00:00.289,"147800","1008","27.3","58","1005","70","23.7",
07/10/26 17:00:07.690,"146200","1008","27.3","58","1005","70","23.7",
07/10/26 17:00:15.176,"146500","1008","27.3","58","1005","70","23.7",
07/10/26 17:00:22.517,"146800","1008","27.3","58","1005","70","23.7",
07/10/26 17:00:29.910,"146200","1008","27.3","58","1005","70","23.7",
07/10/26 17:00:37.295,"147500","1008","27.3","58","1005","70","23.7",
07/10/26 17:00:44.692,"147500","1008","27.3","58","1005","70","23.7",
07/10/26 17:00:52.049,"146500","1008","27.3","58","1005","70","23.7",
07/10/26 17:00:59.436,"146800","1008","27.3","58","1005","70","23.7",
07/10/26 17:01:06.871,"148200","1008","27.3","58","1005","70","23.7",
07/10/26 17:01:14.329,"147200","1008","27.3","58","1005","70","23.7",
07/10/26 17:01:21.737,"147500","1008","27.3","58","1005","70","23.7",
07/10/26 17:01:29.261,"146200","1008","27.3","58","1005","70","23.7",
07/10/26 17:01:36.723,"146800","1008","27.3","58","1005","70","23.7",
07/10/26 17:01:44.220,"145900","1008","27.3","58","1005","70","23.7",
07/10/26 17:01:51.664,"146200","1008","27.3","58","1005","70","23.7",
07/10/26 17:01:59.072,"147500","1008","27.3","58","1005","70","23.7",
07/10/26 17:02:06.472,"148500","1008","27.3","58","1005","70","23.7",
07/10/26 17:02:13.909,"148200","1008","27.3","58","1005","70","23.7",
07/10/26 17:02:21.383,"148200","1008","27.3","58","1005","70","23.7",
07/10/26 17:02:28.918,"145900","1008","27.3","58","1005","70","23.7",
07/10/26 17:02:36.317,"146800","1008","27.3","58","1005","70","23.7",
07/10/26 17:02:43.719,"147200","1008","27.3","58","1005","70","23.7",
07/10/26 17:02:51.221,"147200","1008","27.3","58","1005","70","23.7",
07/10/26 17:02:58.649,"147500","1008","27.3","58","1005","70","23.7",
07/10/26 17:03:06.154,"148200","1008","27.3","58","1005","70","23.7",
07/10/26 17:03:13.669,"147500","1008","27.3","58","1005","70","23.7",
07/10/26 17:03:21.157,"148200","1008","27.3","58","1005","70","23.7",
07/10/26 17:03:28.715,"146800","1008","27.3","58","1005","70","23.7",
07/10/26 17:03:36.225,"147500","1008","27.3","58","1005","70","23.7",
07/10/26 17:03:43.794,"148200","1008","27.3","58","1005","70","23.7",
07/10/26 17:03:51.326,"148200","1008","27.3","58","1005","70","23.7",
07/10/26 17:03:58.800,"147800","1008","27.3","58","1005","70","23.7",
07/10/26 17:04:06.299,"147500","1008","27.3","58","1005","70","23.7",
07/10/26 17:04:13.793,"147500","1008","27.3","58","1005","70","23.7",
07/10/26 17:04:21.379,"146500","1008","27.3","58","1005","70","23.7",
07/10/26 17:04:28.936,"146500","1008","27.3","58","1005","70","23.7",
07/10/26 17:04:36.486,"146800","1008","27.3","58","1005","70","23.7",
07/10/26 17:04:44.097,"147800","1008","27.3","58","1005","70","23.7",
07/10/26 17:04:51.621,"147800","1008","27.3","58","1005","70","23.7",
07/10/26 17:04:59.227,"147500","1008","27.3","58","1005","70","23.7",
07/10/26 17:05:06.710,"147800","1008","27.3","58","1005","70","23.7",
07/10/26 17:05:14.247,"147800","1008","27.3","58","1005","70","23.7",
07/10/26 17:05:21.767,"147500","1008","27.3","58","1005","70","23.7",
07/10/26 17:05:29.352,"147500","1008","27.3","58","1005","70","23.7",
07/10/26 17:05:36.992,"148200","1008","27.3","58","1005","70","23.7",
07/10/26 17:05:44.678,"149200","1008","27.3","58","1005","70","23.7",
07/10/26 17:05:52.202,"147800","1008","27.3","58","1005","70","23.7",
07/10/26 17:05:59.784,"147800","1008","27.3","58","1005","70","23.7",
07/10/26 17:06:07.397,"148200","1008","27.3","58","1005","70","23.7",
07/10/26 17:06:15.004,"147500","1008","27.3","58","1005","70","23.7",
07/10/26 17:06:22.553,"147500","1008","27.3","58","1005","70","23.7",
07/10/26 17:06:30.250,"147800","1008","27.3","58","1005","70","23.7",
07/10/26 17:06:37.858,"147800","1008","27.3","58","1005","70","23.7",
07/10/26 17:06:45.440,"148500","1008","27.3","58","1005","70","23.7",
07/10/26 17:06:52.989,"148500","1008","27.3","58","1005","70","23.7",
07/10/26 17:07:00.625,"147500","1008","27.3","58","1005","70","23.7",
07/10/26 17:07:08.282,"146500","1008","27.3","58","1005","70","23.7",
07/10/26 17:07:15.953,"146800","1008","27.3","58","1005","70","23.7",
07/10/26 17:07:23.577,"147500","1008","27.3","58","1005","70","23.7",
07/10/26 17:07:31.251,"147200","1008","27.3","58","1005","70","23.7",
07/10/26 17:07:38.874,"148200","1008","27.3","58","1005","70","23.7",
07/10/26 17:07:46.601,"147800","1008","27.3","58","1005","70","23.7",
07/10/26 17:07:54.223,"147500","1008","27.3","58","1005","70","23.7",
07/10/26 17:08:01.876,"147500","1008","27.3","58","1005","70","23.7",
07/10/26 17:08:09.544,"147200","1008","27.3","58","1005","70","23.7",
07/10/26 17:08:17.225,"147800","1008","27.3","58","1005","70","23.7",
07/10/26 17:08:24.851,"147200","1008","27.3","58","1005","70","23.7",
07/10/26 17:08:32.557,"147500","1008","27.3","58","1005","70","23.7",
07/10/26 17:08:40.314,"147200","1008","27.3","58","1005","70","23.7",
07/10/26 17:08:48.003,"147800","1008","27.3","58","1005","70","23.7",
07/10/26 17:08:55.687,"149500","1008","27.3","58","1005","70","23.7",
07/10/26 17:09:03.312,"147800","1008","27.3","58","1005","70","23.7",
07/10/26 17:09:10.949,"148800","1008","27.3","58","1005","70","23.7",
07/10/26 17:09:18.665,"147200","1008","27.3","58","1005","70","23.7",
07/10/26 17:09:26.412,"148200","1008","27.3","58","1005","70","23.7",
07/10/26 17:09:34.132,"147800","1008","27.3","58","1005","70","23.7",
07/10/26 17:09:41.771,"148200","1008","27.3","57.9","1005","70","23.7",
07/10/26 17:09:49.372,"148200","1008","27.3","57.9","1005","70","23.7",
07/10/26 17:09:57.045,"147500","1008","27.3","58","1005","70","23.7",
07/10/26 17:10:04.743,"147800","1008","27.3","57.9","1005","70","23.7",
07/10/26 17:10:12.370,"147500","1008","27.3","58","1005","70","23.7",
07/10/26 17:10:20.087,"148200","1008","27.3","58","1005","70","23.7",
07/10/26 17:10:27.890,"147800","1008","27.3","58","1005","70","23.7",
07/10/26 17:10:35.581,"148200","1008","27.3","57.9","1005","70","23.7",
07/10/26 17:10:43.333,"147800","1008","27.3","57.9","1005","70","23.7",
07/10/26 17:10:51.142,"148200","1008","27.3","57.9","1005","70","23.7",
07/10/26 17:10:58.915,"149200","1008","27.3","57.9","1005","70","23.7",
07/10/26 17:11:06.701,"149500","1008","27.3","57.9","1005","70","23.7",
07/10/26 17:11:14.458,"148200","1008","27.3","57.9","1005","70","23.7",
07/10/26 17:11:22.213,"148500","1008","27.3","57.9","1005","70","23.7",
07/10/26 17:11:29.949,"148800","1008","27.3","57.9","1005","70","23.7",
07/10/26 17:11:37.729,"149500","1008","27.3","57.9","1005","70","23.7",
07/10/26 17:11:45.532,"148200","1008","27.3","57.9","1005","70","23.7",
07/10/26 17:11:53.289,"148500","1008","27.3","57.9","1005","70","23.7",
07/10/26 17:12:01.007,"149200","1008","27.3","58","1005","70","23.7",
07/10/26 17:12:08.720,"148800","1008","27.3","57.9","1005","70","23.7",
07/10/26 17:12:16.524,"148200","1008","27.3","57.9","1005","70","23.7",
07/10/26 17:12:24.229,"147200","1008","27.3","57.9","1005","70","23.7",
07/10/26 17:12:32.060,"147800","1008","27.3","57.9","1005","70","23.7",
07/10/26 17:12:39.871,"147800","1008","27.3","57.9","1005","70","23.7",
07/10/26 17:12:47.649,"147800","1008","27.3","57.9","1005","70","23.7",
07/10/26 17:12:55.460,"149500","1008","27.3","57.9","1005","70","23.7",
07/10/26 17:13:03.233,"147200","1008","27.3","57.9","1005","70","23.7",
07/10/26 17:13:11.078,"148200","1008","27.3","57.9","1005","70","23.7",
07/10/26 17:13:18.908,"147800","1008","27.3","57.9","1005","70","23.7",
07/10/26 17:13:26.628,"148800","1008","27.3","57.9","1005","70","23.7",
07/10/26 17:13:34.412,"149500","1008","27.3","57.9","1005","70","23.7",
07/10/26 17:13:42.236,"147800","1008","27.3","57.9","1005","70","23.7",
07/10/26 17:13:50.079,"147500","1008","27.2","57.9","1005","70","23.7",
07/10/26 17:13:58.006,"148200","1008","27.2","57.9","1005","70","23.7",
07/10/26 17:14:05.822,"148200","1008","27.2","58","1005","70","23.7",
07/10/26 17:14:13.719,"148500","1008","27.2","58","1005","70","23.7",
07/10/26 17:14:21.523,"149200","1008","27.2","58","1005","70","23.7",
07/10/26 17:14:29.359,"147500","1008","27.2","57.9","1005","70","23.7",
07/10/26 17:14:37.253,"147800","1008","27.2","58","1005","70","23.7",
07/10/26 17:14:45.159,"149800","1008","27.2","57.9","1005","70","23.7",
07/10/26 17:14:53.009,"149800","1008","27.3","57.9","1005","70","23.7",
07/10/26 17:15:00.930,"149200","1008","27.2","57.9","1005","70","23.7",
07/10/26 17:15:08.810,"149800","1008","27.3","57.9","1005","70","23.7",
07/10/26 17:15:16.691,"148500","1008","27.3","57.9","1005","70","23.7",
07/10/26 17:15:24.647,"147800","1008","27.3","57.9","1005","69","23.7",
07/10/26 17:15:32.602,"147800","1008","27.3","57.9","1005","69","23.7",
07/10/26 17:15:40.541,"148200","1008","27.3","57.9","1005","69","23.7",
07/10/26 17:15:48.445,"147500","1008","27.2","57.9","1005","69","23.7",
07/10/26 17:15:56.397,"147800","1008","27.3","57.8","1005","69","23.7",
07/10/26 17:16:04.334,"147500","1008","27.2","57.9","1005","69","23.7",
07/10/26 17:16:12.311,"147500","1008","27.2","57.9","1005","69","23.7",
07/10/26 17:16:20.259,"148500","1008","27.2","57.9","1005","69","23.7",
07/10/26 17:16:28.298,"148500","1008","27.2","57.9","1005","69","23.7",
07/10/26 17:16:36.242,"148800","1008","27.2","57.9","1005","69","23.7",
07/10/26 17:16:44.076,"148500","1008","27.2","57.9","1005","69","23.7",
07/10/26 17:16:52.015,"148200","1008","27.2","57.9","1005","69","23.7",
07/10/26 17:16:59.971,"149200","1008","27.2","57.9","1005","69","23.7",
07/10/26 17:17:07.857,"148800","1008","27.2","57.9","1005","69","23.7",
07/10/26 17:17:15.887,"148500","1008","27.2","57.9","1005","69","23.7",
07/10/26 17:17:23.909,"148800","1008","27.2","57.9","1005","69","23.7",
07/10/26 17:17:31.804,"149200","1008","27.2","57.9","1005","69","23.7",
07/10/26 17:17:39.796,"149200","1008","27.2","57.9","1005","69","23.7",
07/10/26 17:17:47.719,"148500","1008","27.2","57.9","1005","69","23.7",
07/10/26 17:17:55.711,"148500","1008","27.2","57.9","1005","69","23.7",
07/10/26 17:18:03.716,"147800","1008","27.2","57.9","1005","69","23.7",
07/10/26 17:18:11.681,"147500","1008","27.2","57.9","1005","69","23.7",
07/10/26 17:18:19.621,"147800","1008","27.2","57.9","1005","69","23.7",
07/10/26 17:18:27.600,"149200","1008","27.2","57.9","1005","70","23.7",
07/10/26 17:18:35.624,"149200","1008","27.2","58","1005","70","23.7",
07/10/26 17:18:43.630,"149200","1008","27.2","58","1005","70","23.7",
07/10/26 17:18:51.563,"149200","1008","27.2","58","1005","70","23.7",
07/10/26 17:18:59.682,"148800","1008","27.2","58","1005","70","23.7",
07/10/26 17:19:07.604,"148200","1008","27.2","58","1005","70","23.7",
07/10/26 17:19:15.670,"148200","1008","27.2","57.9","1005","70","23.7",
07/10/26 17:19:23.680,"148500","1008","27.2","57.9","1005","70","23.7",
07/10/26 17:19:31.812,"147800","1008","27.2","57.9","1005","70","23.6",
07/10/26 17:19:39.761,"147800","1008","27.2","57.9","1005","70","23.6",
07/10/26 17:19:47.771,"148500","1008","27.2","57.9","1005","70","23.7",
07/10/26 17:19:55.782,"147500","1008","27.2","58","1005","70","23.7",
07/10/26 17:20:03.773,"146500","1008","27.2","58","1005","70","23.7",
07/10/26 17:20:11.951,"148500","1008","27.2","57.9","1005","70","23.7",
07/10/26 17:20:20.104,"148500","1008","27.2","57.9","1005","70","23.7",
07/10/26 17:20:28.164,"150200","1008","27.2","57.9","1005","70","23.7",
07/10/26 17:20:36.087,"148500","1008","27.2","57.9","1005","70","23.7",
07/10/26 17:20:44.144,"148200","1008","27.2","57.9","1005","70","23.6",
07/10/26 17:20:52.126,"149200","1008","27.2","57.9","1005","70","23.7",
07/10/26 17:21:00.193,"150500","1008","27.2","58","1005","70","23.7",
07/10/26 17:21:08.295,"150200","1008","27.2","58","1005","70","23.6",
07/10/26 17:21:16.358,"149200","1008","27.2","58","1005","70","23.7",
07/10/26 17:21:24.370,"148500","1008","27.2","58","1005","70","23.6",
07/10/26 17:21:32.424,"149200","1008","27.2","58","1005","70","23.7",
07/10/26 17:21:40.478,"148800","1008","27.2","57.9","1005","70","23.7",
07/10/26 17:21:48.475,"148200","1008","27.2","58","1005","70","23.7",
07/10/26 17:21:56.524,"148800","1008","27.2","58","1005","70","23.7",
07/10/26 17:22:04.558,"149800","1008","27.2","58","1005","70","23.7",
07/10/26 17:22:12.682,"149800","1008","27.2","58","1005","70","23.7",
07/10/26 17:22:20.757,"148500","1008","27.2","58","1005","69","23.6",
07/10/26 17:22:28.773,"148200","1008","27.2","58","1005","69","23.6",
07/10/26 17:22:36.910,"149500","1008","27.2","58","1005","69","23.6",
07/10/26 17:22:44.990,"149200","1008","27.2","58","1005","69","23.6",
07/10/26 17:22:53.055,"148500","1008","27.2","58.1","1005","69","23.6",
07/10/26 17:23:01.094,"148200","1008","27.2","58.1","1005","70","23.6",
07/10/26 17:23:09.178,"148200","1008","27.2","58.1","1005","70","23.6",
07/10/26 17:23:17.282,"148200","1008","27.2","58.1","1005","70","23.7",
07/10/26 17:23:25.368,"149200","1008","27.2","58.1","1005","70","23.6",
07/10/26 17:23:33.458,"149200","1008","27.1","58.1","1005","70","23.6",
07/10/26 17:23:41.590,"149200","1008","27.1","58.1","1005","70","23.6",
07/10/26 17:23:49.593,"149200","1008","27.1","58.1","1005","69","23.7",
07/10/26 17:23:57.800,"147500","1008","27.1","58.1","1005","70","23.6",
07/10/26 17:24:05.891,"149200","1008","27.2","58.1","1005","70","23.6",
07/10/26 17:24:14.023,"147800","1008","27.2","58","1005","70","23.6",
07/10/26 17:24:22.180,"148800","1008","27.2","58","1005","70","23.7",
07/10/26 17:24:30.194,"148500","1008","27.2","58","1005","69","23.7",
07/10/26 17:24:38.266,"149200","1008","27.2","58","1005","69","23.6",
07/10/26 17:24:46.357,"150200","1008","27.2","58","1005","69","23.6",
07/10/26 17:24:54.476,"148800","1008","27.2","58","1005","69","23.7",
07/10/26 17:25:02.672,"149500","1008","27.2","58","1005","69","23.6",
07/10/26 17:25:10.769,"148800","1008","27.2","58","1005","69","23.6",
07/10/26 17:25:18.904,"149800","1008","27.2","58","1005","69","23.7",
07/10/26 17:25:27.082,"149200","1008","27.2","58","1005","69","23.7",
07/10/26 17:25:35.130,"148200","1008","27.2","58","1005","69","23.6",
07/10/26 17:25:43.233,"149500","1008","27.2","58","1005","69","23.6",
07/10/26 17:25:51.452,"149200","1008","27.2","58","1005","69","23.7",
07/10/26 17:25:59.507,"148200","1008","27.2","58","1005","69","23.6",
07/10/26 17:26:07.606,"149200","1008","27.2","58","1005","69","23.7",
07/10/26 17:26:15.771,"148200","1008","27.2","58","1005","69","23.7",
07/10/26 17:26:23.929,"149200","1008","27.2","58","1005","69","23.7",
07/10/26 17:26:32.059,"149200","1008","27.2","58","1005","69","23.6",
07/10/26 17:26:40.281,"148200","1008","27.1","58","1005","69","23.6",
07/10/26 17:26:48.433,"148500","1008","27.1","58","1005","69","23.6",
07/10/26 17:26:56.606,"148800","1008","27.1","58","1005","69","23.6",
07/10/26 17:27:04.643,"149200","1008","27.1","58","1005","69","23.6",
07/10/26 17:27:12.919,"149200","1008","27.1","58","1005","69","23.6",
07/10/26 17:27:21.091,"148800","1008","27.1","58","1005","69","23.6",
07/10/26 17:27:29.325,"148200","1008","27.1","58.1","1005","69","23.6",
07/10/26 17:27:37.522,"147500","1008","27.1","58.1","1005","69","23.6",
07/10/26 17:27:45.796,"149800","1008","27.1","58","1005","69","23.6",
07/10/26 17:27:53.988,"149800","1008","27.1","58","1005","69","23.6",
07/10/26 17:28:02.200,"150200","1008","27.1","58","1005","69","23.6",
07/10/26 17:28:10.351,"150500","1008","27.1","58","1005","69","23.6",
07/10/26 17:28:18.539,"150200","1008","27.1","58","1005","69","23.6",
07/10/26 17:28:26.716,"148200","1008","27.1","58","1005","69","23.6",
07/10/26 17:28:34.977,"148800","1008","27.1","58","1005","69","23.6",
07/10/26 17:28:43.227,"149200","1008","27.1","58","1005","69","23.6",
07/10/26 17:28:51.521,"149800","1008","27.1","57.9","1005","69","23.6",
07/10/26 17:28:59.733,"149500","1008","27.1","57.9","1005","69","23.6",
07/10/26 17:29:08.029,"149200","1008","27.1","57.9","1005","69","23.6",
07/10/26 17:29:16.237,"148800","1008","27.1","57.9","1005","69","23.6",
07/10/26 17:29:24.610,"148800","1008","27.1","57.9","1005","69","23.6",
07/10/26 17:29:32.867,"149500","1008","27.1","57.9","1005","69","23.6",
07/10/26 17:29:41.185,"150200","1008","27.1","57.9","1005","69","23.6",
07/10/26 17:29:49.480,"148800","1008","27.1","57.9","1005","69","23.6",
07/10/26 17:29:57.716,"150200","1008","27.1","57.9","1005","69","23.6",
07/10/26 17:30:05.927,"149500","1008","27.1","57.8","1005","69","23.6",
07/10/26 17:30:14.183,"147800","1008","27.1","57.8","1005","69","23.6",
07/10/26 17:30:22.465,"149500","1008","27.1","57.8","1005","69","23.6",
07/10/26 17:30:30.816,"149500","1008","27.1","57.8","1005","69","23.6",
07/10/26 17:30:39.146,"150500","1008","27.1","57.8","1005","69","23.6",
07/10/26 17:30:47.872,"148200","1008","27.1","57.8","1005","69","23.6",
07/10/26 17:30:57.122,"149200","1008","27.1","57.8","1005","69","23.6",
07/10/26 17:31:05.683,"148500","1008","27.1","57.9","1005","69","23.6",
07/10/26 17:31:13.932,"147800","1008","27.1","57.8","1005","69","23.6",
07/10/26 17:31:22.233,"148200","1008","27.1","57.8","1005","69","23.6",
07/10/26 17:31:30.504,"148200","1008","27.1","57.8","1005","69","23.6",
07/10/26 17:31:38.864,"148500","1008","27.1","57.8","1005","69","23.6",
07/10/26 17:31:47.118,"148500","1008","27.1","57.8","1005","69","23.6",
07/10/26 17:31:55.395,"149200","1008","27.1","57.8","1005","69","23.6",
07/10/26 17:32:03.760,"149200","1008","27.1","57.8","1005","69","23.6",
07/10/26 17:32:11.960,"149500","1008","27.1","57.8","1005","69","23.6",
07/10/26 17:32:20.309,"149800","1008","27.1","57.7","1005","69","23.6",
07/10/26 17:32:28.574,"148800","1008","27.1","57.7","1005","69","23.6",
07/10/26 17:32:36.932,"150500","1008","27.1","57.7","1005","69","23.6",
07/10/26 17:32:45.225,"150200","1008","27.1","57.7","1005","69","23.6",
07/10/26 17:32:53.581,"149200","1008","27.1","57.7","1005","69","23.6",
07/10/26 17:33:01.881,"148500","1008","27.1","57.7","1005","69","23.6",
07/10/26 17:33:10.299,"149500","1008","27.2","57.7","1005","69","23.6",
07/10/26 17:33:18.617,"149800","1008","27.1","57.7","1005","69","23.6",
07/10/26 17:33:26.923,"149500","1008","27.1","57.7","1005","69","23.6",
07/10/26 17:33:35.403,"148800","1008","27.1","57.7","1005","69","23.6",
07/10/26 17:33:43.787,"149200","1008","27.1","57.7","1005","69","23.6",
07/10/26 17:33:52.200,"149200","1008","27.1","57.7","1005","69","23.6",
07/10/26 17:34:00.479,"148800","1008","27.1","57.6","1005","69","23.6",
