,sensor [Auto],,,,
,CO2,Pressure,Temperature,Humidity,
07/10/26 14:36:58.495,,"1006",,,
07/10/26 14:36:58.728,,,"25.7",,
07/10/26 14:36:58.988,,,,"59.5",
07/10/26 14:37:27.726,"40","1006","25.6","59.5",
07/10/26 14:37:32.721,"30","1006","25.7","59.4",
07/10/26 14:37:37.721,"10","1006","25.7","59.5",
07/10/26 14:37:42.722,"20","1006","25.7","59.5",
07/10/26 14:37:47.721,"10","1006","25.7","59.5",
07/10/26 14:37:52.722,"0","1006","25.7","59.8",
07/10/26 14:37:57.722,"10","1006","25.7","60.1",
07/10/26 14:38:02.722,"20","1006","25.6","60",
07/10/26 14:38:07.721,"10","1006","25.7","59.7",
07/10/26 14:38:12.722,"10","1006","25.6","59.7",
07/10/26 14:38:17.722,"10","1006","25.6","59.6",
07/10/26 14:38:22.722,"20","1006","25.7","59.4",
07/10/26 14:38:27.721,"20","1006","25.6","59.6",
07/10/26 14:38:32.722,"20","1006","25.6","59.7",
07/10/26 14:38:37.722,"10","1006","25.6","59.7",
07/10/26 14:38:42.722,"0","1006","25.6","59.7",
07/10/26 14:38:47.722,"0","1006","25.7","59.7",
07/10/26 14:38:52.722,"0","1006","25.6","59.7",
07/10/26 14:38:57.721,"0","1006","25.6","59.7",
07/10/26 14:39:02.722,"0","1006","25.6","59.8",
07/10/26 14:39:07.722,"0","1006","25.6","59.7",
07/10/26 14:39:12.722,"0","1006","25.6","60.3",
07/10/26 14:39:17.722,"10","1006","25.7","59.9",
07/10/26 14:39:22.722,"10","1006","25.6","59.8",
07/10/26 14:39:27.722,"0","1006","25.7","59.8",
07/10/26 14:39:32.686,"0","1006","25.7","59.6",
07/10/26 14:42:09.902,"40","1006","25.7","59.3",
07/10/26 14:42:14.901,"40","1006","25.7","59.5",
07/10/26 14:42:19.901,"20","1006","25.7","59.5",
07/10/26 14:42:24.902,"30","1006","25.7","59.5",
07/10/26 14:42:29.902,"20","1006","25.7","59.5",
07/10/26 14:42:34.901,"30","1006","25.7","59.4",
07/10/26 14:42:39.901,"20","1006","25.7","59.4",
07/10/26 14:42:44.902,"20","1006","25.7","59.4",
07/10/26 14:42:49.901,"30","1006","25.7","59.4",
07/10/26 14:42:54.901,"70","1006","25.7","59.4",
07/10/26 14:42:59.902,"130","1006","25.7","59.4",
07/10/26 14:43:04.901,"520","1006","25.7","59.4",
07/10/26 14:43:09.902,"2220","1006","25.7","59.4",
07/10/26 14:43:14.902,"6010","1006","25.7","59.3",
07/10/26 14:43:19.901,"13660","1006","25.7","59.3",
07/10/26 14:43:24.901,"24890","1006","25.7","59.4",
07/10/26 14:43:29.902,"38190","1006","25.7","59.4",
07/10/26 14:43:34.902,"53090","1006","25.7","59.4",
07/10/26 14:43:39.901,"68010","1006","25.7","59.4",
07/10/26 14:43:44.902,"81550","1006","25.7","59.4",
07/10/26 14:43:49.902,"93810","1006","25.7","59.4",
07/10/26 14:43:54.902,"104020","1006","25.7","59.3",
07/10/26 14:43:59.902,"112400","1006","25.7","59.3",
07/10/26 14:44:04.902,"118310","1006","25.7","59.3",
07/10/26 14:44:09.902,"123100","1006","25.7","59.3",
07/10/26 14:44:14.902,"126940","1006","25.7","59.3",
07/10/26 14:44:19.902,"129890","1006","25.7","59.3",
07/10/26 14:44:24.903,"132540","1006","25.7","59.3",
07/10/26 14:44:29.902,"134520","1006","25.7","59.3",
07/10/26 14:44:34.903,"136000","1006","25.7","59.3",
07/10/26 14:44:39.902,"136560","1006","25.7","59.3",
07/10/26 14:44:44.903,"138050","1006","25.7","59.3",
07/10/26 14:44:49.902,"138790","1006","25.7","59.3",
07/10/26 14:44:54.903,"139530","1006","25.7","59.3",
07/10/26 14:44:59.901,"139930","1006","25.7","59.3",
07/10/26 14:45:04.903,"140520","1006","25.7","59.3",
07/10/26 14:45:09.903,"140900","1006","25.7","59.4",
07/10/26 14:45:14.903,"140710","1006","25.7","59.4",
07/10/26 14:45:19.903,"141300","1006","25.7","59.4",
07/10/26 14:45:24.902,"142280","1006","25.7","59.4",
07/10/26 14:45:29.903,"142670","1006","25.7","59.5",
07/10/26 14:45:34.903,"142090","1006","25.7","59.5",
07/10/26 14:45:39.903,"142870","1006","25.7","59.5",
07/10/26 14:45:44.903,"142670","1006","25.7","59.4",
07/10/26 14:45:49.903,"143460","1006","25.7","59.4",
07/10/26 14:45:54.903,"143650","1006","25.7","59.5",
07/10/26 14:45:59.903,"144440","1006","25.7","59.4",
07/10/26 14:46:04.903,"144830","1006","25.7","59.4",
07/10/26 14:46:09.903,"145220","1006","25.7","59.5",
07/10/26 14:46:14.903,"145810","1006","25.7","59.5",
07/10/26 14:46:19.903,"147260","1006","25.7","59.5",
07/10/26 14:46:24.903,"149740","1006","25.7","59.4",
07/10/26 14:46:29.904,"150150","1006","25.7","59.4",
07/10/26 14:46:34.904,"150570","1006","25.7","59.4",
07/10/26 14:46:39.904,"150970","1006","25.7","59.4",
07/10/26 14:46:44.903,"149730","1006","25.7","59.4",
07/10/26 14:46:49.903,"150970","1006","25.7","59.3",
07/10/26 14:46:54.903,"149730","1006","25.7","59.3",
07/10/26 14:46:59.903,"150350","1006","25.7","59.3",
07/10/26 14:47:04.904,"150970","1006","25.7","59.3",
07/10/26 14:47:09.903,"150970","1006","25.7","59.4",
07/10/26 14:47:14.903,"149940","1006","25.7","59.4",
07/10/26 14:47:19.903,"150150","1006","25.7","59.3",
07/10/26 14:47:24.904,"150770","1006","25.7","59.3",
07/10/26 14:47:29.904,"151390","1006","25.7","59.4",
07/10/26 14:47:34.903,"151800","1006","25.7","59.4",
07/10/26 14:47:39.904,"151590","1006","25.7","59.3",
07/10/26 14:47:44.904,"151590","1006","25.7","59.3",
07/10/26 14:47:49.904,"151800","1006","25.7","59.3",
07/10/26 14:47:54.904,"151180","1006","25.7","59.3",
07/10/26 14:47:59.904,"150970","1006","25.7","59.4",
07/10/26 14:48:04.904,"151800","1006","25.7","59.4",
07/10/26 14:48:09.904,"152000","1006","25.7","59.3",
07/10/26 14:48:14.904,"151800","1006","25.7","59.3",
07/10/26 14:48:19.903,"150970","1006","25.8","59.2",
07/10/26 14:48:24.904,"151590","1006","25.8","59.2",
07/10/26 14:48:29.904,"151390","1006","25.8","59.2",
07/10/26 14:48:34.904,"150970","1006","25.7","59.3",
07/10/26 14:48:39.904,"150970","1006","25.7","59.5",
07/10/26 14:48:44.904,"151800","1006","25.7","59.6",
07/10/26 14:48:49.904,"151590","1006","25.7","59.4",
07/10/26 14:48:54.904,"152420","1006","25.7","59.5",
07/10/26 14:48:59.905,"152000","1006","25.7","59.4",
07/10/26 14:49:04.904,"151590","1006","25.8","59.3",
07/10/26 14:49:09.905,"151800","1006","25.7","59.3",
07/10/26 14:49:14.904,"153070","1006","25.7","59.3",
07/10/26 14:49:19.904,"152850","1006","25.7","59.3",
07/10/26 14:49:24.904,"153510","1006","25.7","59.4",
07/10/26 14:49:29.904,"152210","1006","25.7","59.4",
07/10/26 14:49:34.905,"152000","1006","25.7","59.5",
07/10/26 14:49:39.905,"152850","1006","25.7","59.5",
07/10/26 14:49:44.905,"141690","1006","25.7","59.5",
07/10/26 14:49:49.905,"96800","1006","25.7","59.4",
07/10/26 14:49:54.905,"57330","1006","25.7","59.4",
07/10/26 14:49:59.905,"33850","1006","25.8","59.3",
07/10/26 14:50:04.905,"20450","1006","25.8","59.3",
07/10/26 14:50:09.905,"12550","1006","25.8","59.2",
07/10/26 14:50:14.905,"8120","1006","25.8","59.3",
07/10/26 14:50:19.905,"5590","1006","25.7","59.3",
07/10/26 14:50:24.905,"4090","1006","25.7","59.3",
07/10/26 14:50:29.905,"3210","1006","25.7","59.3",
07/10/26 14:50:34.905,"2630","1006","25.7","59.3",
07/10/26 14:50:39.905,"2190","1006","25.8","59.3",
07/10/26 14:50:44.905,"1910","1006","25.8","59.2",
07/10/26 14:50:49.905,"1690","1006","25.7","59.3",
07/10/26 14:50:54.905,"1520","1006","25.7","59.3",
07/10/26 14:50:59.905,"1360","1006","25.7","59.3",
07/10/26 14:51:04.906,"1270","1006","25.7","59.3",
07/10/26 14:51:09.906,"1160","1006","25.7","59.3",
07/10/26 14:51:14.906,"1060","1006","25.7","59.3",
07/10/26 14:51:19.905,"970","1006","25.7","59.4",
07/10/26 14:51:24.905,"900","1006","25.8","59.5",
07/10/26 14:51:29.905,"830","1006","25.8","59.3",
07/10/26 14:51:34.906,"760","1006","25.8","59.2",
07/10/26 14:51:39.906,"700","1006","25.8","59.2",
07/10/26 14:51:44.905,"650","1006","25.7","59.3",
07/10/26 14:51:49.906,"590","1006","25.7","59.3",
07/10/26 14:51:54.906,"570","1006","25.7","59.3",
07/10/26 14:51:59.906,"520","1006","25.7","59.3",
07/10/26 14:52:04.906,"470","1006","25.8","59.2",
07/10/26 14:52:09.906,"430","1006","25.8","59.2",
07/10/26 14:52:14.907,"370","1006","25.8","59.2",
07/10/26 14:52:19.906,"320","1006","25.7","59.3",
07/10/26 14:52:24.906,"300","1006","25.8","59.3",
07/10/26 14:52:29.906,"310","1006","25.8","59.3",
07/10/26 14:52:34.907,"310","1006","25.8","59.3",
07/10/26 14:52:39.906,"300","1006","25.8","59.2",
07/10/26 14:52:44.907,"280","1006","25.8","59.2",
07/10/26 14:52:49.907,"250","1006","25.8","59.2",
07/10/26 14:52:54.906,"210","1006","25.8","59.1",
07/10/26 14:52:59.906,"190","1006","25.8","59.1",
07/10/26 14:53:04.907,"190","1006","25.8","59.1",
07/10/26 14:53:09.906,"200","1006","25.8","59.1",
07/10/26 14:53:14.906,"210","1006","25.8","59.1",
07/10/26 14:53:19.906,"200","1006","25.8","59.1",
07/10/26 14:53:24.908,"160","1006","25.8","59.1",
07/10/26 14:53:29.907,"140","1006","25.8","59.1",
07/10/26 14:53:34.907,"140","1006","25.8","59.1",
07/10/26 14:53:39.907,"130","1006","25.8","59.1",
07/10/26 14:53:44.907,"130","1006","25.7","59.2",
07/10/26 14:53:49.907,"110","1006","25.7","59.2",
07/10/26 14:53:54.908,"110","1006","25.7","59.3",
07/10/26 14:53:59.908,"110","1006","25.7","59.3",
07/10/26 14:54:04.908,"100","1006","25.7","59.4",
07/10/26 14:54:09.907,"70","1006","25.7","59.3",
07/10/26 14:54:14.907,"70","1006","25.7","59.3",
07/10/26 14:54:19.907,"50","1006","25.7","59.3",
07/10/26 14:54:24.908,"60","1006","25.7","59.3",
07/10/26 14:54:29.907,"40","1006","25.7","59.3",
07/10/26 14:54:34.907,"40","1006","25.7","59.3",
07/10/26 14:54:39.908,"60","1006","25.7","59.3",
07/10/26 14:54:44.907,"80","1006","25.7","59.3",
07/10/26 14:54:49.908,"80","1006","25.7","59.3",
07/10/26 14:54:54.908,"70","1006","25.7","59.2",
07/10/26 14:54:59.908,"40","1006","25.7","59.2",
07/10/26 14:55:04.908,"40","1006","25.7","59.2",
07/10/26 14:55:09.908,"40","1006","25.7","59.2",
07/10/26 14:55:14.908,"60","1006","25.7","59.2",
07/10/26 14:55:19.908,"40","1006","25.7","59.2",
07/10/26 14:55:24.908,"50","1006","25.8","59.1",
07/10/26 14:55:29.908,"40","1006","25.8","59.2",
07/10/26 14:55:34.908,"40","1006","25.8","59.1",
07/10/26 14:55:39.908,"50","1006","25.8","59.1",
07/10/26 14:55:44.908,"30","1006","25.8","59.1",
07/10/26 14:55:49.909,"20","1006","25.8","59.1",
07/10/26 14:55:54.909,"20","1006","25.7","59.2",
07/10/26 14:55:59.908,"10","1006","25.8","59.2",
07/10/26 14:56:04.908,"20","1006","25.8","59.1",
07/10/26 14:56:09.909,"50","1006","25.8","59.1",
07/10/26 14:56:14.908,"40","1006","25.8","59.1",
07/10/26 14:56:19.909,"10","1006","25.8","59.1",
07/10/26 14:56:24.909,"0","1006","25.8","59.1",
07/10/26 14:56:29.908,"10","1006","25.8","59.1",
07/10/26 14:56:34.908,"0","1006","25.8","59.1",
07/10/26 14:56:39.909,"0","1006","25.7","59.2",
07/10/26 14:56:44.909,"0","1006","25.8","59.2",
07/10/26 14:56:49.909,"0","1006","25.8","59.1",
07/10/26 14:56:54.909,"10","1006","25.7","59.1",
07/10/26 14:56:59.909,"10","1006","25.7","59.2",
07/10/26 14:57:04.909,"10","1006","25.7","59.2",
07/10/26 14:57:09.909,"0","1006","25.7","59.2",
07/10/26 14:57:14.909,"30","1006","25.7","59.2",
07/10/26 14:57:19.909,"0","1006","25.7","59.2",
07/10/26 14:57:24.909,"10","1006","25.7","59.2",
07/10/26 14:57:29.909,"30","1006","25.8","59.2",
07/10/26 14:57:34.910,"30","1006","25.7","59.2",
07/10/26 14:57:39.910,"30","1006","25.8","59.2",
07/10/26 14:57:44.909,"30","1006","25.8","59.2",
07/10/26 14:57:49.910,"10","1006","25.7","59.2",
07/10/26 14:57:54.910,"0","1006","25.8","59.2",
07/10/26 14:57:59.910,"10","1006","25.7","59.2",
07/10/26 14:58:04.910,"20","1006","25.7","59.2",
07/10/26 14:58:09.909,"0","1006","25.7","59.2",
07/10/26 14:58:14.910,"0","1006","25.7","59.2",
07/10/26 14:58:19.910,"0","1006","25.7","59.3",
07/10/26 14:58:24.910,"30","1006","25.7","59.4",
07/10/26 14:58:29.910,"40","1006","25.8","59.4",
07/10/26 14:58:34.910,"40","1006","25.8","59.5",
07/10/26 14:58:39.910,"30","1006","25.8","59.5",
07/10/26 14:58:44.910,"10","1006","25.8","59.9",
07/10/26 14:58:49.910,"0","1006","25.8","59.7",
07/10/26 14:58:54.910,"0","1006","25.7","59.7",
07/10/26 14:58:59.910,"0","1006","25.7","59.6",
07/10/26 14:59:04.910,"10","1006","25.7","59.7",
07/10/26 14:59:09.910,"0","1006","25.7","59.9",
07/10/26 14:59:14.910,"0","1006","25.7","59.8",
07/10/26 14:59:19.910,"0","1006","25.7","59.7",
07/10/26 14:59:24.910,"0","1006","25.7","59.6",
07/10/26 14:59:29.911,"0","1006","25.7","59.4",
07/10/26 14:59:34.910,"0","1006","25.8","59.4",
07/10/26 14:59:39.911,"0","1006","25.7","59.4",
07/10/26 14:59:44.910,"0","1006","25.7","59.4",
07/10/26 14:59:49.911,"0","1006","25.8","59.3",
07/10/26 14:59:54.910,"0","1006","25.8","59.2",
07/10/26 14:59:59.911,"0","1006","25.8","59.2",
07/10/26 15:00:04.910,"0","1006","25.8","59.2",
07/10/26 15:00:09.911,"0","1006","25.8","59.2",
07/10/26 15:00:14.911,"0","1006","25.7","59.2",
07/10/26 15:00:19.911,"0","1006","25.7","59.3",
07/10/26 15:00:24.911,"0","1006","25.7","59.3",
07/10/26 15:00:29.911,"0","1006","25.7","59.4",
07/10/26 15:00:34.911,"20","1006","25.7","59.4",
07/10/26 15:00:39.911,"30","1006","25.7","59.4",
07/10/26 15:00:44.911,"30","1006","25.7","59.4",
07/10/26 15:00:49.911,"0","1006","25.7","59.4",
07/10/26 15:00:54.911,"0","1006","25.7","59.4",
07/10/26 15:00:59.912,"0","1006","25.7","59.3",
07/10/26 15:01:04.911,"0","1006","25.7","59.3",
07/10/26 15:01:09.911,"0","1006","25.7","59.3",
07/10/26 15:01:14.911,"0","1006","25.7","59.3",
07/10/26 15:01:19.911,"0","1006","25.7","59.4",
07/10/26 15:01:24.912,"0","1006","25.7","59.3",
07/10/26 15:01:29.911,"0","1006","25.7","59.3",
07/10/26 15:01:34.912,"0","1006","25.7","59.3",
07/10/26 15:01:39.912,"30","1006","25.7","59.3",
07/10/26 15:01:44.912,"0","1006","25.7","59.1",
07/10/26 15:01:49.912,"0","1006","25.7","59.3",
07/10/26 15:01:54.912,"10","1006","25.7","59.3",
07/10/26 15:01:59.911,"0","1006","25.7","59.3",
07/10/26 15:02:04.911,"10","1006","25.7","59.5",
07/10/26 15:02:09.912,"10","1006","25.7","59.4",
07/10/26 15:02:14.911,"10","1006","25.7","59.4",
07/10/26 15:02:19.912,"10","1006","25.8","59.3",
07/10/26 15:02:24.912,"20","1006","25.7","59.3",
07/10/26 15:02:29.912,"0","1006","25.7","59.3",
07/10/26 15:02:34.912,"0","1006","25.7","59.3",
07/10/26 15:02:39.912,"30","1006","25.7","59.3",
07/10/26 15:02:44.912,"0","1006","25.7","59.4",
07/10/26 15:02:49.913,"10","1006","25.7","59.3",
07/10/26 15:02:54.912,"0","1006","25.8","59.3",
07/10/26 15:02:59.912,"0","1006","25.8","59.3",
07/10/26 15:03:04.912,"0","1006","25.8","59.3",
07/10/26 15:03:09.912,"10","1006","25.8","59.2",
07/10/26 15:03:14.912,"10","1006","25.8","59.2",
07/10/26 15:03:19.913,"10","1006","25.8","59.1",
07/10/26 15:03:24.913,"30","1006","25.8","59.1",
07/10/26 15:03:29.913,"40","1006","25.8","59.1",
07/10/26 15:03:34.913,"40","1006","25.8","59.1",
07/10/26 15:03:39.913,"40","1006","25.8","59.2",
07/10/26 15:03:44.913,"30","1006","25.8","59.2",
07/10/26 15:03:49.912,"50","1006","25.8","59.1",
07/10/26 15:03:54.913,"40","1006","25.8","59.2",
07/10/26 15:03:59.913,"50","1006","25.8","59.2",
07/10/26 15:04:04.913,"50","1006","25.8","59.2",
07/10/26 15:04:09.913,"50","1006","25.8","59.1",
07/10/26 15:04:14.913,"70","1006","25.8","59.1",
07/10/26 15:04:19.913,"80","1006","25.8","59.1",
07/10/26 15:04:24.913,"70","1006","25.8","59.1",
07/10/26 15:04:29.913,"50","1006","25.8","59.1",
07/10/26 15:04:34.913,"60","1006","25.8","59.1",
07/10/26 15:04:39.913,"70","1006","25.8","59.1",
07/10/26 15:04:44.913,"80","1006","25.8","59.1",
07/10/26 15:04:49.914,"70","1006","25.8","59.1",
07/10/26 15:04:54.913,"40","1006","25.8","59.1",
07/10/26 15:04:59.914,"30","1006","25.8","59.2",
07/10/26 15:05:04.914,"30","1006","25.8","59.2",
07/10/26 15:05:09.914,"50","1006","25.8","59.1",
07/10/26 15:05:14.914,"60","1006","25.8","59.1",
07/10/26 15:05:19.914,"70","1006","25.8","59.1",
07/10/26 15:05:24.914,"40","1006","25.8","59.1",
07/10/26 15:05:29.914,"30","1006","25.8","59.1",
07/10/26 15:05:34.914,"10","1006","25.8","59.1",
07/10/26 15:05:39.914,"10","1006","25.8","59.1",
07/10/26 15:05:44.914,"40","1006","25.8","59.1",
07/10/26 15:05:49.914,"20","1006","25.8","59.1",
07/10/26 15:05:54.913,"30","1006","25.8","59.1",
07/10/26 15:05:59.914,"30","1006","25.8","59.1",
07/10/26 15:06:04.914,"30","1006","25.8","59.1",
07/10/26 15:06:09.914,"70","1006","25.8","59.1",
07/10/26 15:06:14.914,"80","1006","25.8","59.1",
07/10/26 15:06:19.914,"40","1006","25.8","59.1",
07/10/26 15:06:24.915,"50","1006","25.8","59.1",
07/10/26 15:06:29.914,"30","1006","25.8","59.1",
07/10/26 15:06:34.914,"30","1006","25.8","59.1",
07/10/26 15:06:39.914,"60","1006","25.8","59.2",
07/10/26 15:06:44.914,"70","1006","25.8","59.4",
07/10/26 15:06:49.915,"50","1006","25.8","59.3",
07/10/26 15:06:54.914,"70","1006","25.8","59.9",
07/10/26 15:06:59.914,"50","1006","25.8","59.7",
07/10/26 15:07:04.915,"30","1006","25.8","59.6",
07/10/26 15:07:09.915,"50","1006","25.8","59.6",
07/10/26 15:07:14.914,"50","1006","25.8","59.9",
07/10/26 15:07:19.914,"70","1006","25.8","60.1",
07/10/26 15:07:24.914,"50","1006","25.8","60.3",
07/10/26 15:07:29.915,"50","1006","25.8","60.6",
07/10/26 15:07:34.915,"50","1006","25.8","60.3",
07/10/26 15:07:39.915,"80","1006","25.8","60.8",
07/10/26 15:07:44.915,"50","1006","25.8","60.2",
07/10/26 15:07:49.915,"60","1006","25.8","59.8",
07/10/26 15:07:54.915,"60","1006","25.8","59.6",
07/10/26 15:07:59.915,"50","1006","25.8","59.5",
07/10/26 15:08:04.915,"70","1006","25.8","59.8",
07/10/26 15:08:09.915,"60","1006","25.8","60.4",
07/10/26 15:08:14.915,"70","1006","25.8","59.8",
07/10/26 15:08:19.915,"50","1006","25.8","60.3",
07/10/26 15:08:24.915,"50","1006","25.8","60.9",
07/10/26 15:08:29.915,"40","1006","25.8","60.4",
07/10/26 15:08:34.915,"60","1006","25.8","60.1",
07/10/26 15:08:39.915,"50","1006","25.8","59.8",
07/10/26 15:08:44.916,"20","1006","25.8","60",
07/10/26 15:08:49.916,"10","1006","25.8","60",
07/10/26 15:08:54.915,"40","1006","25.8","59.6",
07/10/26 15:08:59.916,"40","1006","25.8","59.6",
07/10/26 15:09:04.915,"50","1006","25.8","59.5",
07/10/26 15:09:09.915,"50","1006","25.8","59.4",
07/10/26 15:09:14.916,"50","1006","25.8","59.4",
07/10/26 15:09:19.916,"30","1006","25.8","59.4",
07/10/26 15:09:24.916,"10","1006","25.8","59.3",
07/10/26 15:09:29.916,"30","1006","25.8","59.3",
07/10/26 15:09:34.916,"70","1006","25.8","59.2",
07/10/26 15:09:39.916,"60","1006","25.8","59.2",
07/10/26 15:09:44.916,"60","1006","25.8","59.2",
07/10/26 15:09:46.913,"60","1006","25.8","59.1",
07/10/26 15:10:12.541,"0","1006","25.8","59.2",
07/10/26 15:10:17.543,"0","1006","25.8","59.2",
07/10/26 15:10:22.542,"0","1006","25.8","59.2",
07/10/26 15:10:27.541,"0","1006","25.8","59.5",
07/10/26 15:10:32.541,"0","1006","25.8","59.5",
07/10/26 15:10:37.541,"0","1006","25.8","59.5",
07/10/26 15:10:42.542,"0","1006","25.8","59.5",
07/10/26 15:10:47.545,"0","1006","25.8","60.2",
07/10/26 15:10:52.541,"10","1006","25.8","59.8",
07/10/26 15:10:57.541,"10","1006","25.8","59.5",
07/10/26 15:11:02.541,"0","1006","25.8","59.6",
07/10/26 15:11:07.541,"0","1006","25.8","59.5",
07/10/26 15:11:12.542,"0","1006","25.8","59.4",
07/10/26 15:11:17.542,"10","1006","25.8","59.4",
07/10/26 15:11:22.541,"10","1006","25.8","59.3",
07/10/26 15:11:27.542,"0","1006","25.8","59.3",
07/10/26 15:11:32.542,"0","1006","25.8","59.4",
07/10/26 15:11:37.542,"10","1006","25.8","59.4",
07/10/26 15:11:42.542,"10","1006","25.8","59.4",
07/10/26 15:11:47.542,"0","1006","25.8","59.3",
07/10/26 15:11:52.542,"0","1006","25.8","59.3",
07/10/26 15:11:57.542,"0","1006","25.8","59.3",
07/10/26 15:12:02.542,"0","1006","25.8","59.3",
07/10/26 15:12:07.542,"0","1006","25.8","59.3",
07/10/26 15:12:12.542,"0","1006","25.8","59.3",
07/10/26 15:12:17.542,"0","1006","25.8","59.3",
07/10/26 15:12:22.542,"0","1006","25.8","59.4",
07/10/26 15:12:27.543,"0","1006","25.8","59.4",
07/10/26 15:12:32.543,"0","1006","25.8","59.4",
07/10/26 15:12:37.542,"10","1005","25.8","59.4",
07/10/26 15:12:42.543,"20","1006","25.8","59.4",
07/10/26 15:12:47.542,"0","1006","25.8","59.3",
07/10/26 15:12:52.542,"0","1005","25.8","59.3",
07/10/26 15:12:57.543,"0","1006","25.8","59.3",
07/10/26 15:13:02.542,"0","1006","25.8","59.3",
07/10/26 15:13:07.543,"0","1006","25.8","59.3",
07/10/26 15:13:12.542,"0","1005","25.8","59.2",
07/10/26 15:13:17.543,"0","1006","25.8","59.3",
07/10/26 15:13:22.543,"0","1006","25.8","59.6",
07/10/26 15:13:27.542,"0","1006","25.8","59.5",
07/10/26 15:13:32.543,"0","1005","25.8","59.6",
07/10/26 15:13:37.542,"0","1006","25.8","59.4",
07/10/26 15:13:42.543,"10","1005","25.8","59.4",
07/10/26 15:13:47.543,"10","1006","25.8","59.3",
07/10/26 15:13:52.543,"0","1006","25.8","59.4",
07/10/26 15:13:57.543,"0","1006","25.8","59.4",
07/10/26 15:14:02.545,"0","1006","25.8","59.3",
07/10/26 15:14:07.543,"20","1006","25.8","59.3",
07/10/26 15:14:12.543,"0","1006","25.8","59.3",
07/10/26 15:14:17.544,"0","1005","25.8","59.3",
07/10/26 15:14:22.544,"0","1005","25.8","59.3",
07/10/26 15:14:27.543,"0","1005","25.8","59.2",
07/10/26 15:14:32.543,"0","1006","25.9","59.2",
07/10/26 15:14:37.544,"0","1006","25.9","59.2",
07/10/26 15:14:42.543,"0","1006","25.9","59.2",
07/10/26 15:14:47.543,"0","1005","25.9","59.2",
07/10/26 15:14:52.544,"10","1005","25.9","59.1",
07/10/26 15:14:57.544,"20","1005","25.9","59.2",
07/10/26 15:15:02.544,"0","1005","25.8","59.2",
07/10/26 15:15:07.543,"20","1006","25.8","59.2",
07/10/26 15:15:12.543,"0","1005","25.9","59.2",
07/10/26 15:15:17.544,"10","1006","25.9","59.1",
07/10/26 15:15:22.543,"0","1006","25.9","59.1",
07/10/26 15:15:27.543,"0","1005","25.9","59.2",
07/10/26 15:15:32.543,"10","1005","25.9","59.2",
07/10/26 15:15:37.544,"0","1005","25.9","59.1",
07/10/26 15:15:42.544,"0","1005","25.9","59.4",
07/10/26 15:15:47.544,"10","1005","25.9","59.4",
07/10/26 15:15:52.545,"0","1005","25.9","59.3",
07/10/26 15:15:57.544,"0","1005","25.9","59.2",
07/10/26 15:16:02.545,"0","1005","25.9","59.2",
07/10/26 15:16:07.545,"0","1005","25.9","59.2",
07/10/26 15:16:12.544,"0","1005","25.9","59.6",
07/10/26 15:16:17.544,"0","1005","25.8","59.2",
07/10/26 15:16:22.545,"0","1005","25.8","59.2",
07/10/26 15:16:27.545,"0","1005","25.8","59.2",
07/10/26 15:16:32.544,"0","1005","25.8","59.2",
07/10/26 15:16:37.545,"0","1005","25.8","59.3",
07/10/26 15:16:42.545,"0","1005","25.8","59.4",
07/10/26 15:16:47.545,"0","1005","25.8","59.4",
07/10/26 15:16:52.546,"0","1005","25.8","59.4",
07/10/26 15:16:57.544,"0","1005","25.8","59.3",
07/10/26 15:17:02.545,"10","1005","25.8","59.4",
07/10/26 15:17:07.545,"10","1005","25.8","59.3",
07/10/26 15:17:12.545,"0","1005","25.8","59.3",
07/10/26 15:17:17.545,"0","1005","25.8","59.5",
07/10/26 15:17:22.545,"0","1005","25.8","59.5",
07/10/26 15:17:27.546,"0","1005","25.8","59.4",
07/10/26 15:17:32.545,"0","1005","25.8","59.3",
07/10/26 15:17:37.545,"0","1005","25.8","59.3",
07/10/26 15:17:42.545,"0","1005","25.8","59.3",
07/10/26 15:17:47.545,"0","1005","25.8","59.3",
07/10/26 15:17:52.546,"0","1005","25.8","59.3",
07/10/26 15:17:57.545,"0","1005","25.8","59.3",
07/10/26 15:18:02.545,"0","1005","25.8","59.4",
07/10/26 15:18:07.545,"0","1005","25.9","59.6",
07/10/26 15:18:12.546,"0","1005","25.9","59.6",
07/10/26 15:18:17.545,"0","1005","25.9","59.5",
07/10/26 15:18:22.546,"10","1005","25.9","59.7",
07/10/26 15:18:27.545,"0","1005","25.8","59.5",
07/10/26 15:18:32.546,"0","1005","25.9","59.4",
07/10/26 15:18:37.546,"0","1005","25.9","59.4",
07/10/26 15:18:42.545,"0","1005","25.9","59.3",
07/10/26 15:18:47.546,"0","1005","25.9","59.3",
07/10/26 15:18:52.546,"0","1005","25.8","59.3",
07/10/26 15:18:57.545,"0","1005","25.9","59.3",
07/10/26 15:19:02.546,"0","1005","25.9","59.3",
07/10/26 15:19:07.546,"0","1005","25.9","59.3",
07/10/26 15:19:12.547,"0","1005","25.8","59.3",
07/10/26 15:19:17.546,"0","1005","25.9","59.3",
07/10/26 15:19:22.546,"0","1005","25.9","59.3",
07/10/26 15:19:27.546,"0","1005","25.8","59.3",
07/10/26 15:19:32.546,"0","1005","25.9","59.3",
07/10/26 15:19:37.546,"0","1005","25.9","59.3",
07/10/26 15:19:42.547,"0","1005","25.9","59.2",
07/10/26 15:19:47.547,"0","1005","25.9","59.3",
07/10/26 15:19:52.546,"0","1005","25.8","59.3",
07/10/26 15:19:57.547,"0","1005","25.8","59.3",
07/10/26 15:20:02.546,"0","1005","25.8","59.3",
07/10/26 15:20:07.546,"0","1005","25.9","59.3",
07/10/26 15:20:12.547,"10","1005","25.9","59.3",
07/10/26 15:20:17.547,"20","1005","25.9","59.2",
07/10/26 15:20:22.547,"0","1005","25.9","59.2",
07/10/26 15:20:27.547,"0","1005","25.9","59.2",
07/10/26 15:20:32.546,"0","1005","25.9","59.2",
07/10/26 15:20:37.547,"0","1005","25.9","59.2",
07/10/26 15:20:42.547,"0","1005","25.9","59.2",
07/10/26 15:20:47.547,"0","1005","25.9","59.2",
07/10/26 15:20:52.547,"10","1005","25.9","59.2",
07/10/26 15:20:57.547,"10","1005","25.9","59.2",
07/10/26 15:21:02.547,"0","1005","25.9","59.2",
07/10/26 15:21:07.548,"0","1005","25.9","59.2",
07/10/26 15:21:12.547,"0","1005","25.9","59.2",
07/10/26 15:21:17.547,"0","1005","25.9","59.2",
07/10/26 15:21:22.547,"0","1005","25.9","59.2",
07/10/26 15:21:27.547,"0","1005","25.9","59.2",
07/10/26 15:21:32.548,"0","1005","25.9","59.2",
07/10/26 15:21:37.548,"0","1005","25.9","59.1",
07/10/26 15:21:42.547,"0","1005","25.9","59.1",
07/10/26 15:21:47.547,"0","1005","25.9","59.2",
07/10/26 15:21:52.548,"0","1005","25.9","59.1",
07/10/26 15:21:57.547,"10","1005","25.9","59.1",
07/10/26 15:22:02.548,"0","1005","25.9","59.1",
07/10/26 15:22:07.548,"0","1005","25.9","59.1",
07/10/26 15:22:12.547,"0","1005","25.9","59.1",
07/10/26 15:22:17.548,"0","1005","25.9","59.1",
07/10/26 15:22:22.548,"0","1005","25.9","59.1",
07/10/26 15:22:27.548,"0","1005","25.9","59.2",
07/10/26 15:22:32.548,"0","1005","25.9","59.2",
07/10/26 15:22:37.548,"0","1005","25.9","59.2",
07/10/26 15:22:42.548,"0","1005","25.9","59.2",
07/10/26 15:22:47.548,"0","1005","25.9","59.2",
07/10/26 15:22:52.548,"0","1005","25.9","59.2",
07/10/26 15:22:57.549,"0","1005","25.9","59.3",
07/10/26 15:23:02.548,"0","1005","25.9","59.6",
07/10/26 15:23:07.548,"0","1005","25.8","59.3",
07/10/26 15:23:12.548,"0","1005","25.8","59.2",
07/10/26 15:23:17.548,"0","1005","25.9","59.2",
07/10/26 15:23:22.548,"0","1005","25.9","59.2",
07/10/26 15:23:27.548,"0","1005","25.9","59.2",
07/10/26 15:23:32.548,"0","1005","25.9","59.2",
07/10/26 15:23:37.548,"0","1005","25.9","59.1",
07/10/26 15:23:42.548,"0","1005","25.9","59.1",
07/10/26 15:23:47.549,"0","1005","25.9","59.2",
07/10/26 15:23:52.548,"0","1005","25.9","59.2",
07/10/26 15:23:57.548,"0","1005","25.8","59.2",
07/10/26 15:24:02.549,"0","1005","25.9","59.2",
07/10/26 15:24:07.549,"0","1005","25.9","59.2",
07/10/26 15:24:12.549,"0","1005","25.9","59.2",
07/10/26 15:24:17.549,"0","1005","25.9","59.2",
07/10/26 15:24:22.550,"0","1005","25.9","59.2",
07/10/26 15:24:27.549,"0","1005","25.9","59.2",
07/10/26 15:24:32.550,"0","1005","25.9","59.1",
07/10/26 15:24:37.549,"20","1005","25.9","59.2",
07/10/26 15:24:42.549,"0","1005","25.9","59.2",
07/10/26 15:24:47.550,"0","1005","25.8","59.3",
07/10/26 15:24:52.549,"0","1005","25.9","59.3",
07/10/26 15:24:57.550,"0","1005","25.8","59.3",
07/10/26 15:25:02.549,"0","1005","25.9","59.3",
07/10/26 15:25:07.549,"0","1005","25.9","59.3",
07/10/26 15:25:12.549,"0","1005","25.9","59.2",
07/10/26 15:25:17.549,"0","1005","25.9","59.2",
07/10/26 15:25:22.549,"10","1005","25.9","59.3",
07/10/26 15:25:27.550,"0","1005","25.8","59.3",
07/10/26 15:25:32.550,"0","1005","25.9","59.3",
07/10/26 15:25:37.550,"0","1005","25.8","59.3",
07/10/26 15:25:42.550,"0","1005","25.8","59.3",
07/10/26 15:25:47.550,"0","1005","25.9","59.3",
07/10/26 15:25:52.550,"0","1005","25.8","59.2",
07/10/26 15:25:57.549,"0","1005","25.9","59.2",
07/10/26 15:26:02.550,"0","1005","25.9","59.1",
07/10/26 15:26:07.550,"0","1005","25.9","59.2",
07/10/26 15:26:12.550,"0","1005","25.9","59.2",
07/10/26 15:26:17.550,"20","1005","25.8","59.2",
07/10/26 15:26:22.550,"0","1005","25.9","59.2",
07/10/26 15:26:27.550,"0","1005","25.8","59.2",
07/10/26 15:26:32.550,"10","1005","25.8","59.2",
07/10/26 15:26:37.550,"10","1005","25.9","59.2",
07/10/26 15:26:42.550,"0","1005","25.9","59.2",
07/10/26 15:26:47.550,"0","1005","25.9","59.2",
07/10/26 15:26:52.551,"0","1005","25.9","59.2",
07/10/26 15:26:57.551,"0","1005","25.9","59.2",
07/10/26 15:27:02.550,"10","1005","25.8","59.3",
07/10/26 15:27:07.551,"0","1005","25.8","59.3",
07/10/26 15:27:12.550,"0","1005","25.9","59.3",
07/10/26 15:27:17.551,"0","1005","25.9","59.3",
07/10/26 15:27:22.551,"0","1005","25.9","59.3",
07/10/26 15:27:27.551,"0","1005","25.8","59.3",
07/10/26 15:27:32.551,"0","1005","25.9","59.8",
07/10/26 15:27:37.550,"0","1005","25.9","59.6",
07/10/26 15:27:42.550,"0","1005","25.9","59.5",
07/10/26 15:27:47.550,"10","1005","25.9","59.5",
07/10/26 15:27:52.551,"10","1005","25.9","59.5",
07/10/26 15:27:57.550,"10","1005","25.9","59.4",
07/10/26 15:28:02.550,"90","1005","25.9","59.4",
07/10/26 15:28:07.551,"180","1005","25.9","59.3",
07/10/26 15:28:12.550,"350","1005","25.9","59.3",
07/10/26 15:28:17.551,"570","1005","25.9","59.3",
07/10/26 15:28:22.545,"820","1005","25.9","59.2",
07/10/26 15:28:27.546,"1090","1005","25.9","59.3",
07/10/26 15:28:32.551,"1360","1005","25.9","59.3",
07/10/26 15:28:37.543,"1710","1005","25.9","59.3",
07/10/26 15:28:42.551,"2070","1005","25.9","59.3",
07/10/26 15:28:47.547,"2430","1005","25.9","59.3",
07/10/26 15:28:52.551,"2870","1005","25.9","59.3",
07/10/26 15:28:57.549,"3290","1005","25.9","59.3",
07/10/26 15:29:02.553,"3700","1005","25.9","59.3",
07/10/26 15:29:07.548,"4170","1005","25.9","59.3",
07/10/26 15:29:12.551,"4640","1005","25.9","59.2",
07/10/26 15:29:17.550,"5120","1005","25.9","59.3",
07/10/26 15:29:22.539,"5610","1005","25.9","59.3",
07/10/26 15:29:27.551,"6070","1005","25.9","59.3",
07/10/26 15:29:32.553,"6520","1005","25.9","59.3",
07/10/26 15:29:37.548,"6940","1005","25.9","59.2",
07/10/26 15:29:42.551,"7490","1005","25.9","59.1",
07/10/26 15:29:47.551,"7950","1005","25.9","59.1",
07/10/26 15:29:52.549,"8470","1005","25.9","59.1",
07/10/26 15:29:57.548,"8950","1005","25.9","59.1",
07/10/26 15:30:02.546,"9540","1005","25.9","59.1",
07/10/26 15:30:07.538,"10070","1005","25.9","59.1",
07/10/26 15:30:12.545,"10570","1005","25.9","59.1",
07/10/26 15:30:17.550,"11080","1005","25.9","59.1",
07/10/26 15:30:22.553,"11610","1005","25.9","59.1",
07/10/26 15:30:27.553,"12200","1005","25.9","59.1",
07/10/26 15:30:32.543,"12710","1005","25.9","59",
07/10/26 15:30:37.538,"13170","1005","25.9","59.1",
07/10/26 15:30:42.549,"13810","1005","25.9","59.2",
07/10/26 15:30:47.540,"14430","1005","25.9","59.2",
07/10/26 15:30:52.551,"14950","1005","25.9","59.1",
07/10/26 15:30:57.538,"15550","1005","25.9","59.1",
07/10/26 15:31:02.540,"16090","1005","25.9","59",
07/10/26 15:31:07.543,"16690","1005","25.9","59",
07/10/26 15:31:12.543,"17060","1005","25.9","59.1",
07/10/26 15:31:17.538,"17660","1005","25.9","59.1",
07/10/26 15:31:22.553,"18150","1005","25.9","59",
07/10/26 15:31:27.540,"18700","1005","25.9","59.1",
07/10/26 15:31:32.541,"19250","1005","25.9","59.1",
07/10/26 15:31:37.549,"19830","1005","25.9","59",
07/10/26 15:31:42.550,"20250","1005","25.9","59",
07/10/26 15:31:47.542,"20790","1005","25.9","59.1",
07/10/26 15:31:52.549,"21390","1005","25.9","59.1",
07/10/26 15:31:57.540,"21970","1005","25.9","59",
07/10/26 15:32:02.540,"22540","1005","25.9","59",
07/10/26 15:32:07.553,"23000","1005","25.9","59",
07/10/26 15:32:12.546,"23440","1005","25.9","59",
07/10/26 15:32:17.553,"24010","1005","25.9","59",
07/10/26 15:32:22.542,"24470","1005","26","58.9",
07/10/26 15:32:27.548,"25010","1005","25.9","58.9",
07/10/26 15:32:32.553,"25600","1005","25.9","59",
07/10/26 15:32:37.544,"26270","1005","25.9","59",
07/10/26 15:32:42.548,"26650","1005","25.9","58.9",
07/10/26 15:32:47.544,"27310","1005","25.9","58.9",
07/10/26 15:32:52.552,"28010","1005","25.9","58.9",
07/10/26 15:32:57.544,"28350","1005","25.9","58.9",
07/10/26 15:33:02.539,"28900","1005","25.9","58.9",
07/10/26 15:33:07.548,"29350","1005","25.9","59",
07/10/26 15:33:12.539,"30020","1005","25.9","59",
07/10/26 15:33:17.541,"30520","1005","25.9","59",
07/10/26 15:33:22.540,"30850","1005","25.9","59",
07/10/26 15:33:27.543,"31360","1005","25.9","59",
07/10/26 15:33:32.553,"32020","1005","25.9","59",
07/10/26 15:33:37.550,"32510","1005","25.9","58.9",
07/10/26 15:33:42.546,"33100","1005","25.9","58.9",
07/10/26 15:33:47.552,"33490","1005","25.9","58.9",
07/10/26 15:33:52.542,"34040","1005","25.9","59",
07/10/26 15:33:57.548,"34310","1005","25.9","59",
07/10/26 15:34:02.552,"34790","1005","25.9","58.9",
07/10/26 15:34:07.545,"35320","1005","25.9","58.9",
07/10/26 15:34:12.547,"35810","1005","25.9","58.9",
07/10/26 15:34:17.550,"36300","1005","25.9","58.9",
07/10/26 15:34:22.541,"36760","1005","26","58.9",
07/10/26 15:34:27.550,"37360","1005","25.9","58.9",
07/10/26 15:34:32.549,"37830","1005","25.9","58.9",
07/10/26 15:34:37.540,"38230","1005","25.9","58.9",
07/10/26 15:34:42.548,"38630","1005","25.9","58.9",
07/10/26 15:34:47.551,"38890","1005","25.9","59",
07/10/26 15:34:52.541,"39470","1005","25.9","59",
07/10/26 15:34:57.551,"39970","1005","25.9","59",
07/10/26 15:35:02.554,"40650","1005","25.9","59",
07/10/26 15:35:07.554,"41080","1005","26","59",
07/10/26 15:35:12.555,"41500","1005","25.9","59",
07/10/26 15:35:17.554,"41880","1005","25.9","59",
07/10/26 15:35:22.554,"42210","1005","25.9","59",
07/10/26 15:35:27.554,"42840","1005","25.9","59",
07/10/26 15:35:32.554,"43430","1005","26","59.4",
07/10/26 15:35:37.554,"43470","1005","25.9","59.3",
07/10/26 15:35:42.555,"43820","1005","25.9","59.2",
07/10/26 15:35:47.555,"44130","1005","25.9","59.1",
07/10/26 15:35:52.554,"44730","1005","25.9","59.1",
07/10/26 15:35:57.554,"45390","1005","25.9","59",
07/10/26 15:36:02.554,"45860","1005","26","59",
07/10/26 15:36:07.555,"46490","1005","26","58.9",
07/10/26 15:36:12.555,"46750","1005","25.9","59",
07/10/26 15:36:17.555,"47390","1005","25.9","59",
07/10/26 15:36:22.555,"48040","1005","25.9","59",
07/10/26 15:36:27.555,"48250","1005","25.9","59",
07/10/26 15:36:32.554,"48800","1005","25.9","59",
07/10/26 15:36:37.555,"49090","1005","26","58.9",
07/10/26 15:36:42.555,"49640","1005","26","58.9",
07/10/26 15:36:47.555,"49770","1005","25.9","58.9",
07/10/26 15:36:52.555,"50320","1005","25.9","59",
07/10/26 15:36:57.556,"50720","1005","25.9","59",
07/10/26 15:37:02.555,"51070","1005","25.9","59",
07/10/26 15:37:07.555,"51720","1005","25.9","59",
07/10/26 15:37:12.555,"52420","1005","25.9","59",
07/10/26 15:37:17.555,"52600","1005","25.9","59",
07/10/26 15:37:22.555,"52840","1005","25.9","59",
07/10/26 15:37:27.555,"53150","1005","25.9","59",
07/10/26 15:37:32.555,"53630","1005","25.9","59",
07/10/26 15:37:37.555,"54060","1005","25.9","59",
07/10/26 15:37:42.556,"54740","1005","25.9","59",
07/10/26 15:37:47.556,"55180","1005","25.9","59",
07/10/26 15:37:52.556,"55440","1005","25.9","59",
07/10/26 15:37:57.555,"56010","1005","25.9","59",
07/10/26 15:38:02.555,"56650","1005","25.9","59",
07/10/26 15:38:07.555,"56520","1005","25.9","59",
07/10/26 15:38:12.556,"57170","1005","25.9","59",
07/10/26 15:38:17.555,"57830","1005","25.9","59",
07/10/26 15:38:22.556,"58020","1005","25.9","59",
07/10/26 15:38:27.555,"58220","1005","26","58.9",
07/10/26 15:38:32.556,"58490","1005","26","58.9",
07/10/26 15:38:37.556,"58690","1005","25.9","58.9",
07/10/26 15:38:42.556,"59240","1005","26","58.9",
07/10/26 15:38:47.556,"59510","1005","25.9","58.9",
07/10/26 15:38:52.555,"59920","1005","26","58.9",
07/10/26 15:38:57.556,"60120","1005","26","58.9",
07/10/26 15:39:02.556,"60820","1005","26","58.9",
07/10/26 15:39:07.556,"61030","1005","26","59",
07/10/26 15:39:12.556,"61460","1005","26","59",
07/10/26 15:39:17.556,"61750","1005","26","58.9",
07/10/26 15:39:22.557,"62310","1005","26","59",
07/10/26 15:39:27.556,"62100","1005","26","58.9",
07/10/26 15:39:32.556,"62670","1005","26","59",
07/10/26 15:39:37.556,"62960","1005","26","59",
07/10/26 15:39:42.556,"63480","1005","26","59",
07/10/26 15:39:47.556,"63780","1005","26","58.9",
07/10/26 15:39:52.556,"64370","1005","26","58.9",
07/10/26 15:39:57.556,"64970","1005","26","58.9",
07/10/26 15:40:02.557,"65190","1005","26","58.9",
07/10/26 15:40:07.556,"65270","1005","26","58.9",
07/10/26 15:40:12.556,"65880","1005","26","58.9",
07/10/26 15:40:17.556,"66190","1005","26","58.9",
07/10/26 15:40:22.557,"66660","1005","26","58.9",
07/10/26 15:40:27.557,"66510","1005","26","58.9",
07/10/26 15:40:32.557,"66970","1005","26","58.9",
07/10/26 15:40:37.557,"67280","1005","26","58.9",
07/10/26 15:40:42.557,"67280","1005","26","58.9",
07/10/26 15:40:47.557,"67830","1005","25.9","59",
07/10/26 15:40:52.557,"68470","1005","26","58.9",
07/10/26 15:40:57.556,"68710","1005","26","58.9",
07/10/26 15:41:02.557,"69120","1005","26","58.9",
07/10/26 15:41:07.557,"69600","1005","26","58.9",
07/10/26 15:41:12.557,"69920","1005","25.9","58.9",
07/10/26 15:41:17.557,"69760","1005","26","58.9",
07/10/26 15:41:22.557,"70240","1005","25.9","59",
07/10/26 15:41:27.557,"70580","1005","25.9","59",
07/10/26 15:41:32.557,"71420","1005","26","59",
07/10/26 15:41:37.557,"71750","1005","26","58.9",
07/10/26 15:41:42.557,"71420","1005","26","58.9",
07/10/26 15:41:47.557,"71590","1005","26","58.9",
07/10/26 15:41:52.557,"71760","1005","26","58.9",
07/10/26 15:41:57.558,"72170","1005","26","58.9",
07/10/26 15:42:02.557,"72260","1005","26","58.9",
07/10/26 15:42:07.557,"72520","1005","26","59",
07/10/26 15:42:12.557,"73110","1005","26","59",
07/10/26 15:42:17.557,"73200","1005","26","59",
07/10/26 15:42:22.557,"73900","1005","26","59",
07/10/26 15:42:27.557,"74350","1005","26","59",
07/10/26 15:42:32.558,"74350","1005","26","59",
07/10/26 15:42:37.557,"74350","1005","25.9","59.1",
07/10/26 15:42:42.558,"74880","1005","25.9","59",
07/10/26 15:42:47.558,"74960","1005","25.9","59",
07/10/26 15:42:52.558,"75140","1005","26","59",
07/10/26 15:42:57.558,"75490","1005","26","59",
07/10/26 15:43:02.558,"75760","1005","26","59",
07/10/26 15:43:07.558,"76410","1005","26","59",
07/10/26 15:43:12.558,"76870","1005","26","59",
07/10/26 15:43:17.558,"77140","1005","26","59",
07/10/26 15:43:22.558,"77510","1005","26","59",
07/10/26 15:43:27.558,"77880","1005","26","59",
07/10/26 15:43:32.558,"78330","1005","26","59",
07/10/26 15:43:37.558,"78250","1005","26","59",
07/10/26 15:43:42.558,"78060","1005","26","59",
07/10/26 15:43:47.558,"78620","1005","26","59",
07/10/26 15:43:52.558,"78620","1005","26","59",
07/10/26 15:43:57.558,"79000","1005","26","59",
07/10/26 15:44:02.558,"79480","1005","26","59",
07/10/26 15:44:07.558,"79770","1005","26","59",
07/10/26 15:44:12.559,"80540","1005","26","58.9",
07/10/26 15:44:17.558,"80540","1005","26","58.9",
07/10/26 15:44:22.558,"80930","1005","26","59",
07/10/26 15:44:27.558,"80730","1005","26","59",
07/10/26 15:44:32.559,"80830","1005","26","59",
07/10/26 15:44:37.559,"81220","1005","26","59",
07/10/26 15:44:42.559,"81320","1005","26","59",
07/10/26 15:44:47.558,"82000","1005","25.9","59",
07/10/26 15:44:52.559,"82500","1005","25.9","59",
07/10/26 15:44:57.558,"82500","1005","25.9","59",
07/10/26 15:45:02.558,"83010","1005","25.9","59",
07/10/26 15:45:07.558,"83210","1005","25.9","59",
07/10/26 15:45:12.558,"83210","1005","25.9","59.1",
07/10/26 15:45:17.558,"83420","1005","25.9","59.1",
07/10/26 15:45:22.559,"84220","1005","25.9","59.1",
07/10/26 15:45:27.559,"83720","1005","25.9","59.1",
07/10/26 15:45:32.559,"83420","1005","25.9","59.1",
07/10/26 15:45:37.559,"84120","1005","25.9","59.1",
07/10/26 15:45:42.559,"84120","1005","26","59",
07/10/26 15:45:47.559,"84320","1005","26","59.1",
07/10/26 15:45:52.559,"84320","1005","26","59",
07/10/26 15:45:57.559,"85140","1005","26","59",
07/10/26 15:46:02.559,"85350","1005","26","59",
07/10/26 15:46:07.559,"85560","1005","26","59",
07/10/26 15:46:12.560,"86190","1005","26","58.9",
07/10/26 15:46:17.560,"86720","1005","26","58.9",
07/10/26 15:46:22.559,"86930","1005","26","58.9",
07/10/26 15:46:27.559,"87150","1005","26","59",
07/10/26 15:46:32.559,"86730","1005","26","59",
07/10/26 15:46:37.560,"86940","1005","26","59",
07/10/26 15:46:42.559,"87260","1005","26","58.9",
07/10/26 15:46:47.559,"87680","1005","26","59",
07/10/26 15:46:52.560,"87680","1005","26","59",
07/10/26 15:46:57.560,"87790","1005","26","59",
07/10/26 15:47:02.560,"88000","1005","26","59",
07/10/26 15:47:07.559,"88530","1005","26","59",
07/10/26 15:47:12.560,"88640","1005","26","59",
07/10/26 15:47:17.560,"88750","1005","26","59",
07/10/26 15:47:22.559,"89980","1005","26","59",
07/10/26 15:47:27.559,"90090","1005","26","59",
07/10/26 15:47:32.560,"90200","1005","26","59",
07/10/26 15:47:37.560,"90200","1005","26","59",
07/10/26 15:47:42.560,"89980","1005","26","58.9",
07/10/26 15:47:47.560,"90320","1005","26","58.9",
07/10/26 15:47:52.560,"90870","1005","26","59",
07/10/26 15:47:57.560,"90650","1005","26","59",
07/10/26 15:48:02.560,"90540","1005","26","59",
07/10/26 15:48:07.561,"90870","1005","26","59",
07/10/26 15:48:12.560,"91210","1005","26","59",
07/10/26 15:48:17.560,"91430","1005","26","59",
07/10/26 15:48:22.561,"91320","1005","26","59",
07/10/26 15:48:27.560,"92210","1005","26","59",
07/10/26 15:48:32.561,"91540","1005","25.9","59",
07/10/26 15:48:37.560,"91770","1005","26","59",
07/10/26 15:48:42.560,"92330","1005","26","59",
07/10/26 15:48:47.560,"92800","1005","26","59",
07/10/26 15:48:52.560,"92800","1005","26","58.9",
07/10/26 15:48:57.561,"92690","1005","26","58.9",
07/10/26 15:49:02.561,"92800","1005","26","58.9",
07/10/26 15:49:07.560,"93040","1005","26","59",
07/10/26 15:49:12.561,"93040","1005","26","58.9",
07/10/26 15:49:17.561,"93390","1005","26","59",
07/10/26 15:49:22.561,"94320","1005","26","59",
07/10/26 15:49:27.560,"95020","1005","26","59",
07/10/26 15:49:32.560,"94900","1005","26","59",
07/10/26 15:49:37.560,"95130","1005","26","59",
07/10/26 15:49:42.561,"94910","1005","26","59",
07/10/26 15:49:47.561,"94670","1005","25.9","59.1",
07/10/26 15:49:52.561,"95140","1005","26","59",
07/10/26 15:49:57.561,"95490","1005","26","59",
07/10/26 15:50:02.561,"95370","1005","26","59",
07/10/26 15:50:07.561,"95370","1005","26","59",
07/10/26 15:50:12.561,"95600","1005","26","59",
07/10/26 15:50:17.561,"96090","1005","26","59",
07/10/26 15:50:22.561,"96580","1005","26","59",
07/10/26 15:50:27.561,"96340","1005","26","59",
07/10/26 15:50:32.561,"96700","1005","26","59",
07/10/26 15:50:37.561,"96330","1005","25.9","59",
07/10/26 15:50:42.562,"97190","1005","25.9","59.1",
07/10/26 15:50:47.561,"97930","1005","25.9","59.1",
07/10/26 15:50:52.562,"98180","1005","25.9","59",
07/10/26 15:50:57.561,"98180","1005","25.9","59.1",
07/10/26 15:51:02.561,"98300","1005","26","59",
07/10/26 15:51:07.562,"98060","1005","26","59",
07/10/26 15:51:12.561,"98060","1005","26","58.9",
07/10/26 15:51:17.561,"98300","1005","26","59",
07/10/26 15:51:22.562,"97820","1005","26","59",
07/10/26 15:51:27.562,"97940","1005","26","59",
07/10/26 15:51:32.562,"98310","1005","26","59",
07/10/26 15:51:37.561,"99040","1005","26","59",
07/10/26 15:51:42.562,"99040","1005","26","59",
07/10/26 15:51:47.562,"99410","1005","26","58.9",
07/10/26 15:51:52.561,"99660","1005","26","58.9",
07/10/26 15:51:57.562,"99920","1005","26","58.9",
07/10/26 15:52:02.562,"99920","1005","26","58.9",
07/10/26 15:52:07.562,"100040","1005","26","58.9",
07/10/26 15:52:12.562,"99790","1005","26","58.9",
07/10/26 15:52:17.562,"100430","1005","26","58.9",
07/10/26 15:52:22.562,"100430","1005","26","58.9",
07/10/26 15:52:27.562,"100430","1005","26","58.8",
07/10/26 15:52:32.562,"100950","1005","26","58.8",
07/10/26 15:52:37.562,"101340","1005","26","58.9",
07/10/26 15:52:42.562,"101210","1005","26","58.9",
07/10/26 15:52:47.562,"101340","1005","26","58.9",
07/10/26 15:52:52.562,"101340","1005","26","58.9",
07/10/26 15:52:57.562,"101340","1005","26","58.8",
07/10/26 15:53:02.562,"101460","1005","26","58.9",
07/10/26 15:53:07.563,"102230","1005","25.9","58.9",
07/10/26 15:53:12.563,"102360","1005","25.9","59",
07/10/26 15:53:17.563,"102230","1005","25.9","59",
07/10/26 15:53:22.562,"102360","1005","25.9","59",
07/10/26 15:53:27.562,"102360","1005","25.9","59",
07/10/26 15:53:32.563,"102230","1005","26","59",
07/10/26 15:53:37.562,"103140","1005","26","58.9",
07/10/26 15:53:42.562,"103010","1005","26","59",
07/10/26 15:53:47.563,"103400","1005","26","58.9",
07/10/26 15:53:52.563,"103520","1005","25.9","59",
07/10/26 15:53:57.563,"103400","1005","25.9","59",
07/10/26 15:54:02.563,"104050","1005","25.9","59",
07/10/26 15:54:07.563,"103520","1005","26","59",
07/10/26 15:54:12.563,"104330","1005","26","58.9",
07/10/26 15:54:17.563,"104460","1005","25.9","59",
07/10/26 15:54:22.563,"104330","1005","25.9","59",
07/10/26 15:54:27.563,"104600","1005","26","59",
07/10/26 15:54:32.563,"104870","1005","26","59",
07/10/26 15:54:37.563,"105280","1005","26","58.9",
07/10/26 15:54:42.563,"104870","1005","26","58.9",
07/10/26 15:54:47.563,"105280","1005","26","58.9",
07/10/26 15:54:52.563,"105820","1005","26","58.9",
07/10/26 15:54:57.563,"105140","1005","25.9","59",
07/10/26 15:55:02.563,"105680","1005","25.9","59",
07/10/26 15:55:07.563,"105680","1005","25.9","59",
07/10/26 15:55:12.563,"105960","1005","25.9","59",
07/10/26 15:55:17.563,"105960","1005","25.9","59",
07/10/26 15:55:22.563,"106500","1005","25.9","59",
07/10/26 15:55:27.563,"106230","1005","25.9","59",
07/10/26 15:55:32.563,"106090","1005","25.9","59.1",
07/10/26 15:55:37.564,"106090","1005","25.9","59",
07/10/26 15:55:42.563,"106770","1005","25.9","59",
07/10/26 15:55:47.563,"106910","1005","25.9","59",
07/10/26 15:55:52.564,"106500","1005","25.9","59",
07/10/26 15:55:57.564,"106230","1005","25.9","59",
07/10/26 15:56:02.563,"106770","1005","25.9","59",
07/10/26 15:56:07.564,"106910","1005","25.9","59",
07/10/26 15:56:12.564,"107050","1005","25.9","59",
07/10/26 15:56:17.564,"107050","1005","25.9","59",
07/10/26 15:56:22.564,"107050","1005","25.9","59",
07/10/26 15:56:27.563,"107450","1005","25.9","59",
07/10/26 15:56:32.564,"108130","1005","25.9","59",
07/10/26 15:56:37.564,"108130","1005","25.9","59",
07/10/26 15:56:42.564,"107860","1005","25.9","59",
07/10/26 15:56:47.564,"107590","1005","26","59",
07/10/26 15:56:52.564,"107990","1005","26","58.9",
07/10/26 15:56:57.564,"107990","1005","25.9","58.9",
07/10/26 15:57:02.564,"107450","1005","25.9","58.9",
07/10/26 15:57:07.564,"107450","1005","26","58.9",
07/10/26 15:57:12.564,"107450","1005","26","58.9",
07/10/26 15:57:17.564,"108560","1005","25.9","59",
07/10/26 15:57:22.565,"109130","1005","26","58.9",
07/10/26 15:57:27.564,"108990","1005","26","58.9",
07/10/26 15:57:32.565,"109270","1005","26","58.9",
07/10/26 15:57:37.565,"109410","1005","26","58.9",
07/10/26 15:57:42.564,"109270","1005","26","58.9",
07/10/26 15:57:47.564,"109850","1005","26","58.9",
07/10/26 15:57:52.565,"109700","1005","26","58.9",
07/10/26 15:57:57.565,"109850","1005","26","58.9",
07/10/26 15:58:02.564,"110130","1005","26","58.9",
07/10/26 15:58:07.565,"109850","1005","26","58.9",
07/10/26 15:58:12.564,"109420","1005","26","58.9",
07/10/26 15:58:17.565,"110130","1005","26","58.9",
07/10/26 15:58:22.565,"110280","1005","26","58.9",
07/10/26 15:58:27.565,"109700","1005","26","58.9",
07/10/26 15:58:32.565,"110130","1005","26","58.8",
07/10/26 15:58:37.565,"110280","1005","26","58.8",
07/10/26 15:58:42.565,"110850","1005","26","58.8",
07/10/26 15:58:47.565,"111280","1005","26","58.8",
07/10/26 15:58:52.565,"111280","1005","26","58.8",
07/10/26 15:58:57.565,"111700","1005","26","58.8",
07/10/26 15:59:02.565,"111560","1005","26","58.8",
07/10/26 15:59:07.565,"112270","1005","26","58.9",
07/10/26 15:59:12.565,"112420","1005","26","58.9",
07/10/26 15:59:17.565,"112270","1005","26","58.8",
07/10/26 15:59:22.565,"112560","1005","26","58.8",
07/10/26 15:59:27.565,"113310","1005","26","58.8",
07/10/26 15:59:32.566,"112420","1005","26","58.8",
07/10/26 15:59:37.566,"112420","1005","26","58.8",
07/10/26 15:59:42.565,"111990","1005","26","58.8",
07/10/26 15:59:47.566,"111990","1005","26","58.8",
07/10/26 15:59:52.566,"111850","1005","26","58.8",
07/10/26 15:59:57.565,"111850","1005","26","58.8",
07/10/26 16:00:02.565,"112710","1005","26","58.8",
07/10/26 16:00:07.565,"112710","1005","26","58.8",
07/10/26 16:00:12.566,"113010","1005","26","58.8",
07/10/26 16:00:17.565,"112570","1005","26","58.8",
07/10/26 16:00:22.565,"112710","1005","26","58.8",
07/10/26 16:00:27.566,"113610","1005","26","58.8",
07/10/26 16:00:32.566,"113760","1005","26","58.8",
07/10/26 16:00:37.566,"113610","1005","26","58.8",
07/10/26 16:00:42.565,"113310","1005","26","58.7",
07/10/26 16:00:47.566,"113610","1005","26","58.7",
07/10/26 16:00:52.566,"113610","1005","26","58.8",
07/10/26 16:00:57.566,"113460","1005","26","58.7",
07/10/26 16:01:02.566,"113460","1005","26","58.7",
07/10/26 16:01:07.566,"113010","1005","26","58.7",
07/10/26 16:01:12.565,"113460","1005","26","58.7",
07/10/26 16:01:17.566,"114070","1005","26","58.7",
07/10/26 16:01:22.566,"114520","1005","26","58.7",
07/10/26 16:01:27.566,"115120","1005","26","58.8",
07/10/26 16:01:32.567,"115120","1005","26","58.8",
07/10/26 16:01:37.566,"114820","1005","26","58.8",
07/10/26 16:01:42.566,"114060","1005","26","58.7",
07/10/26 16:01:47.567,"113760","1005","26","58.8",
07/10/26 16:01:52.566,"113610","1005","26","58.7",
07/10/26 16:01:57.566,"114670","1005","26","58.7",
07/10/26 16:02:02.566,"115270","1005","26","58.7",
07/10/26 16:02:07.566,"115120","1005","26","58.7",
07/10/26 16:02:12.567,"115120","1005","26","58.8",
07/10/26 16:02:17.566,"114670","1005","26","58.7",
07/10/26 16:02:22.566,"114820","1005","26","58.7",
07/10/26 16:02:27.567,"114670","1005","26","58.7",
07/10/26 16:02:32.567,"114970","1005","26","58.7",
07/10/26 16:02:37.566,"114970","1005","26","58.7",
07/10/26 16:02:42.567,"116170","1005","26","58.7",
07/10/26 16:02:47.567,"116170","1005","26","58.7",
07/10/26 16:02:52.566,"116170","1005","26","58.7",
07/10/26 16:02:57.567,"116330","1005","26","58.7",
07/10/26 16:03:02.567,"116180","1005","26","58.7",
07/10/26 16:03:07.566,"115580","1005","26","58.6",
07/10/26 16:03:12.566,"115730","1005","26","58.6",
07/10/26 16:03:17.567,"116180","1005","26","58.7",
07/10/26 16:03:22.567,"116930","1005","26","58.7",
07/10/26 16:03:27.567,"116180","1005","26","58.7",
07/10/26 16:03:32.567,"115730","1005","26","58.7",
07/10/26 16:03:37.567,"116480","1005","26","58.7",
07/10/26 16:03:42.567,"116780","1005","26","58.7",
07/10/26 16:03:47.567,"116030","1005","26","58.6",
07/10/26 16:03:52.567,"116480","1005","26","58.6",
07/10/26 16:03:57.567,"116480","1005","26","58.6",
07/10/26 16:04:02.567,"117230","1005","26","58.7",
07/10/26 16:04:07.568,"117380","1005","26","58.7",
07/10/26 16:04:12.568,"117080","1005","26","58.7",
07/10/26 16:04:17.567,"117230","1005","26","58.7",
07/10/26 16:04:22.568,"116930","1005","26","58.7",
07/10/26 16:04:27.567,"116930","1005","26","58.7",
07/10/26 16:04:32.568,"117230","1005","26","58.6",
07/10/26 16:04:37.567,"116930","1005","26","58.5",
07/10/26 16:04:42.567,"117230","1005","26","58.6",
07/10/26 16:04:47.567,"117230","1005","26","58.6",
07/10/26 16:04:52.567,"116780","1005","26","58.6",
07/10/26 16:04:57.568,"116480","1005","26","58.6",
07/10/26 16:05:02.568,"118010","1005","26","58.6",
07/10/26 16:05:07.567,"118330","1005","26","58.5",
07/10/26 16:05:12.567,"118010","1005","26","58.5",
07/10/26 16:05:17.568,"118640","1005","26","58.6",
07/10/26 16:05:22.567,"117390","1005","26","58.6",
07/10/26 16:05:27.568,"117700","1005","26","58.5",
07/10/26 16:05:32.568,"117240","1005","26","58.5",
07/10/26 16:05:37.567,"117540","1005","26","58.5",
07/10/26 16:05:42.568,"118490","1005","26","58.5",
07/10/26 16:05:47.568,"118960","1005","26","58.6",
07/10/26 16:05:52.568,"118640","1005","26","58.6",
07/10/26 16:05:57.568,"118800","1005","26","58.6",
07/10/26 16:06:02.568,"118960","1005","26","58.6",
07/10/26 16:06:07.569,"119270","1005","26","58.6",
07/10/26 16:06:12.568,"119910","1005","26","58.6",
07/10/26 16:06:17.568,"120070","1005","26","58.7",
07/10/26 16:06:22.568,"120390","1005","26","58.7",
07/10/26 16:06:27.568,"119430","1005","26","58.6",
07/10/26 16:06:32.568,"119430","1005","26","58.6",
07/10/26 16:06:37.568,"119590","1005","26","58.6",
07/10/26 16:06:42.568,"119430","1005","26","58.6",
07/10/26 16:06:47.568,"119120","1005","26","58.6",
07/10/26 16:06:52.569,"119750","1005","26","58.6",
07/10/26 16:06:57.568,"119590","1005","26","58.6",
07/10/26 16:07:02.568,"119270","1005","26","58.6",
07/10/26 16:07:07.569,"119590","1005","26","58.6",
07/10/26 16:07:12.569,"119750","1005","26","58.7",
07/10/26 16:07:17.568,"120700","1005","26","58.7",
07/10/26 16:07:22.568,"120700","1005","26","58.7",
07/10/26 16:07:27.569,"120390","1005","26","58.7",
07/10/26 16:07:32.568,"120540","1005","26","58.7",
07/10/26 16:07:37.569,"121490","1005","26","58.8",
07/10/26 16:07:42.569,"120700","1005","26","58.7",
07/10/26 16:07:47.569,"120700","1005","26","58.7",
07/10/26 16:07:52.568,"120540","1005","26","58.6",
07/10/26 16:07:57.569,"120070","1005","26","58.6",
07/10/26 16:08:02.569,"120860","1005","26","58.7",
07/10/26 16:08:07.569,"121490","1005","26","58.7",
07/10/26 16:08:12.569,"121020","1005","26","58.6",
07/10/26 16:08:17.569,"120860","1005","26","58.6",
07/10/26 16:08:22.569,"120860","1005","26","58.8",
07/10/26 16:08:27.569,"120070","1005","26","58.8",
07/10/26 16:08:32.569,"120540","1005","26","58.7",
07/10/26 16:08:37.569,"121180","1005","26","58.7",
07/10/26 16:08:42.570,"120860","1005","26","58.7",
07/10/26 16:08:47.569,"120860","1005","26","58.7",
07/10/26 16:08:52.569,"121340","1005","26","58.6",
07/10/26 16:08:57.570,"121020","1005","26","58.6",
07/10/26 16:09:02.569,"121180","1005","26","58.6",
07/10/26 16:09:07.569,"121970","1005","26","58.6",
07/10/26 16:09:12.570,"121810","1005","26","58.5",
07/10/26 16:09:17.569,"121970","1005","26","58.5",
07/10/26 16:09:22.570,"121490","1005","26","58.5",
07/10/26 16:09:27.569,"122290","1005","26","58.5",
07/10/26 16:09:32.570,"122130","1005","26.1","58.4",
07/10/26 16:09:37.570,"121970","1005","26.1","58.4",
07/10/26 16:09:42.570,"122130","1005","26.1","58.4",
07/10/26 16:09:47.570,"121810","1005","26.1","58.4",
07/10/26 16:09:52.570,"122130","1005","26.1","58.4",
07/10/26 16:09:57.570,"122440","1005","26.1","58.4",
07/10/26 16:10:02.569,"122600","1005","26.1","58.3",
07/10/26 16:10:07.570,"122440","1005","26.1","58.3",
07/10/26 16:10:12.570,"122440","1005","26.1","58.2",
07/10/26 16:10:17.570,"123110","1005","26.1","58.3",
07/10/26 16:10:22.570,"123610","1005","26.1","58.4",
07/10/26 16:10:27.570,"123610","1005","26.1","58.3",
07/10/26 16:10:32.569,"124110","1005","26.1","58.3",
07/10/26 16:10:37.570,"123270","1005","26.1","58.4",
07/10/26 16:10:42.571,"123440","1005","26.1","58.4",
07/10/26 16:10:47.570,"122940","1005","26.1","58.3",
07/10/26 16:10:52.571,"122770","1005","26.1","58.3",
07/10/26 16:10:57.570,"123270","1005","26.1","58.4",
07/10/26 16:11:02.570,"123940","1005","26.1","58.3",
07/10/26 16:11:07.570,"124110","1005","26.1","58.3",
07/10/26 16:11:12.570,"123610","1005","26.1","58.3",
07/10/26 16:11:17.571,"123610","1005","26.1","58.3",
07/10/26 16:11:22.570,"123610","1005","26.1","58.3",
07/10/26 16:11:27.571,"123610","1005","26.1","58.3",
07/10/26 16:11:32.570,"123270","1005","26.1","58.4",
07/10/26 16:11:37.570,"122770","1005","26.1","58.4",
07/10/26 16:11:42.570,"123110","1005","26.1","58.3",
07/10/26 16:11:47.571,"123440","1005","26.1","58.3",
07/10/26 16:11:52.571,"123110","1005","26.1","58.3",
07/10/26 16:11:57.571,"124110","1005","26.1","58.3",
07/10/26 16:12:02.570,"123770","1005","26.1","58.3",
07/10/26 16:12:07.571,"123440","1005","26.1","58.3",
07/10/26 16:12:12.571,"123270","1005","26.1","58.3",
07/10/26 16:12:17.571,"124110","1005","26.1","58.4",
07/10/26 16:12:22.571,"124110","1005","26.1","58.4",
07/10/26 16:12:27.571,"123110","1005","26.1","58.4",
07/10/26 16:12:32.571,"122940","1005","26.1","58.4",
07/10/26 16:12:37.571,"123610","1005","26.1","58.3",
07/10/26 16:12:42.572,"124110","1005","26.1","58.3",
07/10/26 16:12:47.571,"123770","1005","26.1","58.3",
07/10/26 16:12:52.571,"123270","1005","26.1","58.3",
07/10/26 16:12:57.571,"123770","1005","26.1","58.3",
07/10/26 16:13:02.571,"123610","1005","26.1","58.3",
07/10/26 16:13:07.571,"123610","1005","26.1","58.3",
07/10/26 16:13:12.571,"123440","1005","26.1","58.3",
07/10/26 16:13:17.572,"124610","1005","26.1","58.2",
07/10/26 16:13:22.571,"124780","1005","26.1","58.2",
07/10/26 16:13:27.571,"125280","1005","26.1","58.2",
07/10/26 16:13:32.572,"125280","1005","26.1","58.2",
07/10/26 16:13:37.571,"124940","1005","26.1","58.1",
07/10/26 16:13:42.571,"125280","1005","26.1","58.2",
07/10/26 16:13:47.571,"125610","1005","26.1","58.2",
07/10/26 16:13:52.572,"125280","1005","26.1","58.2",
07/10/26 16:13:57.572,"124780","1005","26.1","58.2",
07/10/26 16:14:02.571,"124610","1005","26.1","58.2",
07/10/26 16:14:07.571,"124780","1005","26","58.3",
07/10/26 16:14:12.572,"124270","1005","26.1","58.3",
07/10/26 16:14:17.572,"125110","1005","26","58.4",
07/10/26 16:14:22.572,"124940","1005","26","58.4",
07/10/26 16:14:27.572,"125280","1005","26","58.5",
07/10/26 16:14:32.572,"125280","1005","26","58.5",
07/10/26 16:14:37.572,"125610","1005","26","58.5",
07/10/26 16:14:42.572,"125950","1005","26","58.5",
07/10/26 16:14:47.572,"126450","1005","26","58.5",
07/10/26 16:14:52.572,"126110","1005","26","58.5",
07/10/26 16:14:57.573,"125610","1005","26","58.5",
07/10/26 16:15:02.572,"125440","1005","26","58.5",
07/10/26 16:15:07.572,"125950","1005","26","58.5",
07/10/26 16:15:12.572,"125950","1005","26","58.6",
07/10/26 16:15:17.572,"126110","1005","26","58.5",
07/10/26 16:15:22.573,"126610","1005","26","58.5",
07/10/26 16:15:27.572,"126110","1005","26","58.6",
07/10/26 16:15:32.573,"126280","1005","26","58.6",
07/10/26 16:15:37.572,"126110","1005","26","58.6",
07/10/26 16:15:42.572,"126610","1005","26","58.7",
07/10/26 16:15:47.572,"126110","1005","26","58.7",
07/10/26 16:15:52.573,"126110","1005","26","58.6",
07/10/26 16:15:57.573,"126280","1005","26","58.6",
07/10/26 16:16:02.573,"126610","1005","26","58.5",
07/10/26 16:16:07.572,"127290","1005","26","58.5",
07/10/26 16:16:12.573,"126610","1005","26","58.5",
07/10/26 16:16:17.572,"127120","1005","26","58.5",
07/10/26 16:16:22.573,"126950","1005","26","58.5",
07/10/26 16:16:27.573,"127120","1005","26","58.5",
07/10/26 16:16:32.573,"127290","1005","26","58.6",
07/10/26 16:16:37.573,"126950","1005","26","58.6",
07/10/26 16:16:42.573,"127950","1005","26","58.5",
07/10/26 16:16:47.573,"127290","1005","26","58.5",
07/10/26 16:16:52.573,"127290","1005","26","58.5",
07/10/26 16:16:57.573,"127450","1005","26","58.5",
07/10/26 16:17:02.573,"126780","1005","26","58.5",
07/10/26 16:17:07.573,"127290","1005","26","58.5",
07/10/26 16:17:12.573,"127450","1005","26","58.5",
07/10/26 16:17:17.574,"127290","1005","26.1","58.4",
07/10/26 16:17:22.573,"128130","1005","26.1","58.3",
07/10/26 16:17:27.573,"127290","1005","26.1","58.4",
07/10/26 16:17:32.573,"126950","1005","26.1","58.4",
07/10/26 16:17:37.573,"126950","1005","26.1","58.4",
07/10/26 16:17:42.573,"127450","1005","26.1","58.4",
07/10/26 16:17:47.573,"127450","1005","26","58.5",
07/10/26 16:17:52.573,"127290","1005","26.1","58.5",
07/10/26 16:17:57.574,"127450","1005","26","58.5",
07/10/26 16:18:02.574,"126950","1005","26","58.5",
07/10/26 16:18:07.574,"127120","1005","26.1","58.5",
07/10/26 16:18:12.573,"127950","1005","26","58.5",
07/10/26 16:18:17.574,"127620","1005","26.1","58.5",
07/10/26 16:18:22.573,"127950","1005","26.1","58.5",
07/10/26 16:18:27.574,"126780","1005","26.1","58.5",
07/10/26 16:18:32.574,"126110","1005","26","58.5",
07/10/26 16:18:37.574,"127120","1005","26.1","58.5",
07/10/26 16:18:42.574,"126780","1005","26.1","58.4",
07/10/26 16:18:47.573,"126780","1005","26.1","58.4",
07/10/26 16:18:52.574,"127290","1005","26.1","58.4",
07/10/26 16:18:57.574,"127620","1005","26.1","58.3",
07/10/26 16:19:02.574,"127780","1005","26.1","58.3",
07/10/26 16:19:07.574,"128830","1005","26.1","58.3",
07/10/26 16:19:12.574,"128130","1005","26","58.4",
07/10/26 16:19:17.574,"126950","1005","26","58.4",
07/10/26 16:19:22.574,"127290","1005","26","58.5",
07/10/26 16:19:27.574,"127780","1005","26","58.4",
07/10/26 16:19:32.575,"128130","1005","26","58.4",
07/10/26 16:19:37.575,"127780","1005","26","58.4",
07/10/26 16:19:42.574,"128130","1005","26.1","58.4",
07/10/26 16:19:47.575,"128300","1005","26","58.4",
07/10/26 16:19:52.574,"128650","1005","26","58.4",
07/10/26 16:19:57.574,"128480","1005","26.1","58.4",
07/10/26 16:20:02.575,"127950","1005","26","58.4",
07/10/26 16:20:07.574,"129180","1005","26","58.4",
07/10/26 16:20:12.575,"128300","1005","26","58.4",
07/10/26 16:20:17.575,"127620","1005","26","58.4",
07/10/26 16:20:22.575,"128480","1005","26","58.4",
07/10/26 16:20:27.575,"128480","1005","26","58.4",
07/10/26 16:20:32.575,"127780","1005","26","58.4",
07/10/26 16:20:37.575,"129000","1005","26","58.4",
07/10/26 16:20:42.575,"128650","1005","26","58.4",
07/10/26 16:20:47.575,"129360","1005","26.1","58.3",
07/10/26 16:20:52.575,"129000","1005","26.1","58.4",
07/10/26 16:20:57.574,"129180","1005","26","58.4",
07/10/26 16:21:02.575,"128130","1005","26","58.4",
07/10/26 16:21:07.575,"128130","1005","26","58.4",
07/10/26 16:21:12.575,"128300","1005","26","58.4",
07/10/26 16:21:17.575,"128480","1005","26","58.4",
07/10/26 16:21:22.574,"129000","1005","26","58.5",
07/10/26 16:21:27.575,"129180","1005","26","58.5",
07/10/26 16:21:32.575,"129180","1005","26","58.5",
07/10/26 16:21:37.575,"128830","1005","26","58.4",
07/10/26 16:21:42.575,"129180","1005","26","58.4",
07/10/26 16:21:47.575,"129710","1005","26","58.4",
07/10/26 16:21:52.575,"129360","1005","26","58.4",
07/10/26 16:21:57.575,"128830","1005","26","58.4",
07/10/26 16:22:02.576,"128650","1005","26","58.4",
07/10/26 16:22:07.576,"128300","1005","26","58.4",
07/10/26 16:22:12.576,"129180","1005","26","58.4",
07/10/26 16:22:17.576,"129000","1005","26","58.4",
07/10/26 16:22:22.575,"129710","1005","26","58.4",
07/10/26 16:22:27.575,"129890","1005","26.1","58.4",
07/10/26 16:22:32.576,"129530","1005","26","58.4",
07/10/26 16:22:37.576,"129530","1005","26","58.4",
07/10/26 16:22:42.576,"129360","1005","26","58.5",
07/10/26 16:22:47.576,"130410","1005","26","58.4",
07/10/26 16:22:52.576,"129890","1005","26","58.4",
07/10/26 16:22:57.575,"129890","1005","26","58.4",
07/10/26 16:23:02.576,"129710","1005","26","58.4",
07/10/26 16:23:07.576,"129000","1005","26","58.4",
07/10/26 16:23:12.575,"129890","1005","26","58.4",
07/10/26 16:23:17.576,"130060","1005","26","58.4",
07/10/26 16:23:22.576,"130410","1005","26","58.4",
07/10/26 16:23:27.576,"130590","1005","26","58.4",
07/10/26 16:23:32.576,"129710","1005","26","58.4",
07/10/26 16:23:37.576,"130410","1005","26","58.4",
07/10/26 16:23:42.576,"129710","1005","26","58.4",
07/10/26 16:23:47.576,"129180","1005","26","58.4",
07/10/26 16:23:52.576,"129890","1005","26","58.4",
07/10/26 16:23:57.576,"129530","1005","26","58.4",
07/10/26 16:24:02.576,"130060","1005","26","58.4",
07/10/26 16:24:07.576,"130240","1005","26","58.4",
07/10/26 16:24:12.576,"131820","1005","26","58.4",
07/10/26 16:24:17.576,"131120","1005","26","58.4",
07/10/26 16:24:22.576,"130940","1005","26","58.4",
07/10/26 16:24:27.576,"131470","1005","26","58.4",
07/10/26 16:24:32.577,"130770","1005","26","58.4",
07/10/26 16:24:37.576,"130590","1005","26","58.4",
07/10/26 16:24:42.576,"129530","1005","26","58.4",
07/10/26 16:24:47.577,"129710","1005","26","58.4",
07/10/26 16:24:52.577,"129710","1005","26","58.4",
07/10/26 16:24:57.577,"130060","1005","26","58.4",
07/10/26 16:25:02.577,"131300","1005","26","58.4",
07/10/26 16:25:07.577,"131300","1005","26","58.3",
07/10/26 16:25:12.577,"131820","1005","26","58.3",
07/10/26 16:25:17.576,"130940","1005","26","58.3",
07/10/26 16:25:22.576,"131820","1005","26","58.3",
07/10/26 16:25:27.577,"131820","1005","26","58.3",
07/10/26 16:25:32.577,"131300","1005","26","58.3",
07/10/26 16:25:37.576,"131820","1005","26.1","58.3",
07/10/26 16:25:42.577,"130940","1005","26","58.3",
07/10/26 16:25:47.577,"131470","1005","26","58.3",
07/10/26 16:25:52.577,"131120","1005","26","58.3",
07/10/26 16:25:57.578,"130940","1005","26","58.3",
07/10/26 16:26:02.577,"130940","1005","26","58.3",
07/10/26 16:26:07.578,"131120","1005","26","58.3",
07/10/26 16:26:12.577,"131120","1005","26","58.3",
07/10/26 16:26:17.578,"130770","1005","26","58.3",
07/10/26 16:26:22.578,"131300","1005","26","58.3",
07/10/26 16:26:27.578,"131300","1005","26","58.3",
07/10/26 16:26:32.577,"131650","1005","26","58.3",
07/10/26 16:26:37.578,"131120","1005","26","58.3",
07/10/26 16:26:42.577,"130770","1005","26","58.3",
07/10/26 16:26:47.578,"130770","1005","26","58.3",
07/10/26 16:26:52.578,"130770","1005","26","58.3",
07/10/26 16:26:57.578,"130590","1005","26","58.3",
07/10/26 16:27:02.577,"130940","1005","26","58.2",
07/10/26 16:27:07.578,"130940","1005","26","58.2",
07/10/26 16:27:12.578,"131820","1005","26","58.2",
07/10/26 16:27:17.577,"131470","1005","26","58.2",
07/10/26 16:27:22.578,"131300","1005","26","58.2",
07/10/26 16:27:27.578,"131470","1005","26","58.2",
07/10/26 16:27:32.578,"131820","1005","26","58.2",
07/10/26 16:27:37.578,"131470","1005","26","58.2",
07/10/26 16:27:42.578,"131120","1005","26","58.2",
07/10/26 16:27:47.578,"130240","1005","26.1","58.2",
07/10/26 16:27:52.578,"130770","1005","26.1","58.2",
07/10/26 16:27:57.578,"131120","1005","26.1","58.2",
07/10/26 16:28:02.578,"131120","1005","26","58.2",
07/10/26 16:28:07.579,"130770","1005","26","58.2",
07/10/26 16:28:12.578,"130770","1005","26","58.2",
07/10/26 16:28:17.579,"132350","1005","26","58.2",
07/10/26 16:28:22.578,"131120","1005","26","58.2",
07/10/26 16:28:27.579,"131470","1005","26","58.2",
07/10/26 16:28:32.579,"131120","1005","26","58.2",
07/10/26 16:28:37.578,"131820","1005","26","58.2",
07/10/26 16:28:42.578,"132350","1005","26","58.2",
07/10/26 16:28:47.579,"133580","1005","26","58.2",
07/10/26 16:28:52.579,"132880","1005","26","58.2",
07/10/26 16:28:57.579,"132700","1005","26","58.2",
07/10/26 16:29:02.579,"132530","1005","26","58.2",
07/10/26 16:29:07.579,"132530","1005","26","58.3",
07/10/26 16:29:12.578,"132000","1005","26","58.3",
07/10/26 16:29:17.578,"130940","1005","26","58.3",
07/10/26 16:29:22.579,"131470","1005","26","58.3",
07/10/26 16:29:27.578,"131470","1005","26","58.2",
07/10/26 16:29:32.579,"132170","1005","26","58.2",
07/10/26 16:29:37.579,"132350","1005","26","58.2",
07/10/26 16:29:42.579,"132000","1005","26","58.2",
07/10/26 16:29:47.578,"131650","1005","26","58.2",
07/10/26 16:29:52.579,"132000","1005","26","58.2",
07/10/26 16:29:57.579,"131820","1005","26","58.1",
07/10/26 16:30:02.579,"132170","1005","26","58.1",
07/10/26 16:30:07.579,"132000","1005","26","58.1",
07/10/26 16:30:12.579,"132350","1005","26","58.2",
07/10/26 16:30:17.579,"132700","1005","26","58.2",
07/10/26 16:30:22.579,"132880","1005","26","58.1",
07/10/26 16:30:27.579,"133230","1005","26","58.2",
07/10/26 16:30:32.579,"133410","1005","26","58.2",
07/10/26 16:30:37.579,"133230","1005","26","58.2",
07/10/26 16:30:42.580,"132880","1005","26","58.2",
07/10/26 16:30:47.579,"132700","1005","26","58.2",
07/10/26 16:30:52.580,"132530","1005","26","58.2",
07/10/26 16:30:57.580,"132170","1005","26","58.1",
07/10/26 16:31:02.580,"133060","1005","26","58.1",
07/10/26 16:31:07.580,"131820","1005","26.1","58.1",
07/10/26 16:31:12.580,"132530","1005","26.1","58",
07/10/26 16:31:17.580,"132700","1005","26","58",
07/10/26 16:31:22.580,"132530","1005","26","58.1",
07/10/26 16:31:27.580,"131820","1005","26","58.1",
07/10/26 16:31:32.580,"132170","1005","26","58.1",
07/10/26 16:31:37.579,"132000","1005","26","58.1",
07/10/26 16:31:42.580,"131820","1005","26","58.1",
07/10/26 16:31:47.580,"132880","1005","26","58.1",
07/10/26 16:31:52.581,"132700","1005","26","58.1",
07/10/26 16:31:57.580,"132530","1005","26","58.1",
07/10/26 16:32:02.580,"133410","1005","26","58.1",
07/10/26 16:32:07.580,"132880","1005","26","58.2",
07/10/26 16:32:12.580,"133230","1005","26","58.2",
07/10/26 16:32:17.581,"133410","1005","26","58.2",
07/10/26 16:32:22.580,"133410","1005","26","58.1",
07/10/26 16:32:27.581,"133230","1005","26","58.1",
07/10/26 16:32:32.581,"133580","1005","26","58.1",
07/10/26 16:32:37.581,"133950","1005","26","58.1",
07/10/26 16:32:42.580,"134330","1005","26","58.1",
07/10/26 16:32:47.581,"132880","1005","26","58.1",
07/10/26 16:32:52.581,"133230","1005","26","58.1",
07/10/26 16:32:57.581,"132880","1005","26","58.1",
07/10/26 16:33:02.580,"133410","1005","26","58.1",
07/10/26 16:33:07.581,"133950","1005","26","58.1",
07/10/26 16:33:12.580,"135440","1005","26","58.1",
07/10/26 16:33:17.581,"134690","1005","26","58.1",
07/10/26 16:33:22.581,"133950","1005","26","58.1",
07/10/26 16:33:27.581,"133410","1005","26","58.2",
07/10/26 16:33:32.581,"134510","1005","26","58.2",
07/10/26 16:33:37.581,"133580","1005","26","58.1",
07/10/26 16:33:42.580,"133770","1005","26","58.1",
07/10/26 16:33:47.581,"133950","1005","26","58.1",
07/10/26 16:33:52.581,"134690","1005","26","58.1",
07/10/26 16:33:57.581,"133770","1005","26","58.1",
07/10/26 16:34:02.581,"134140","1005","26","58.1",
07/10/26 16:34:07.581,"134330","1005","26","58.1",
07/10/26 16:34:12.581,"134690","1005","26","58.1",
07/10/26 16:34:17.581,"133950","1005","26","58.1",
07/10/26 16:34:22.581,"133060","1005","26","58",
07/10/26 16:34:27.581,"133410","1005","26","58.1",
07/10/26 16:34:32.581,"133580","1005","26","58.1",
07/10/26 16:34:37.582,"134510","1005","26","58.1",
07/10/26 16:34:42.581,"133580","1005","26","58.1",
07/10/26 16:34:47.582,"133230","1005","26","58.1",
07/10/26 16:34:52.582,"133770","1005","26","58.1",
07/10/26 16:34:57.582,"133950","1005","26","58",
07/10/26 16:35:02.582,"133950","1005","26","58.1",
07/10/26 16:35:07.582,"133950","1005","26","58.1",
07/10/26 16:35:12.582,"133770","1005","26","58.1",
07/10/26 16:35:17.582,"134140","1005","26","58.1",
07/10/26 16:35:22.581,"133950","1005","26","58.1",
07/10/26 16:35:27.582,"134510","1005","26","58.1",
07/10/26 16:35:32.581,"135070","1005","26","58.1",
07/10/26 16:35:37.582,"133950","1005","26","58.1",
07/10/26 16:35:42.581,"134330","1005","26","58.1",
07/10/26 16:35:47.582,"134510","1005","26","58.1",
07/10/26 16:35:52.582,"134510","1005","26","58.1",
07/10/26 16:35:57.582,"135070","1005","26","58.1",
07/10/26 16:36:02.582,"134690","1005","26","58.1",
07/10/26 16:36:07.582,"134330","1005","26","58.1",
07/10/26 16:36:12.582,"133950","1005","26","58.1",
07/10/26 16:36:17.582,"134140","1005","26","58.1",
07/10/26 16:36:22.583,"133770","1005","26","58.1",
07/10/26 16:36:27.583,"133770","1005","26","58.1",
07/10/26 16:36:32.582,"134690","1005","26","58.1",
07/10/26 16:36:37.582,"134510","1005","26","58.1",
07/10/26 16:36:42.583,"134880","1005","26","58.1",
07/10/26 16:36:47.582,"135070","1005","26","58",
07/10/26 16:36:52.583,"135440","1005","26","58",
07/10/26 16:36:57.583,"135440","1005","26","58",
07/10/26 16:37:02.583,"135250","1005","26","58.1",
07/10/26 16:37:07.583,"135070","1005","26","58",
07/10/26 16:37:12.583,"135070","1005","26","58",
07/10/26 16:37:17.583,"134140","1005","26","58",
07/10/26 16:37:22.583,"134690","1005","26","58.1",
07/10/26 16:37:27.583,"133950","1005","26","58.1",
07/10/26 16:37:32.582,"134690","1005","26","58.1",
07/10/26 16:37:37.582,"134880","1005","26","58",
07/10/26 16:37:42.583,"134140","1005","26","58.1",
07/10/26 16:37:47.583,"134880","1005","26","58.1",
07/10/26 16:37:52.583,"135070","1005","26","58.1",
07/10/26 16:37:57.583,"135250","1005","26","58.1",
07/10/26 16:38:02.583,"134690","1005","26","58.1",
07/10/26 16:38:07.583,"134880","1005","26","58.1",
07/10/26 16:38:12.583,"135250","1005","26","58.1",
07/10/26 16:38:17.583,"134690","1005","26","58.1",
07/10/26 16:38:22.583,"135440","1005","26","58.1",
07/10/26 16:38:27.583,"135990","1005","26","58.1",
07/10/26 16:38:32.584,"135810","1005","26","58.1",
07/10/26 16:38:37.584,"134880","1005","26","58.2",
07/10/26 16:38:42.583,"135620","1005","26","58.1",
07/10/26 16:38:47.584,"135620","1005","26","58.1",
07/10/26 16:38:52.583,"136180","1005","26","58.1",
07/10/26 16:38:57.583,"136360","1005","26","58.1",
07/10/26 16:39:02.584,"136180","1005","26","58.1",
07/10/26 16:39:07.583,"136180","1005","26","58.1",
07/10/26 16:39:12.583,"135620","1005","26","58.1",
07/10/26 16:39:17.584,"135810","1005","26","58.1",
07/10/26 16:39:22.584,"136360","1005","26","58.1",
07/10/26 16:39:27.583,"135990","1005","26","58.1",
07/10/26 16:39:32.584,"136360","1005","26","58.1",
07/10/26 16:39:37.584,"136180","1005","26","58.1",
07/10/26 16:39:42.584,"135440","1005","26","58.1",
07/10/26 16:39:47.584,"135440","1005","26","58.1",
07/10/26 16:39:52.584,"135440","1005","26","58.1",
07/10/26 16:39:57.584,"135810","1005","26","58.1",
07/10/26 16:40:02.584,"134880","1005","26","58.1",
07/10/26 16:40:07.584,"134880","1005","26","58.2",
07/10/26 16:40:12.584,"135250","1005","26","58.1",
07/10/26 16:40:17.585,"135810","1005","26","58.2",
07/10/26 16:40:22.584,"135620","1005","26","58.1",
07/10/26 16:40:27.584,"136180","1005","26","58.2",
07/10/26 16:40:32.584,"135810","1005","26","58.2",
07/10/26 16:40:37.584,"135060","1005","26","58.2",
07/10/26 16:40:42.585,"135810","1005","26","58.2",
07/10/26 16:40:47.585,"135250","1005","26","58.2",
07/10/26 16:40:52.585,"134880","1005","26","58.3",
07/10/26 16:40:57.585,"135990","1005","26","58.2",
07/10/26 16:41:02.585,"136180","1005","26","58.3",
07/10/26 16:41:07.585,"135810","1005","26","58.3",
07/10/26 16:41:12.584,"135990","1005","26","58.4",
07/10/26 16:41:17.584,"136180","1005","26","58.4",
07/10/26 16:41:22.585,"135440","1005","26","58.4",
07/10/26 16:41:27.585,"136360","1005","26","58.4",
07/10/26 16:41:32.584,"136180","1005","26","58.3",
07/10/26 16:41:37.585,"135440","1005","26","58.3",
07/10/26 16:41:42.585,"135250","1005","26","58.3",
07/10/26 16:41:47.585,"135810","1005","26","58.3",
07/10/26 16:41:52.585,"136180","1005","26","58.3",
07/10/26 16:41:57.585,"136730","1005","26","58.3",
07/10/26 16:42:02.585,"136730","1005","26","58.4",
07/10/26 16:42:07.585,"136730","1005","26","58.4",
07/10/26 16:42:12.585,"136360","1005","26","58.3",
07/10/26 16:42:17.586,"135990","1005","26","58.3",
07/10/26 16:42:22.585,"135440","1005","26","58.3",
07/10/26 16:42:27.585,"135990","1005","26","58.3",
07/10/26 16:42:32.585,"135440","1005","26","58.3",
07/10/26 16:42:37.585,"134880","1005","26","58.2",
07/10/26 16:42:42.585,"135250","1005","26","58.3",
07/10/26 16:42:47.585,"135430","1005","26","58.3",
07/10/26 16:42:52.585,"134880","1005","26","58.3",
07/10/26 16:42:57.586,"135060","1005","26","58.3",
07/10/26 16:43:02.586,"135990","1005","26","58.3",
07/10/26 16:43:07.585,"136360","1005","26","58.3",
07/10/26 16:43:12.586,"135800","1005","26","58.3",
07/10/26 16:43:17.585,"136180","1005","26","58.3",
07/10/26 16:43:22.586,"136180","1005","26","58.3",
07/10/26 16:43:27.586,"135430","1005","26","58.3",
07/10/26 16:43:32.585,"136550","1005","26","58.3",
07/10/26 16:43:37.586,"136910","1005","26","58.3",
07/10/26 16:43:42.585,"136910","1005","26","58.3",
07/10/26 16:43:47.586,"136550","1005","26","58.2",
07/10/26 16:43:52.586,"136550","1005","26","58.2",
07/10/26 16:43:57.586,"136360","1005","26","58.3",
07/10/26 16:44:02.586,"136550","1005","26","58.3",
07/10/26 16:44:07.586,"136550","1005","26","58.3",
07/10/26 16:44:12.587,"136550","1005","26","58.3",
07/10/26 16:44:17.586,"136180","1005","26","58.3",
07/10/26 16:44:22.587,"136550","1005","26","58.3",
07/10/26 16:44:27.586,"136550","1005","26","58.3",
07/10/26 16:44:32.587,"136550","1005","26","58.3",
07/10/26 16:44:37.586,"137470","1005","26","58.3",
07/10/26 16:44:42.587,"136730","1005","26","58.3",
07/10/26 16:44:47.586,"136910","1005","26.1","58.2",
07/10/26 16:44:52.586,"136910","1005","26.1","58.2",
07/10/26 16:44:57.586,"136910","1005","26","58.3",
07/10/26 16:45:02.586,"136730","1005","26.1","58.2",
07/10/26 16:45:07.587,"136910","1005","26.1","58.2",
07/10/26 16:45:12.586,"136360","1005","26","58.2",
07/10/26 16:45:17.586,"136550","1005","26","58.3",
07/10/26 16:45:22.586,"136180","1005","26","58.3",
07/10/26 16:45:27.587,"136730","1005","26","58.4",
07/10/26 16:45:32.586,"136910","1005","26","58.4",
07/10/26 16:45:37.587,"136360","1005","26","58.4",
07/10/26 16:45:42.587,"136550","1005","26","58.4",
07/10/26 16:45:47.587,"136360","1005","26","58.4",
07/10/26 16:45:52.587,"136360","1005","26","58.3",
07/10/26 16:45:57.587,"136550","1005","26","58.3",
07/10/26 16:46:02.587,"136360","1005","26","58.3",
07/10/26 16:46:07.587,"136180","1005","26","58.4",
07/10/26 16:46:12.587,"135430","1005","26","58.3",
07/10/26 16:46:17.587,"136550","1005","26","58.4",
07/10/26 16:46:22.587,"136550","1005","26","58.4",
07/10/26 16:46:27.588,"136360","1005","26","58.4",
07/10/26 16:46:32.588,"136550","1005","26","58.4",
07/10/26 16:46:37.588,"135430","1005","26","58.4",
07/10/26 16:46:42.587,"135430","1005","26","58.4",
07/10/26 16:46:47.587,"136180","1005","26","58.4",
07/10/26 16:46:52.588,"136360","1005","26","58.4",
07/10/26 16:46:57.588,"136550","1005","26","58.5",
07/10/26 16:47:02.587,"136360","1005","26","58.4",
07/10/26 16:47:07.587,"136360","1005","26","58.4",
07/10/26 16:47:12.588,"136730","1005","26","58.4",
07/10/26 16:47:17.588,"136550","1005","26","58.5",
07/10/26 16:47:22.587,"137100","1005","26","58.5",
07/10/26 16:47:27.588,"137470","1005","26","58.5",
07/10/26 16:47:32.587,"137840","1005","26","58.4",
07/10/26 16:47:37.588,"137470","1005","26","58.5",
07/10/26 16:47:42.588,"136910","1005","26","58.5",
07/10/26 16:47:47.588,"135990","1005","26","58.5",
07/10/26 16:47:52.588,"136360","1005","26","58.5",
07/10/26 16:47:57.588,"136550","1005","26","58.5",
07/10/26 16:48:02.588,"137100","1005","26","58.6",
07/10/26 16:48:07.589,"136910","1005","26","58.5",
07/10/26 16:48:12.588,"138210","1005","26","58.5",
07/10/26 16:48:17.589,"137660","1005","26","58.5",
07/10/26 16:48:22.589,"137470","1005","26","58.5",
07/10/26 16:48:27.589,"137100","1005","26","58.5",
07/10/26 16:48:32.588,"137470","1005","26","58.5",
07/10/26 16:48:37.588,"138030","1005","26","58.5",
07/10/26 16:48:42.588,"136730","1005","26","58.4",
07/10/26 16:48:47.589,"136550","1005","26","58.4",
07/10/26 16:48:52.589,"136910","1005","26","58.5",
07/10/26 16:48:57.589,"137840","1005","26","58.5",
07/10/26 16:49:02.589,"137660","1005","26","58.5",
07/10/26 16:49:07.589,"137290","1005","26","58.5",
07/10/26 16:49:12.589,"137470","1005","26","58.4",
07/10/26 16:49:17.589,"136360","1005","26","58.5",
07/10/26 16:49:22.589,"137100","1005","26","58.4",
07/10/26 16:49:27.589,"137100","1005","26","58.5",
07/10/26 16:49:32.589,"137840","1005","26","58.5",
07/10/26 16:49:37.589,"137660","1005","26","58.4",
07/10/26 16:49:42.589,"137470","1005","26","58.5",
07/10/26 16:49:47.589,"136910","1005","26","58.5",
07/10/26 16:49:52.589,"136730","1005","26","58.5",
07/10/26 16:49:57.589,"137100","1005","26","58.5",
07/10/26 16:50:02.590,"137290","1005","26","58.5",
07/10/26 16:50:07.589,"136550","1005","26","58.5",
07/10/26 16:50:12.590,"137480","1005","26","58.5",
07/10/26 16:50:17.589,"137840","1005","26","58.6",
07/10/26 16:50:22.590,"137660","1005","26","58.6",
07/10/26 16:50:27.589,"138030","1005","26","58.6",
07/10/26 16:50:32.589,"137840","1005","26","58.6",
07/10/26 16:50:37.590,"137840","1005","26","58.6",
07/10/26 16:50:42.590,"137470","1005","26","58.6",
07/10/26 16:50:47.797,"138400","1005","26","58.5",
07/10/26 16:50:52.759,"138030","1005","26","58.7",
07/10/26 16:50:57.655,"137470","1005","26","58.7",
07/10/26 16:51:02.616,"137660","1005","26","58.6",
07/10/26 16:51:07.589,"138210","1005","26","58.6",
07/10/26 16:51:12.590,"137470","1005","26","58.6",
07/10/26 16:51:17.590,"137470","1005","26","58.6",
07/10/26 16:51:22.590,"137290","1005","26","58.6",
07/10/26 16:51:27.590,"136910","1005","26","58.6",
07/10/26 16:51:32.590,"137470","1005","26","58.6",
07/10/26 16:51:37.590,"137100","1005","26","58.6",
07/10/26 16:51:42.590,"137660","1005","26","58.6",
07/10/26 16:51:47.591,"138210","1005","26","58.6",
07/10/26 16:51:52.590,"138210","1005","26","58.6",
07/10/26 16:51:57.590,"138030","1005","26","58.5",
07/10/26 16:52:02.590,"139140","1005","26","58.5",
07/10/26 16:52:07.590,"139330","1005","26","58.5",
07/10/26 16:52:12.591,"138210","1005","26","58.5",
07/10/26 16:52:17.590,"138030","1005","26","58.5",
07/10/26 16:52:22.591,"138030","1005","26","58.5",
07/10/26 16:52:27.591,"137840","1005","26","58.5",
07/10/26 16:52:32.591,"138030","1005","26","58.5",
07/10/26 16:52:37.590,"138030","1005","26","58.5",
07/10/26 16:52:42.590,"138030","1005","26","58.5",
07/10/26 16:52:47.591,"137840","1005","26","58.5",
07/10/26 16:52:52.591,"138030","1005","26","58.5",
07/10/26 16:52:57.590,"137660","1005","26","58.5",
07/10/26 16:53:02.591,"137470","1005","26","58.5",
07/10/26 16:53:07.784,"137470","1005","26","58.5",
07/10/26 16:53:12.780,"137290","1005","26","58.5",
07/10/26 16:53:17.759,"136910","1005","26","58.5",
07/10/26 16:53:22.725,"137100","1005","26","58.5",
07/10/26 16:53:27.710,"137660","1005","26","58.5",
07/10/26 16:53:32.689,"137290","1005","26","58.5",
07/10/26 16:53:37.679,"137100","1005","26","58.5",
07/10/26 16:53:42.640,"136730","1005","26","58.5",
07/10/26 16:53:47.657,"137290","1005","26","58.5",
07/10/26 16:53:52.593,"137840","1005","26","58.5",
07/10/26 16:53:57.590,"138770","1005","26","58.5",
07/10/26 16:54:02.591,"137660","1005","26","58.5",
07/10/26 16:54:07.621,"136910","1005","26","58.6",
07/10/26 16:54:12.628,"136910","1005","26","58.6",
07/10/26 16:54:17.594,"138030","1005","26","58.6",
07/10/26 16:54:22.591,"138400","1005","26","58.6",
07/10/26 16:54:27.610,"138960","1005","26","58.6",
07/10/26 16:54:32.593,"138590","1005","26","58.6",
07/10/26 16:54:37.592,"138400","1005","26","58.6",
07/10/26 16:54:42.617,"138210","1005","26","58.6",
07/10/26 16:54:47.620,"138210","1005","26","58.6",
07/10/26 16:54:52.811,"137290","1005","26","58.6",
07/10/26 16:54:57.869,"137290","1005","26","58.6",
07/10/26 16:55:02.936,"138030","1005","26","58.6",
07/10/26 16:55:07.960,"138210","1005","26","58.6",
07/10/26 16:55:12.968,"138590","1005","26","58.6",
07/10/26 16:55:17.959,"137660","1005","26","58.5",
07/10/26 16:55:22.951,"138590","1005","26","58.5",
07/10/26 16:55:27.970,"138770","1005","26","58.5",
07/10/26 16:55:32.997,"138030","1005","26","58.5",
07/10/26 16:55:37.981,"138210","1005","26","58.6",
07/10/26 16:55:43.028,"138590","1005","26","58.6",
07/10/26 16:55:48.060,"138400","1005","26","58.6",
07/10/26 16:55:53.147,"137840","1005","26","58.5",
07/10/26 16:55:58.246,"138030","1005","26","58.5",
07/10/26 16:56:03.287,"139140","1005","26","58.5",
07/10/26 16:56:08.379,"139140","1005","26","58.5",
07/10/26 16:56:13.432,"138770","1005","26","58.5",
07/10/26 16:56:18.452,"138030","1005","26","58.5",
07/10/26 16:56:23.514,"138400","1005","26","58.5",
07/10/26 16:56:28.594,"138400","1005","26","58.5",
07/10/26 16:56:33.650,"137660","1005","26","58.5",
07/10/26 16:56:38.677,"138400","1005","26","58.5",
07/10/26 16:56:43.758,"138770","1005","26","58.5",
07/10/26 16:56:48.832,"138210","1005","26","58.4",
07/10/26 16:56:53.945,"137840","1005","26","58.4",
07/10/26 16:56:59.027,"138030","1005","26","58.4",
07/10/26 16:57:04.155,"138030","1005","26","58.4",
07/10/26 16:57:09.242,"139330","1005","26","58.5",
07/10/26 16:57:14.370,"138960","1005","26","58.5",
07/10/26 16:57:19.441,"138590","1005","26","58.5",
07/10/26 16:57:24.522,"138030","1005","26","58.5",
07/10/26 16:57:29.611,"138210","1005","26","58.5",
07/10/26 16:57:34.737,"139140","1005","26","58.5",
07/10/26 16:57:39.838,"138400","1005","26","58.5",
07/10/26 16:57:45.017,"138210","1005","26","58.5",
07/10/26 16:57:50.103,"138030","1005","26","58.4",
07/10/26 16:57:55.217,"139140","1005","26","58.5",
07/10/26 16:58:00.354,"138960","1005","26","58.5",
07/10/26 16:58:05.484,"138030","1005","26","58.5",
07/10/26 16:58:10.594,"138960","1005","26","58.5",
07/10/26 16:58:15.752,"139140","1005","26","58.5",
07/10/26 16:58:20.880,"139510","1005","26","58.5",
07/10/26 16:58:26.001,"138400","1005","26","58.5",
07/10/26 16:58:31.146,"138960","1005","26","58.5",
07/10/26 16:58:36.289,"138960","1005","26","58.4",
07/10/26 16:58:41.461,"138400","1005","26","58.5",
07/10/26 16:58:46.572,"138770","1005","26","58.5",
07/10/26 16:58:51.723,"138400","1005","26","58.5",
07/10/26 16:58:56.894,"138960","1005","26","58.5",
07/10/26 16:59:02.031,"139510","1005","26","58.5",
07/10/26 16:59:07.190,"139510","1005","26","58.5",
07/10/26 16:59:12.390,"139330","1005","26","58.5",
07/10/26 16:59:17.522,"139140","1005","26","58.4",
07/10/26 16:59:22.657,"139140","1005","26","58.4",
07/10/26 16:59:27.813,"139510","1005","26","58.4",
07/10/26 16:59:32.934,"138960","1005","26","58.5",
07/10/26 16:59:38.081,"139330","1005","26","58.5",
07/10/26 16:59:43.237,"139330","1005","26","58.5",
07/10/26 16:59:48.375,"138960","1005","26","58.4",
07/10/26 16:59:53.545,"138400","1005","26","58.4",
07/10/26 16:59:58.677,"139330","1005","26","58.4",
07/10/26 17:00:03.911,"138590","1005","26","58.4",
07/10/26 17:00:09.081,"139710","1005","26","58.4",
07/10/26 17:00:14.283,"139330","1005","26","58.4",
07/10/26 17:00:19.466,"139140","1005","26","58.4",
07/10/26 17:00:24.634,"140490","1005","26","58.4",
07/10/26 17:00:29.825,"140490","1005","26","58.4",
07/10/26 17:00:35.014,"139910","1005","26","58.4",
07/10/26 17:00:40.165,"139910","1005","26","58.4",
07/10/26 17:00:45.344,"139910","1005","26","58.4",
07/10/26 17:00:50.500,"138770","1005","26","58.4",
07/10/26 17:00:55.731,"139140","1005","26","58.4",
07/10/26 17:01:00.890,"138960","1005","26","58.4",
07/10/26 17:01:06.082,"139330","1005","26","58.4",
07/10/26 17:01:11.264,"139140","1005","26","58.4",
07/10/26 17:01:16.440,"139140","1005","26","58.4",
07/10/26 17:01:21.656,"138590","1005","26","58.4",
07/10/26 17:01:26.861,"139140","1005","26","58.3",
07/10/26 17:01:32.080,"139910","1005","26","58.4",
07/10/26 17:01:37.305,"139910","1005","26","58.4",
07/10/26 17:01:42.533,"139510","1005","26","58.4",
07/10/26 17:01:47.749,"140100","1005","26","58.4",
07/10/26 17:01:52.991,"139910","1005","26","58.4",
07/10/26 17:01:58.276,"139330","1005","26","58.4",
07/10/26 17:02:03.538,"139510","1005","26","58.4",
07/10/26 17:02:08.789,"139140","1005","26","58.4",
07/10/26 17:02:14.015,"139710","1005","26","58.4",
07/10/26 17:02:19.224,"140300","1005","26","58.4",
07/10/26 17:02:24.471,"139910","1005","26","58.4",
07/10/26 17:02:29.733,"139140","1005","26","58.5",
07/10/26 17:02:34.986,"139140","1005","26","58.5",
07/10/26 17:02:40.254,"139330","1005","26","58.5",
07/10/26 17:02:45.539,"138960","1005","26","58.5",
07/10/26 17:02:50.769,"139910","1005","26","58.4",
07/10/26 17:02:56.016,"139910","1005","26","58.5",
07/10/26 17:03:01.309,"140300","1005","26","58.5",
07/10/26 17:03:06.719,"140490","1005","26","58.5",
07/10/26 17:03:12.014,"141080","1005","26","58.5",
07/10/26 17:03:17.266,"141670","1005","26","58.5",
07/10/26 17:03:22.502,"140490","1005","26","58.4",
07/10/26 17:03:27.707,"139910","1005","26","58.4",
07/10/26 17:03:32.932,"140300","1005","26","58.4",
07/10/26 17:03:38.241,"139910","1005","26","58.4",
07/10/26 17:03:43.486,"139510","1005","26","58.5",
07/10/26 17:03:48.741,"139510","1005","26","58.4",
07/10/26 17:03:54.003,"140100","1005","25.9","58.5",
07/10/26 17:03:59.252,"140690","1005","25.9","58.5",
07/10/26 17:04:04.521,"140100","1005","26","58.5",
07/10/26 17:04:09.749,"139710","1005","26","58.4",
07/10/26 17:04:15.016,"140300","1005","26","58.5",
07/10/26 17:04:20.249,"139910","1005","26","58.5",
07/10/26 17:04:25.497,"140490","1005","26","58.5",
07/10/26 17:04:30.829,"140490","1005","26","58.5",
07/10/26 17:04:36.095,"139910","1005","26","58.4",
07/10/26 17:04:41.368,"140490","1005","26","58.4",
07/10/26 17:04:46.639,"139910","1005","26","58.4",
07/10/26 17:04:51.924,"139330","1005","26","58.4",
07/10/26 17:04:57.173,"139140","1005","26","58.4",
07/10/26 17:05:02.463,"139330","1005","26","58.5",
07/10/26 17:05:07.754,"139330","1005","26","58.5",
07/10/26 17:05:13.014,"139510","1005","25.9","58.5",
07/10/26 17:05:18.304,"139710","1005","26","58.5",
07/10/26 17:05:23.607,"139710","1005","26","58.5",
07/10/26 17:05:28.879,"139330","1005","26","58.4",
07/10/26 17:05:34.143,"139910","1005","26","58.4",
07/10/26 17:05:39.463,"139710","1005","26","58.4",
07/10/26 17:05:44.781,"140490","1005","26","58.4",
07/10/26 17:05:50.113,"140490","1005","26","58.4",
07/10/26 17:05:55.445,"140100","1005","26","58.4",
07/10/26 17:06:00.759,"140690","1005","26","58.4",
07/10/26 17:06:06.068,"141080","1005","26","58.4",
07/10/26 17:06:11.317,"140490","1005","26","58.4",
07/10/26 17:06:16.651,"139910","1005","26","58.5",
07/10/26 17:06:21.929,"140690","1005","26","58.5",
07/10/26 17:06:27.222,"140880","1005","26","58.5",
07/10/26 17:06:32.534,"141080","1005","26","58.4",
07/10/26 17:06:37.829,"141080","1005","26","58.5",
07/10/26 17:06:43.112,"139710","1005","26","58.5",
07/10/26 17:06:48.434,"139910","1005","26","58.4",
07/10/26 17:06:53.752,"139910","1005","26","58.5",
07/10/26 17:06:59.058,"140100","1005","26","58.4",
07/10/26 17:07:04.432,"140880","1005","26","58.5",
07/10/26 17:07:09.767,"140690","1005","26","58.5",
07/10/26 17:07:15.089,"140690","1005","26","58.5",
07/10/26 17:07:20.384,"139910","1005","26","58.4",
07/10/26 17:07:25.734,"140880","1005","26","58.4",
07/10/26 17:07:31.108,"141080","1005","26","58.4",
07/10/26 17:07:36.473,"140690","1005","26","58.4",
07/10/26 17:07:41.829,"139910","1005","26","58.4",
07/10/26 17:07:47.219,"140690","1005","26","58.4",
07/10/26 17:07:52.583,"140300","1005","26","58.4",
07/10/26 17:07:57.963,"139710","1005","26","58.4",
07/10/26 17:08:03.344,"139910","1005","26","58.4",
07/10/26 17:08:08.718,"139510","1005","26","58.4",
07/10/26 17:08:14.063,"139910","1005","26","58.4",
07/10/26 17:08:19.439,"140490","1005","26","58.4",
07/10/26 17:08:24.825,"141080","1005","26","58.5",
07/10/26 17:08:30.245,"140490","1005","26","58.4",
07/10/26 17:08:35.603,"141080","1005","26","58.4",
07/10/26 17:08:40.987,"139710","1005","26","58.4",
07/10/26 17:08:46.375,"139140","1005","26","58.4",
07/10/26 17:08:51.721,"139510","1005","26","58.4",
07/10/26 17:08:57.119,"140880","1005","26","58.4",
07/10/26 17:09:02.487,"139510","1005","26","58.4",
07/10/26 17:09:07.910,"140300","1005","26","58.4",
07/10/26 17:09:13.303,"140490","1005","26","58.3",
07/10/26 17:09:18.707,"140880","1005","26","58.3",
07/10/26 17:09:24.071,"140690","1005","26","58.3",
07/10/26 17:09:29.458,"139910","1005","26","58.3",
07/10/26 17:09:34.845,"139510","1005","26","58.3",
07/10/26 17:09:40.193,"141080","1005","26","58.3",
07/10/26 17:09:45.594,"141670","1005","26","58.3",
07/10/26 17:09:51.020,"141280","1005","26","58.3",
07/10/26 17:09:56.426,"141860","1005","26","58.3",
07/10/26 17:10:01.833,"140880","1005","26","58.3",
07/10/26 17:10:07.274,"140100","1005","26","58.3",
07/10/26 17:10:12.668,"140490","1005","26","58.3",
07/10/26 17:10:18.097,"141670","1005","26","58.3",
07/10/26 17:10:23.500,"142060","1005","26","58.3",
07/10/26 17:10:28.947,"142650","1005","26","58.3",
07/10/26 17:10:34.421,"142260","1005","26","58.3",
07/10/26 17:10:41.337,"141280","1005","26","58.3",
07/10/26 17:10:48.562,"141280","1005","26","58.3",
07/10/26 17:10:56.216,"141470","1005","26","58.3",
07/10/26 17:11:03.688,"142060","1005","26","58.3",
07/10/26 17:11:11.242,"141670","1005","26","58.3",
07/10/26 17:11:18.613,"141280","1005","26","58.3",
07/10/26 17:11:26.265,"141080","1005","26","58.2",
07/10/26 17:11:33.858,"142060","1005","26","58.3",
07/10/26 17:11:41.490,"141670","1005","26","58.3",
07/10/26 17:11:49.079,"140690","1005","26","58.3",
07/10/26 17:11:56.634,"141080","1005","26","58.3",
07/10/26 17:12:04.055,"141280","1005","26","58.3",
07/10/26 17:12:11.388,"139910","1005","26","58.3",
07/10/26 17:12:18.945,"141080","1005","26","58.3",
07/10/26 17:12:26.554,"140490","1005","26","58.3",
07/10/26 17:12:34.342,"140880","1005","26","58.3",
07/10/26 17:12:41.939,"140690","1005","26","58.3",
07/10/26 17:12:49.376,"140690","1005","26","58.3",
07/10/26 17:12:56.746,"141080","1005","26","58.3",
07/10/26 17:13:03.669,"141670","1005","26","58.2",
07/10/26 17:13:10.105,"142260","1005","26","58.2",
07/10/26 17:13:16.419,"141470","1005","26","58.2",
07/10/26 17:13:22.671,"141280","1005","26","58.2",
07/10/26 17:13:29.096,"141280","1005","26","58.2",
07/10/26 17:13:35.660,"141280","1005","26","58.2",
07/10/26 17:13:41.921,"141670","1005","26","58.2",
07/10/26 17:13:48.244,"141080","1005","26","58.1",
07/10/26 17:13:54.540,"142060","1005","26","58.2",
07/10/26 17:14:00.756,"141670","1005","26","58.2",
07/10/26 17:14:07.173,"142450","1005","26","58.2",
07/10/26 17:14:13.431,"141280","1005","26","58.2",
07/10/26 17:14:21.126,"141670","1005","26","58.2",
07/10/26 17:14:28.684,"141470","1005","26","58.3",
07/10/26 17:14:35.993,"142060","1005","26","58.3",
07/10/26 17:14:43.643,"140880","1005","26","58.3",
07/10/26 17:14:51.377,"140880","1005","26","58.2",
07/10/26 17:14:59.038,"140490","1005","26","58.2",
07/10/26 17:15:06.513,"140880","1005","26","58.2",
07/10/26 17:15:14.303,"140300","1005","26","58.2",
07/10/26 17:15:22.016,"140490","1005","26","58.2",
07/10/26 17:15:29.702,"140880","1005","26","58.2",
07/10/26 17:15:37.341,"141080","1005","26","58.2",
07/10/26 17:15:45.055,"141280","1005","25.9","58.3",
07/10/26 17:15:52.652,"141280","1005","26","58.2",
07/10/26 17:16:00.323,"141470","1005","26","58.2",
07/10/26 17:16:07.919,"141670","1005","26","58.2",
07/10/26 17:16:15.719,"142060","1005","26","58.1",
07/10/26 17:16:23.370,"141670","1005","26","58.2",
07/10/26 17:16:31.189,"141670","1005","26","58.2",
07/10/26 17:16:38.809,"141670","1005","26","58.2",
07/10/26 17:16:46.603,"141470","1005","26","58.2",
07/10/26 17:16:54.238,"141280","1005","26","58.1",
07/10/26 17:17:01.979,"142260","1005","26","58.1",
07/10/26 17:17:09.615,"141670","1005","26","58.1",
07/10/26 17:17:17.403,"141670","1005","25.9","58.1",
07/10/26 17:17:24.822,"141670","1005","25.9","58.2",
07/10/26 17:17:32.548,"142260","1005","25.9","58.2",
07/10/26 17:17:40.248,"142260","1005","26","58.1",
07/10/26 17:17:47.988,"141470","1005","26","58.1",
07/10/26 17:17:55.715,"141670","1005","26","58.1",
07/10/26 17:18:03.382,"140880","1005","26","58.1",
07/10/26 17:18:11.099,"140490","1005","26","58.1",
07/10/26 17:18:18.686,"140490","1005","26","58.1",
07/10/26 17:18:25.783,"139910","1005","25.9","58.2",
07/10/26 17:18:33.237,"140690","1005","25.9","58.2",
07/10/26 17:18:41.136,"141670","1005","25.9","58.2",
07/10/26 17:18:48.794,"141470","1005","26","58.2",
07/10/26 17:18:56.619,"141860","1005","26","58.1",
07/10/26 17:19:03.917,"141470","1005","26","58.3",
07/10/26 17:19:11.826,"141860","1005","25.9","58.3",
07/10/26 17:19:19.217,"141670","1005","25.9","58.3",
07/10/26 17:19:26.807,"141670","1005","25.9","58.2",
07/10/26 17:19:33.497,"142450","1005","25.9","58.2",
07/10/26 17:19:40.809,"142260","1005","25.9","58.3",
07/10/26 17:19:47.585,"143830","1005","25.9","58.2",
07/10/26 17:19:55.455,"142840","1005","25.9","58.4",
07/10/26 17:20:03.064,"142450","1005","25.9","58.4",
07/10/26 17:20:10.804,"142450","1005","25.9","58.3",
07/10/26 17:20:17.291,"143230","1005","25.9","58.3",
07/10/26 17:20:24.452,"143040","1005","26","58.3",
07/10/26 17:20:31.096,"141670","1005","26","58.2",
07/10/26 17:20:38.924,"142260","1005","26","58.1",
07/10/26 17:20:45.847,"142650","1005","26","58.2",
07/10/26 17:20:52.414,"142260","1005","26","58.1",
07/10/26 17:20:59.973,"141860","1005","26","58.1",
07/10/26 17:21:07.594,"141670","1005","25.9","58.3",
07/10/26 17:21:15.081,"141670","1005","26","58.2",
07/10/26 17:21:22.938,"141670","1005","26","58.2",
07/10/26 17:21:30.365,"141860","1005","26","58.1",
07/10/26 17:21:37.792,"142260","1005","26","58.1",
07/10/26 17:21:45.834,"141280","1005","26","58.2",
07/10/26 17:21:53.412,"142060","1005","25.9","58.3",
07/10/26 17:22:01.342,"142650","1005","25.9","58.2",
07/10/26 17:22:08.901,"143430","1005","25.9","58.2",
07/10/26 17:22:16.742,"142840","1005","26","58.2",
07/10/26 17:22:24.128,"142650","1005","25.9","58.2",
07/10/26 17:22:32.022,"142260","1005","25.9","58.3",
07/10/26 17:22:39.742,"142060","1005","25.9","58.3",
07/10/26 17:22:47.556,"142260","1005","25.9","58.3",
07/10/26 17:22:55.445,"142260","1005","25.9","58.3",
07/10/26 17:23:03.196,"143230","1005","25.9","58.3",
07/10/26 17:23:11.165,"142060","1005","25.9","58.2",
07/10/26 17:23:18.774,"142260","1005","25.9","58.2",
07/10/26 17:23:26.715,"142450","1005","25.9","58.4",
07/10/26 17:23:34.245,"142650","1005","25.9","58.5",
07/10/26 17:23:41.713,"142260","1005","25.9","58.5",
07/10/26 17:23:49.164,"141860","1005","25.9","58.4",
07/10/26 17:23:56.402,"141080","1005","25.9","58.3",
07/10/26 17:24:03.978,"142260","1005","25.9","58.4",
07/10/26 17:24:11.417,"142650","1005","25.9","58.4",
07/10/26 17:24:18.838,"142650","1005","25.9","58.3",
07/10/26 17:24:26.260,"143230","1005","25.9","58.2",
07/10/26 17:24:33.368,"143430","1005","25.9","58.3",
07/10/26 17:24:40.617,"142060","1005","25.9","58.3",
07/10/26 17:24:47.611,"142260","1005","25.9","58.3",
07/10/26 17:24:55.052,"142650","1005","25.9","58.3",
07/10/26 17:25:02.666,"141470","1005","25.9","58.3",
07/10/26 17:25:10.290,"141470","1005","25.9","58.2",
07/10/26 17:25:17.570,"142450","1005","25.9","58.2",
07/10/26 17:25:25.401,"142840","1005","25.9","58.2",
07/10/26 17:25:32.875,"142650","1005","25.9","58.2",
07/10/26 17:25:40.434,"142450","1005","25.9","58.2",
07/10/26 17:25:47.756,"142260","1005","25.9","58.2",
07/10/26 17:25:54.991,"142650","1005","25.9","58.2",
07/10/26 17:26:02.490,"142450","1005","25.9","58.2",
07/10/26 17:26:09.740,"142840","1005","25.9","58.2",
07/10/26 17:26:16.940,"142650","1005","25.9","58.2",
07/10/26 17:26:24.483,"142060","1005","25.9","58.2",
07/10/26 17:26:32.320,"142840","1005","25.9","58.2",
07/10/26 17:26:40.071,"143430","1005","25.9","58.2",
07/10/26 17:26:47.326,"143830","1005","25.9","58.2",
07/10/26 17:26:54.613,"142060","1005","25.9","58.2",
07/10/26 17:27:02.444,"142650","1005","25.9","58.2",
07/10/26 17:27:10.027,"142650","1005","25.9","58.2",
07/10/26 17:27:17.397,"141860","1005","25.9","58.2",
07/10/26 17:27:24.772,"142650","1005","25.9","58.2",
07/10/26 17:27:32.502,"142650","1005","25.9","58.2",
07/10/26 17:27:40.352,"142650","1005","25.9","58.2",
07/10/26 17:27:47.850,"142840","1005","25.9","58.2",
07/10/26 17:27:55.452,"142060","1005","25.9","58.1",
07/10/26 17:28:02.841,"143440","1005","25.9","58.2",
07/10/26 17:28:10.292,"143430","1005","25.9","58.1",
07/10/26 17:28:17.828,"142450","1005","25.9","58.1",
07/10/26 17:28:25.410,"143830","1005","25.9","58.1",
07/10/26 17:28:33.060,"143830","1005","25.9","58.1",
07/10/26 17:28:40.641,"142460","1005","26","58",
07/10/26 17:28:48.269,"142650","1005","25.9","58",
07/10/26 17:28:55.663,"143040","1005","25.9","58",
07/10/26 17:29:03.256,"144020","1005","25.9","58",
07/10/26 17:29:10.845,"142650","1005","25.9","58",
07/10/26 17:29:18.534,"143230","1005","25.9","58",
07/10/26 17:29:26.082,"143230","1005","25.9","58",
07/10/26 17:29:33.746,"142840","1005","25.9","58",
07/10/26 17:29:41.477,"142260","1005","25.9","58",
07/10/26 17:29:48.937,"142260","1005","25.9","57.9",
07/10/26 17:29:56.576,"141670","1005","25.9","57.9",
07/10/26 17:30:04.089,"141280","1005","25.9","58",
07/10/26 17:30:11.789,"142260","1005","25.9","58",
07/10/26 17:30:19.319,"142650","1005","25.9","58",
07/10/26 17:30:26.805,"142260","1005","25.9","58",
07/10/26 17:30:34.445,"142840","1005","25.9","58",
07/10/26 17:30:42.070,"142260","1005","25.9","58",
07/10/26 17:30:49.498,"141470","1005","25.9","58",
07/10/26 17:30:57.130,"142060","1005","25.9","58",
07/10/26 17:31:04.620,"142840","1005","25.9","58",
07/10/26 17:31:12.277,"142460","1005","25.9","57.9",
07/10/26 17:31:19.873,"142260","1005","25.9","57.9",
07/10/26 17:31:27.491,"143830","1005","25.9","58",
07/10/26 17:31:35.200,"143630","1005","25.9","57.9",
07/10/26 17:31:42.727,"143630","1005","25.9","57.9",
07/10/26 17:31:50.471,"142850","1005","25.9","57.9",
07/10/26 17:31:58.244,"142460","1005","25.9","57.9",
07/10/26 17:32:05.848,"143240","1005","25.9","57.9",
07/10/26 17:32:13.546,"143630","1005","25.9","57.9",
07/10/26 17:32:21.122,"143240","1005","25.9","57.9",
07/10/26 17:32:28.919,"143240","1005","25.9","57.9",
07/10/26 17:32:36.546,"142650","1005","25.9","57.9",
07/10/26 17:32:44.194,"142650","1005","25.9","57.9",
07/10/26 17:32:51.878,"143050","1005","25.9","57.9",
07/10/26 17:32:59.465,"142260","1005","25.8","57.9",
07/10/26 17:33:07.376,"142260","1005","25.9","57.9",
07/10/26 17:33:15.107,"142260","1005","25.8","57.9",
07/10/26 17:33:22.940,"142460","1005","25.9","57.9",
07/10/26 17:33:30.748,"142650","1005","25.9","57.9",
07/10/26 17:33:38.008,"142460","1005","25.9","57.9",
07/10/26 17:33:45.326,"142650","1005","25.9","57.8",
07/10/26 17:33:52.622,"142260","1005","25.9","57.9",
07/10/26 17:34:00.188,"143630","1005","25.9","57.8",
07/10/26 17:34:07.629,"142850","1005","25.9","57.8",
07/10/26 17:34:15.005,"142070","1005","25.9","57.8",
07/10/26 17:34:22.435,"142460","1005","25.9","57.8",
07/10/26 17:34:29.835,"143240","1005","25.9","57.9",
07/10/26 17:34:36.950,"143630","1005","25.9","57.8",
07/10/26 17:34:44.483,"143830","1005","25.9","57.8",
07/10/26 17:34:51.753,"143830","1005","25.9","57.8",
07/10/26 17:34:59.282,"143630","1005","25.9","57.8",
07/10/26 17:35:06.238,"144020","1005","25.9","57.8",
07/10/26 17:35:13.781,"143050","1005","25.9","57.8",
07/10/26 17:35:21.246,"142650","1005","25.9","57.8",
07/10/26 17:35:28.776,"143240","1005","25.9","57.8",
07/10/26 17:35:36.274,"142850","1005","25.9","57.8",
07/10/26 17:35:43.652,"142460","1005","25.9","57.7",
07/10/26 17:35:51.052,"143630","1005","25.9","57.7",
07/10/26 17:35:58.446,"144020","1005","25.9","57.7",
07/10/26 17:36:05.775,"143240","1005","25.9","57.7",
07/10/26 17:36:13.254,"143240","1005","25.9","57.6",
07/10/26 17:36:20.887,"143830","1005","25.9","57.7",
07/10/26 17:36:28.853,"143830","1005","25.9","57.8",
07/10/26 17:36:36.119,"143630","1005","25.9","57.7",
07/10/26 17:36:44.053,"142650","1005","25.9","57.8",
07/10/26 17:36:52.289,"143830","1005","25.8","57.8",
07/10/26 17:37:00.299,"142650","1005","25.8","57.8",
07/10/26 17:37:08.257,"142460","1005","25.9","57.8",
07/10/26 17:37:16.326,"143830","1005","25.9","57.7",
07/10/26 17:37:24.454,"144020","1005","25.9","57.7",
07/10/26 17:37:32.480,"143440","1005","25.9","57.7",
07/10/26 17:37:40.520,"144220","1005","25.8","57.8",
07/10/26 17:37:48.617,"143630","1005","25.9","58",
07/10/26 17:37:56.777,"143240","1005","25.9","57.7",
07/10/26 17:38:04.789,"143240","1005","25.9","57.7",
07/10/26 17:38:12.927,"142850","1005","25.8","57.7",
07/10/26 17:38:21.175,"143830","1005","25.8","57.7",
07/10/26 17:38:29.253,"143440","1005","25.9","57.7",
07/10/26 17:38:37.698,"142260","1005","25.9","57.8",
07/10/26 17:38:44.851,"143830","1005","25.8","57.8",
07/10/26 17:38:51.032,"142850","1005","25.9","57.7",
07/10/26 17:38:56.811,"143830","1005","25.9","57.6",
07/10/26 17:39:01.815,"144020","1005","25.9","57.7",
07/10/26 17:39:06.875,"143830","1005","25.9","57.7",
07/10/26 17:39:11.880,"144020","1005","25.8","57.7",
07/10/26 17:39:16.922,"142850","1005","25.9","57.6",
07/10/26 17:39:22.075,"141480","1005","25.9","57.6",
07/10/26 17:39:27.316,"141670","1005","25.9","57.6",
07/10/26 17:39:32.536,"140500","1005","25.9","57.6",
07/10/26 17:39:37.799,"140700","1005","25.9","57.6",
