,sensor [Auto],,,,,,
,CO2,Pressure,Temperature,Humidity,TC-Pressure,TC-Humidity,TC-Temperature
07/17/26 14:16:01.201,,1017,,,,,
07/17/26 14:16:01.425,,,26.8,,,,
07/17/26 14:16:01.675,,,,61.4,,,
07/17/26 14:16:01.909,,,,,1007,,
07/17/26 14:16:02.156,,,,,,75,
07/17/26 14:16:02.388,,,,,,,23.5
07/17/26 14:17:46.594,700,1017,26.8,61.6,1007,75,23.5
07/17/26 14:17:51.592,600,1017,26.8,61.7,1007,75,23.5
07/17/26 14:17:56.593,600,1017,26.7,61.7,1007,75,23.5
07/17/26 14:18:01.592,600,1017,26.8,61.7,1007,75,23.5
07/17/26 14:18:06.593,600,1017,26.7,61.7,1007,75,23.5
07/17/26 14:18:11.593,600,1017,26.7,61.7,1007,75,23.5
07/17/26 14:18:16.593,600,1017,26.7,61.7,1007,75,23.5
07/17/26 14:18:21.593,600,1017,26.7,61.7,1007,75,23.5
07/17/26 14:18:26.592,600,1017,26.7,61.7,1007,75,23.5
07/17/26 14:18:31.593,600,1017,26.7,61.7,1007,75,23.5
07/17/26 14:18:36.593,600,1017,26.7,61.7,1007,75,23.5
07/17/26 14:18:41.593,1100,1017,26.7,61.7,1007,75,23.5
07/17/26 14:18:46.592,4800,1017,26.7,61.8,1007,75,23.5
07/17/26 14:18:51.592,6900,1017,26.8,61.8,1007,75,23.5
07/17/26 14:18:56.593,6300,1017,26.7,61.8,1007,75,23.5
07/17/26 14:19:01.592,4600,1017,26.8,61.8,1007,75,23.5
07/17/26 14:19:06.593,2700,1017,26.8,61.7,1007,75,23.5
07/17/26 14:19:11.593,1400,1017,26.8,61.8,1007,75,23.5
07/17/26 14:19:16.592,700,1017,26.8,61.8,1007,75,23.5
07/17/26 14:19:21.592,400,1017,26.7,61.8,1007,75,23.5
07/17/26 14:19:26.593,0,1017,26.8,61.8,1007,75,23.5
07/17/26 14:19:31.593,0,1017,26.8,61.8,1007,75,23.5
07/17/26 14:19:36.592,0,1017,26.8,61.8,1007,75,23.5
07/17/26 14:19:41.593,0,1017,26.8,61.8,1007,75,23.5
07/17/26 14:19:46.592,0,1017,26.8,61.8,1007,75,23.5
07/17/26 14:19:51.593,0,1017,26.8,61.8,1007,75,23.5
07/17/26 14:19:56.593,0,1017,26.8,61.8,1007,75,23.5
07/17/26 14:20:01.593,0,1017,26.8,61.7,1007,75,23.5
07/17/26 14:20:06.593,0,1017,26.8,61.7,1007,75,23.5
07/17/26 14:20:11.593,0,1017,26.8,61.7,1007,75,23.5
07/17/26 14:20:16.593,0,1017,26.8,61.7,1007,75,23.5
07/17/26 14:20:21.593,0,1017,26.8,61.7,1007,75,23.5
07/17/26 14:20:26.593,0,1017,26.8,61.7,1007,75,23.5
07/17/26 14:20:31.594,0,1017,26.8,61.7,1007,75,23.5
07/17/26 14:20:36.593,0,1017,26.8,61.7,1007,75,23.5
07/17/26 14:20:41.593,0,1017,26.8,61.7,1007,75,23.5
07/17/26 14:20:46.593,0,1017,26.8,61.7,1007,75,23.5
07/17/26 14:20:51.593,0,1017,26.8,61.7,1007,75,23.5
07/17/26 14:20:56.593,0,1017,26.8,61.7,1007,75,23.5
07/17/26 14:21:01.593,0,1017,26.8,61.7,1007,75,23.5
07/17/26 14:21:06.594,0,1017,26.8,61.7,1007,75,23.5
07/17/26 14:21:11.594,0,1017,26.8,61.7,1007,75,23.5
07/17/26 14:21:16.593,0,1017,26.8,61.7,1007,75,23.5
07/17/26 14:21:21.594,0,1017,26.8,61.7,1007,75,23.5
07/17/26 14:21:26.593,0,1017,26.8,61.7,1007,75,23.5
07/17/26 14:21:31.594,0,1017,26.8,61.7,1007,75,23.5
07/17/26 14:21:36.594,0,1017,26.8,61.7,1007,75,23.5
07/17/26 14:21:41.595,0,1017,26.8,61.7,1007,75,23.5
07/17/26 14:21:46.594,0,1017,26.8,61.7,1007,75,23.5
07/17/26 14:21:51.595,0,1017,26.8,61.7,1007,75,23.5
07/17/26 14:21:56.594,0,1017,26.8,61.7,1007,75,23.5
07/17/26 14:22:01.595,0,1017,26.8,61.7,1007,75,23.5
07/17/26 14:22:06.594,0,1017,26.8,61.7,1007,75,23.5
07/17/26 14:22:11.595,0,1017,26.8,61.7,1007,75,23.5
07/17/26 14:22:16.595,0,1017,26.8,61.7,1007,75,23.5
07/17/26 14:22:21.594,0,1017,26.8,61.7,1007,75,23.5
07/17/26 14:22:26.595,0,1017,26.8,61.7,1007,75,23.5
07/17/26 14:22:31.595,0,1017,26.8,61.7,1007,75,23.5
07/17/26 14:22:36.595,0,1017,26.8,61.8,1007,75,23.5
07/17/26 14:22:41.595,0,1017,26.8,61.8,1007,75,23.5
07/17/26 14:22:46.595,0,1017,26.8,61.8,1007,75,23.5
07/17/26 14:22:51.596,0,1017,26.8,61.8,1007,75,23.5
07/17/26 14:22:56.595,0,1017,26.8,61.8,1007,75,23.5
07/17/26 14:23:01.595,0,1017,26.8,61.8,1007,75,23.5
07/17/26 14:23:06.595,0,1017,26.8,61.8,1007,75,23.5
07/17/26 14:23:11.595,0,1017,26.8,61.8,1007,75,23.5
07/17/26 14:23:16.595,0,1017,26.8,61.8,1007,75,23.5
07/17/26 14:23:21.596,0,1017,26.8,61.8,1007,75,23.5
07/17/26 14:23:26.596,0,1017,26.8,61.9,1007,75,23.5
07/17/26 14:23:31.596,0,1017,26.8,61.9,1007,75,23.5
07/17/26 14:23:36.595,0,1017,26.8,61.9,1007,75,23.5
07/17/26 14:23:41.596,0,1017,26.8,61.9,1007,75,23.5
07/17/26 14:23:46.596,0,1017,26.8,61.9,1007,76,23.5
07/17/26 14:23:51.596,0,1017,26.8,61.9,1007,76,23.5
07/17/26 14:23:56.596,0,1017,26.8,61.9,1007,76,23.5
07/17/26 14:24:01.596,0,1017,26.8,61.9,1007,76,23.5
07/17/26 14:24:06.595,0,1017,26.8,61.9,1007,76,23.5
07/17/26 14:24:11.595,0,1017,26.8,62,1007,76,23.5
07/17/26 14:24:16.595,0,1017,26.8,62,1007,76,23.5
07/17/26 14:24:21.595,0,1017,26.8,62,1007,75,23.5
07/17/26 14:24:26.595,0,1017,26.8,62,1007,76,23.5
07/17/26 14:24:31.596,0,1017,26.8,62,1007,76,23.5
07/17/26 14:24:36.596,0,1017,26.8,62,1007,76,23.5
07/17/26 14:24:41.596,0,1017,26.8,62,1007,76,23.5
07/17/26 14:24:46.596,0,1017,26.8,62,1007,76,23.5
07/17/26 14:24:51.596,0,1017,26.8,62,1007,76,23.5
07/17/26 14:24:56.595,0,1017,26.8,62,1007,76,23.5
07/17/26 14:25:01.596,0,1017,26.8,62,1007,75,23.5
07/17/26 14:25:06.596,0,1017,26.8,62,1007,75,23.5
07/17/26 14:25:11.596,0,1017,26.8,62,1007,75,23.5
07/17/26 14:25:16.596,0,1017,26.8,62,1007,75,23.5
07/17/26 14:25:21.596,0,1017,26.8,62,1007,75,23.5
07/17/26 14:25:26.596,0,1017,26.8,62,1007,76,23.5
07/17/26 14:25:31.596,0,1017,26.8,62,1007,76,23.5
07/17/26 14:25:36.596,0,1017,26.8,62.1,1007,76,23.5
07/17/26 14:25:41.596,0,1017,26.8,62.1,1007,76,23.5
07/17/26 14:25:46.596,0,1017,26.8,62.1,1007,76,23.5
07/17/26 14:25:51.596,0,1017,26.8,62,1007,76,23.5
07/17/26 14:25:56.596,0,1017,26.8,62,1007,76,23.5
07/17/26 14:26:01.596,0,1017,26.8,62,1007,76,23.5
07/17/26 14:26:06.596,0,1017,26.8,62,1007,76,23.5
07/17/26 14:26:11.596,0,1017,26.8,62,1007,76,23.5
07/17/26 14:26:16.597,0,1017,26.8,62.1,1007,76,23.5
07/17/26 14:26:21.596,0,1017,26.8,62.1,1007,76,23.5
07/17/26 14:26:26.596,0,1017,26.8,62.1,1007,76,23.5
07/17/26 14:26:31.596,0,1017,26.8,62.1,1007,76,23.5
07/17/26 14:26:36.596,0,1017,26.8,62.1,1007,76,23.5
07/17/26 14:26:41.596,0,1017,26.8,62.1,1007,76,23.5
07/17/26 14:26:46.596,0,1017,26.8,62.1,1007,76,23.5
07/17/26 14:26:51.597,0,1017,26.8,62.1,1007,76,23.5
07/17/26 14:26:56.596,0,1017,26.8,62.1,1007,76,23.5
07/17/26 14:27:01.596,0,1017,26.8,62.1,1007,76,23.5
07/17/26 14:27:06.596,0,1017,26.8,62.1,1007,76,23.5
07/17/26 14:27:11.596,0,1017,26.8,62.1,1007,76,23.5
07/17/26 14:27:16.597,0,1017,26.8,62.1,1007,76,23.5
07/17/26 14:27:21.596,0,1017,26.8,62.1,1007,76,23.5
07/17/26 14:27:26.597,0,1017,26.8,62.2,1007,76,23.5
07/17/26 14:27:31.596,0,1017,26.8,62.2,1007,76,23.5
07/17/26 14:27:36.597,0,1017,26.8,62.2,1007,76,23.5
07/17/26 14:27:41.597,0,1017,26.8,62.2,1007,76,23.5
07/17/26 14:27:46.596,0,1017,26.8,62.2,1007,76,23.5
07/17/26 14:27:51.597,0,1017,26.8,62.2,1007,76,23.5
07/17/26 14:27:56.597,0,1017,26.8,62.2,1007,76,23.5
07/17/26 14:28:01.597,0,1017,26.8,62.2,1007,76,23.5
07/17/26 14:28:06.597,0,1017,26.8,62.2,1007,76,23.5
07/17/26 14:28:11.597,0,1017,26.8,62.2,1007,76,23.5
07/17/26 14:28:16.596,0,1017,26.8,62.2,1007,76,23.5
07/17/26 14:28:21.596,0,1017,26.8,62.2,1007,76,23.5
07/17/26 14:28:26.597,0,1017,26.8,62.2,1007,76,23.5
07/17/26 14:28:31.597,0,1017,26.8,62.2,1007,76,23.5
07/17/26 14:28:36.596,0,1017,26.8,62.2,1007,76,23.5
07/17/26 14:28:41.597,0,1016,26.8,62.2,1007,76,23.5
07/17/26 14:28:46.597,0,1017,26.8,62.2,1007,76,23.5
07/17/26 14:28:51.597,0,1017,26.8,62.2,1007,76,23.5
07/17/26 14:28:56.597,0,1016,26.8,62.2,1007,76,23.5
07/17/26 14:29:01.597,0,1016,26.8,62.2,1007,76,23.5
07/17/26 14:29:06.597,0,1016,26.8,62.2,1007,76,23.5
07/17/26 14:29:11.597,0,1016,26.8,62.2,1007,76,23.5
07/17/26 14:29:16.598,0,1016,26.8,62.2,1007,76,23.5
07/17/26 14:29:21.597,0,1016,26.8,62.1,1007,76,23.5
07/17/26 14:29:26.597,0,1017,26.8,62.2,1007,76,23.5
07/17/26 14:29:31.597,0,1016,26.8,62.2,1007,76,23.5
07/17/26 14:29:36.598,0,1016,26.8,62.2,1007,76,23.5
07/17/26 14:29:41.597,0,1016,26.8,62.2,1007,76,23.5
07/17/26 14:29:46.597,0,1016,26.8,62.2,1007,76,23.5
07/17/26 14:29:51.598,0,1016,26.8,62.2,1007,76,23.5
07/17/26 14:29:56.597,0,1016,26.8,62.2,1007,76,23.5
07/17/26 14:30:01.598,0,1016,26.8,62.2,1007,76,23.5
07/17/26 14:30:06.597,0,1016,26.8,62.2,1007,76,23.5
07/17/26 14:30:11.597,0,1016,26.8,62.2,1007,76,23.5
07/17/26 14:30:16.598,0,1016,26.8,62.2,1007,76,23.5
07/17/26 14:30:21.598,0,1016,26.8,62.2,1007,76,23.5
07/17/26 14:30:26.598,0,1016,26.8,62.2,1007,76,23.5
07/17/26 14:30:31.597,0,1016,26.8,61.9,1007,76,23.5
07/17/26 14:30:36.598,0,1016,26.8,62.2,1007,76,23.5
07/17/26 14:30:41.597,0,1016,26.8,62,1007,76,23.5
07/17/26 14:30:46.598,0,1016,26.8,62.2,1007,76,23.5
07/17/26 14:30:51.598,0,1016,26.8,62.2,1007,76,23.5
07/17/26 14:30:56.597,0,1016,26.8,62.2,1007,76,23.5
07/17/26 14:31:01.598,0,1016,26.8,62.2,1007,76,23.5
07/17/26 14:31:06.598,0,1016,26.8,62.2,1007,76,23.5
07/17/26 14:31:11.597,0,1016,26.8,62.2,1007,76,23.5
07/17/26 14:31:16.598,0,1016,26.8,62.3,1007,76,23.5
07/17/26 14:31:21.597,0,1016,26.8,62.2,1007,76,23.5
07/17/26 14:31:26.598,0,1016,26.8,62.2,1007,76,23.5
07/17/26 14:31:31.598,0,1016,26.8,62.3,1007,76,23.5
07/17/26 14:31:36.598,0,1016,26.8,62.2,1007,76,23.5
07/17/26 14:31:41.598,0,1016,26.8,62.2,1007,76,23.5
07/17/26 14:31:46.598,0,1016,26.8,62.2,1007,76,23.5
07/17/26 14:31:51.598,0,1016,26.8,62.2,1007,76,23.5
07/17/26 14:31:56.598,0,1016,26.8,62.2,1007,76,23.5
07/17/26 14:32:01.598,0,1016,26.8,62.2,1007,76,23.5
07/17/26 14:32:06.598,0,1016,26.8,62.2,1007,76,23.5
07/17/26 14:32:11.598,0,1016,26.8,62.3,1007,76,23.5
07/17/26 14:32:16.598,0,1016,26.8,62.3,1007,76,23.5
07/17/26 14:32:21.598,0,1016,26.8,62.3,1007,76,23.5
07/17/26 14:32:26.598,0,1016,26.8,62.3,1007,76,23.5
07/17/26 14:32:31.598,0,1016,26.8,62.3,1007,76,23.5
07/17/26 14:32:36.599,0,1016,26.8,62.3,1007,76,23.5
07/17/26 14:32:41.598,0,1016,26.8,62.3,1007,76,23.5
07/17/26 14:32:46.598,0,1016,26.8,62.3,1007,76,23.5
07/17/26 14:32:51.598,0,1016,26.8,62.3,1007,76,23.5
07/17/26 14:32:56.598,0,1016,26.8,62.3,1007,76,23.5
07/17/26 14:33:01.598,0,1016,26.8,62.4,1007,76,23.5
07/17/26 14:33:06.599,0,1016,26.8,62.4,1007,76,23.5
07/17/26 14:33:11.599,0,1016,26.8,62.4,1007,76,23.5
07/17/26 14:33:16.599,0,1016,26.8,62.4,1007,76,23.5
07/17/26 14:33:21.599,0,1016,26.8,62.4,1007,76,23.5
07/17/26 14:33:26.599,0,1016,26.8,62.4,1007,76,23.5
07/17/26 14:33:31.599,0,1016,26.8,62.4,1007,76,23.5
07/17/26 14:33:36.598,0,1016,26.8,62.4,1007,76,23.5
07/17/26 14:33:41.599,0,1016,26.8,62.4,1007,76,23.5
07/17/26 14:33:46.599,0,1016,26.8,62.4,1007,76,23.5
07/17/26 14:33:51.598,0,1016,26.8,62.4,1007,76,23.5
07/17/26 14:33:56.599,0,1016,26.8,62.4,1007,76,23.5
07/17/26 14:34:01.598,0,1016,26.8,62.4,1007,76,23.5
07/17/26 14:34:06.599,0,1016,26.8,62.4,1007,76,23.5
07/17/26 14:34:11.599,0,1016,26.8,62.4,1007,76,23.5
07/17/26 14:34:16.598,0,1016,26.8,62.4,1007,76,23.5
07/17/26 14:34:21.599,0,1016,26.8,62.4,1007,76,23.5
07/17/26 14:34:26.598,0,1016,26.8,62.3,1007,76,23.5
07/17/26 14:34:31.599,0,1016,26.8,62.4,1007,76,23.5
07/17/26 14:34:36.599,0,1016,26.8,62.4,1007,76,23.5
07/17/26 14:34:41.599,0,1016,26.8,62.4,1007,76,23.5
07/17/26 14:34:46.599,0,1016,26.8,62.4,1007,76,23.5
07/17/26 14:34:51.599,0,1016,26.8,62.4,1007,76,23.5
07/17/26 14:34:56.599,0,1016,26.8,62.4,1007,76,23.5
07/17/26 14:35:01.599,0,1016,26.8,62.4,1007,76,23.5
07/17/26 14:35:06.599,0,1016,26.8,62.4,1007,76,23.5
07/17/26 14:35:11.600,0,1016,26.8,62.4,1007,76,23.5
07/17/26 14:35:16.599,0,1016,26.8,62.5,1007,76,23.5
07/17/26 14:35:21.599,0,1017,26.8,62.5,1007,76,23.5
07/17/26 14:35:26.599,0,1017,26.8,62.5,1007,76,23.5
07/17/26 14:35:31.599,0,1016,26.8,62.5,1007,76,23.5
07/17/26 14:35:36.599,0,1016,26.8,62.6,1007,77,23.5
07/17/26 14:35:41.602,0,1016,26.8,62.5,1007,76,23.5
07/17/26 14:35:46.602,0,1017,26.8,62.5,1007,76,23.5
07/17/26 14:35:51.602,0,1016,26.8,62.5,1007,76,23.5
07/17/26 14:35:56.601,0,1016,26.8,62.5,1007,76,23.5
07/17/26 14:36:01.601,0,1017,26.8,62.5,1007,76,23.5
07/17/26 14:36:06.601,0,1016,26.8,62.5,1007,76,23.5
07/17/26 14:36:11.602,0,1016,26.8,62.5,1007,76,23.5
07/17/26 14:36:16.601,0,1016,26.8,62.5,1007,76,23.5
07/17/26 14:36:21.601,0,1016,26.8,62.5,1007,76,23.5
07/17/26 14:36:26.602,0,1016,26.8,62.5,1007,76,23.5
07/17/26 14:36:31.601,0,1017,26.8,62.5,1007,76,23.5
07/17/26 14:36:36.601,0,1016,26.8,62.5,1007,76,23.5
07/17/26 14:36:41.602,0,1017,26.8,62.5,1007,76,23.5
07/17/26 14:36:46.602,0,1017,26.8,62.5,1007,76,23.5
07/17/26 14:36:51.601,0,1016,26.8,62.5,1007,76,23.5
07/17/26 14:36:56.602,0,1017,26.8,62.5,1007,76,23.5
07/17/26 14:37:01.602,0,1016,26.8,62.5,1007,76,23.5
07/17/26 14:37:06.602,0,1017,26.8,62.5,1007,76,23.5
07/17/26 14:37:11.602,0,1017,26.8,62.5,1007,76,23.5
07/17/26 14:37:16.601,0,1017,26.8,62.5,1007,76,23.5
07/17/26 14:37:21.602,0,1016,26.8,62.5,1007,76,23.5
07/17/26 14:37:26.602,0,1016,26.8,62.5,1007,76,23.5
07/17/26 14:37:31.602,0,1017,26.8,62.5,1007,76,23.5
07/17/26 14:37:36.602,0,1016,26.8,62.5,1007,76,23.5
07/17/26 14:37:41.602,0,1017,26.8,62.5,1007,76,23.5
07/17/26 14:37:46.602,0,1016,26.8,62.5,1007,76,23.5
07/17/26 14:37:51.602,0,1016,26.9,62.5,1007,76,23.5
07/17/26 14:37:56.602,0,1016,26.9,62.5,1007,76,23.5
07/17/26 14:38:01.602,0,1016,26.9,62.5,1007,76,23.5
07/17/26 14:38:06.602,0,1016,26.9,62.5,1007,76,23.5
07/17/26 14:38:11.602,0,1016,26.9,62.5,1007,76,23.5
07/17/26 14:38:16.602,0,1016,26.8,62.5,1007,76,23.5
07/17/26 14:38:21.602,0,1017,26.9,62.5,1007,76,23.5
07/17/26 14:38:26.602,0,1017,26.9,62.5,1007,76,23.5
07/17/26 14:38:31.602,0,1016,26.9,62.5,1007,76,23.5
07/17/26 14:38:36.602,0,1016,26.9,62.5,1007,76,23.5
07/17/26 14:38:41.602,0,1016,26.9,62.5,1007,76,23.5
07/17/26 14:38:46.602,0,1016,26.8,62.5,1007,76,23.5
07/17/26 14:38:51.602,0,1016,26.9,62.5,1007,76,23.5
07/17/26 14:38:56.602,0,1016,26.8,62.6,1007,76,23.5
07/17/26 14:39:01.602,0,1017,26.8,62.6,1007,76,23.6
07/17/26 14:39:06.602,0,1016,26.9,62.6,1007,76,23.5
07/17/26 14:39:11.602,0,1016,26.9,62.6,1007,76,23.5
07/17/26 14:39:16.603,0,1016,26.8,62.6,1007,77,23.6
07/17/26 14:39:21.603,0,1016,26.8,62.6,1007,76,23.5
07/17/26 14:39:26.603,0,1017,26.9,62.6,1007,77,23.5
07/17/26 14:39:31.603,0,1016,26.8,62.6,1007,77,23.6
07/17/26 14:39:36.603,0,1016,26.8,62.6,1007,77,23.5
07/17/26 14:39:41.602,0,1016,26.9,62.5,1007,77,23.6
07/17/26 14:39:46.603,0,1016,26.8,62.6,1007,77,23.5
07/17/26 14:39:51.603,0,1016,26.8,62.6,1007,77,23.6
07/17/26 14:39:56.603,0,1016,26.8,62.6,1007,77,23.6
07/17/26 14:40:01.603,0,1016,26.8,62.7,1007,77,23.6
07/17/26 14:40:06.603,0,1016,26.9,62.6,1007,77,23.6
07/17/26 14:40:11.603,0,1017,26.9,62.6,1007,77,23.6
07/17/26 14:40:16.603,0,1016,26.9,62.7,1007,77,23.6
07/17/26 14:40:21.603,0,1017,26.9,62.7,1007,77,23.6
07/17/26 14:40:26.603,0,1016,26.9,62.6,1007,77,23.6
07/17/26 14:40:31.603,0,1017,26.9,62.6,1007,77,23.6
07/17/26 14:40:36.604,0,1016,26.9,62.6,1007,77,23.6
07/17/26 14:40:41.603,0,1016,26.9,62.6,1007,77,23.6
07/17/26 14:40:46.604,0,1016,26.9,62.6,1007,77,23.6
07/17/26 14:40:51.603,0,1016,26.9,62.6,1007,77,23.6
07/17/26 14:40:56.603,0,1016,26.9,62.6,1007,77,23.6
07/17/26 14:41:01.603,0,1016,26.9,62.7,1007,77,23.6
07/17/26 14:41:06.603,0,1017,26.9,62.7,1007,77,23.6
07/17/26 14:41:11.604,0,1016,26.9,62.7,1007,77,23.6
07/17/26 14:41:16.603,0,1016,26.9,62.7,1007,77,23.6
07/17/26 14:41:21.603,0,1016,26.9,62.7,1007,77,23.6
07/17/26 14:41:26.603,0,1016,26.9,62.7,1007,77,23.6
07/17/26 14:41:31.603,0,1016,26.9,62.7,1007,77,23.6
07/17/26 14:41:36.604,0,1016,26.9,62.7,1007,77,23.6
07/17/26 14:41:41.603,0,1016,26.9,62.7,1007,77,23.6
07/17/26 14:41:46.603,0,1016,26.9,62.7,1007,77,23.6
07/17/26 14:41:51.603,0,1016,26.9,62.7,1007,77,23.6
07/17/26 14:41:56.603,0,1017,26.9,62.7,1007,77,23.6
07/17/26 14:42:01.604,0,1016,26.9,62.7,1007,77,23.6
07/17/26 14:42:06.604,0,1016,26.9,62.7,1007,77,23.6
07/17/26 14:42:11.604,0,1017,26.9,62.7,1007,77,23.6
07/17/26 14:42:16.604,0,1017,26.9,62.7,1007,77,23.6
07/17/26 14:42:21.604,0,1016,26.9,62.7,1007,77,23.6
07/17/26 14:42:26.604,0,1017,26.9,62.7,1007,77,23.6
07/17/26 14:42:31.603,0,1016,26.9,62.7,1007,77,23.6
07/17/26 14:42:36.604,0,1016,26.9,62.7,1007,77,23.6
07/17/26 14:42:41.604,0,1016,26.9,62.7,1007,77,23.6
07/17/26 14:42:46.604,0,1016,26.9,62.7,1007,77,23.6
07/17/26 14:42:51.604,0,1016,26.9,62.7,1007,77,23.6
07/17/26 14:42:56.604,0,1016,26.9,62.7,1007,77,23.6
07/17/26 14:43:01.604,0,1017,26.9,62.7,1007,77,23.6
07/17/26 14:43:06.604,0,1016,26.9,62.7,1007,77,23.6
07/17/26 14:43:11.604,0,1016,26.9,62.7,1007,77,23.6
07/17/26 14:43:16.604,0,1016,26.9,62.7,1007,77,23.6
07/17/26 14:43:21.604,0,1016,26.9,62.7,1007,77,23.6
07/17/26 14:43:26.604,0,1016,26.9,62.7,1007,77,23.6
07/17/26 14:43:31.604,0,1016,26.9,62.7,1007,77,23.6
07/17/26 14:43:36.604,0,1017,26.9,62.7,1007,77,23.6
07/17/26 14:43:41.605,0,1017,26.9,62.7,1007,77,23.6
07/17/26 14:43:46.605,0,1016,26.9,62.7,1007,77,23.6
07/17/26 14:43:51.605,0,1017,26.9,62.7,1007,77,23.6
07/17/26 14:43:56.604,0,1017,26.9,62.7,1007,77,23.6
07/17/26 14:44:01.604,0,1016,26.9,62.7,1007,77,23.6
07/17/26 14:44:06.604,0,1017,26.9,62.7,1007,77,23.6
07/17/26 14:44:11.605,0,1016,26.9,62.7,1007,77,23.6
07/17/26 14:44:16.605,0,1017,26.9,62.7,1007,77,23.6
07/17/26 14:44:21.604,0,1017,26.9,62.7,1007,77,23.6
07/17/26 14:44:26.604,0,1016,26.9,62.7,1007,77,23.6
07/17/26 14:44:31.605,0,1016,26.9,62.7,1007,77,23.6
07/17/26 14:44:36.604,0,1017,26.9,62.7,1007,77,23.6
07/17/26 14:44:41.604,0,1016,26.9,62.7,1007,77,23.6
07/17/26 14:44:46.604,0,1017,26.9,62.7,1007,77,23.6
07/17/26 14:44:51.604,0,1017,26.9,62.7,1007,77,23.6
07/17/26 14:44:56.604,0,1017,26.9,62.7,1007,77,23.6
07/17/26 14:45:01.604,0,1017,26.9,62.7,1007,77,23.6
07/17/26 14:45:06.605,0,1017,26.9,62.7,1007,77,23.6
07/17/26 14:45:11.604,0,1017,26.9,62.7,1007,77,23.6
07/17/26 14:45:16.604,0,1016,26.9,62.7,1007,77,23.6
07/17/26 14:45:21.605,0,1017,26.9,62.8,1007,77,23.6
07/17/26 14:45:26.604,0,1016,26.9,62.8,1007,77,23.6
07/17/26 14:45:31.604,0,1016,26.9,62.8,1007,77,23.6
07/17/26 14:45:36.605,0,1017,26.9,62.8,1007,77,23.6
07/17/26 14:45:41.605,0,1017,26.9,62.8,1007,77,23.6
07/17/26 14:45:46.605,0,1017,26.9,62.8,1007,77,23.6
07/17/26 14:45:51.605,0,1017,26.9,62.8,1007,77,23.6
07/17/26 14:45:56.605,0,1017,26.9,62.8,1007,77,23.6
07/17/26 14:46:01.605,0,1017,26.9,62.8,1007,77,23.6
07/17/26 14:46:06.605,0,1017,26.9,62.8,1007,77,23.6
07/17/26 14:46:11.605,0,1017,26.9,62.8,1007,77,23.6
07/17/26 14:46:16.605,0,1016,26.9,62.8,1007,77,23.6
07/17/26 14:46:21.605,0,1016,26.9,62.8,1007,77,23.6
07/17/26 14:46:26.605,0,1016,26.9,62.8,1007,77,23.6
07/17/26 14:46:31.605,0,1016,26.9,62.8,1007,77,23.6
07/17/26 14:46:36.606,0,1016,26.9,62.8,1007,77,23.6
07/17/26 14:46:41.605,0,1017,26.9,62.9,1007,77,23.6
07/17/26 14:46:46.606,0,1016,26.9,62.9,1007,77,23.6
07/17/26 14:46:51.605,0,1016,26.9,62.9,1007,77,23.6
07/17/26 14:46:56.605,0,1016,26.9,62.9,1007,77,23.6
07/17/26 14:47:01.606,0,1017,26.9,62.9,1007,77,23.6
07/17/26 14:47:06.605,0,1016,26.9,62.9,1007,77,23.6
07/17/26 14:47:11.605,0,1017,26.9,62.9,1007,77,23.6
07/17/26 14:47:16.606,0,1016,26.9,62.9,1007,77,23.6
07/17/26 14:47:21.605,0,1016,26.9,62.9,1007,77,23.6
07/17/26 14:47:26.605,0,1017,26.9,62.9,1007,77,23.6
07/17/26 14:47:31.605,0,1017,26.9,62.8,1007,77,23.6
07/17/26 14:47:36.606,0,1017,26.9,62.9,1007,77,23.6
07/17/26 14:47:41.606,0,1017,26.9,62.9,1007,77,23.6
07/17/26 14:47:46.605,0,1017,26.9,62.9,1007,77,23.6
07/17/26 14:47:51.606,0,1017,26.9,62.9,1007,77,23.6
07/17/26 14:47:56.606,0,1017,26.9,62.9,1007,77,23.6
07/17/26 14:48:01.605,0,1017,26.9,62.8,1007,77,23.6
07/17/26 14:48:06.605,0,1017,26.9,62.9,1007,77,23.6
07/17/26 14:48:11.606,0,1017,26.9,62.8,1007,77,23.6
07/17/26 14:48:16.606,0,1017,26.9,62.9,1007,77,23.6
07/17/26 14:48:21.606,0,1017,26.9,62.9,1007,77,23.6
07/17/26 14:48:26.606,0,1017,26.9,62.8,1007,77,23.6
07/17/26 14:48:31.606,0,1017,26.9,62.8,1007,77,23.6
07/17/26 14:48:36.606,0,1017,26.9,62.9,1007,77,23.6
07/17/26 14:48:41.606,0,1017,26.9,62.9,1007,77,23.6
07/17/26 14:48:46.606,0,1016,26.9,62.9,1007,77,23.6
07/17/26 14:48:51.606,0,1017,26.9,62.9,1007,77,23.6
07/17/26 14:48:56.606,0,1017,26.9,62.9,1007,77,23.6
07/17/26 14:49:01.607,0,1017,27,62.9,1007,77,23.6
07/17/26 14:49:06.606,0,1017,26.9,62.9,1007,77,23.6
07/17/26 14:49:11.606,0,1017,26.9,62.9,1007,77,23.6
07/17/26 14:49:16.606,0,1017,27,62.9,1007,77,23.6
07/17/26 14:49:21.607,0,1017,26.9,62.9,1007,77,23.6
07/17/26 14:49:26.606,0,1017,26.9,62.9,1007,77,23.6
07/17/26 14:49:31.606,0,1017,27,63,1007,77,23.6
07/17/26 14:49:36.606,0,1017,27,62.9,1007,77,23.6
07/17/26 14:49:41.606,0,1017,27,62.9,1007,77,23.6
07/17/26 14:49:46.606,0,1017,27,62.9,1007,77,23.6
07/17/26 14:49:51.607,0,1017,27,62.9,1007,77,23.6
07/17/26 14:49:56.607,0,1017,26.9,62.9,1007,77,23.6
07/17/26 14:50:01.607,0,1017,27,62.9,1007,77,23.6
07/17/26 14:50:06.607,0,1017,26.9,62.9,1007,77,23.6
07/17/26 14:50:11.607,0,1017,26.9,62.9,1007,77,23.6
07/17/26 14:50:16.607,0,1017,26.9,62.9,1007,77,23.6
07/17/26 14:50:21.607,0,1017,26.9,62.9,1007,77,23.6
07/17/26 14:50:26.607,0,1017,26.9,62.9,1007,77,23.6
07/17/26 14:50:31.607,0,1017,26.9,62.9,1007,77,23.6
07/17/26 14:50:36.606,0,1017,26.9,62.9,1007,77,23.6
07/17/26 14:50:41.606,0,1017,26.9,62.9,1007,77,23.6
07/17/26 14:50:46.600,0,1017,26.9,62.9,1007,77,23.6
07/17/26 14:50:51.607,0,1017,26.9,62.9,1007,77,23.6
07/17/26 14:50:56.626,0,1017,26.9,62.9,1007,77,23.6
07/17/26 14:51:01.606,0,1017,26.9,63,1007,77,23.6
07/17/26 14:51:06.607,0,1017,26.9,63,1007,77,23.6
07/17/26 14:51:11.607,0,1017,26.9,63,1007,77,23.6
07/17/26 14:51:16.607,0,1017,26.9,63,1007,77,23.6
07/17/26 14:51:21.607,0,1017,26.9,63,1007,77,23.6
07/17/26 14:51:26.607,0,1017,26.9,63,1007,77,23.6
07/17/26 14:51:31.607,0,1017,26.9,63,1007,77,23.6
07/17/26 14:51:36.607,0,1017,26.9,63,1007,77,23.6
07/17/26 14:51:41.607,0,1017,26.9,63,1007,77,23.6
07/17/26 14:51:46.607,0,1017,26.9,63,1007,77,23.6
07/17/26 14:51:51.607,0,1017,26.9,63.1,1007,77,23.6
07/17/26 14:51:56.607,0,1017,26.9,63,1007,77,23.6
07/17/26 14:52:01.607,0,1017,26.9,63,1007,77,23.6
07/17/26 14:52:06.607,0,1017,26.9,63,1007,77,23.6
07/17/26 14:52:11.608,0,1017,26.9,63,1007,77,23.6
07/17/26 14:52:16.607,0,1017,26.9,63,1007,77,23.6
07/17/26 14:52:21.607,0,1017,26.9,63,1007,77,23.6
07/17/26 14:52:26.607,0,1017,26.9,63,1007,77,23.6
07/17/26 14:52:31.608,0,1017,26.9,63,1007,77,23.6
07/17/26 14:52:36.607,0,1016,27,63,1007,77,23.6
07/17/26 14:52:41.607,0,1017,27,63,1007,77,23.6
07/17/26 14:52:46.607,0,1017,27,63,1007,77,23.6
07/17/26 14:52:51.607,0,1017,26.9,63,1007,77,23.6
07/17/26 14:52:56.607,0,1017,26.9,63,1007,77,23.6
07/17/26 14:53:01.607,0,1017,26.9,63,1007,77,23.6
07/17/26 14:53:06.607,0,1017,26.9,63,1007,77,23.6
07/17/26 14:53:11.607,0,1017,26.9,63,1007,77,23.6
07/17/26 14:53:16.607,0,1017,26.9,63,1007,77,23.6
07/17/26 14:53:21.608,0,1017,26.9,63,1007,77,23.6
07/17/26 14:53:26.608,0,1017,26.9,63,1007,77,23.6
07/17/26 14:53:31.607,0,1017,26.9,63.1,1007,77,23.6
07/17/26 14:53:36.608,0,1017,26.9,63.1,1007,77,23.6
07/17/26 14:53:41.607,0,1017,26.9,63.1,1007,77,23.6
07/17/26 14:53:46.607,0,1017,27,63.1,1007,77,23.6
07/17/26 14:53:51.608,0,1017,26.9,63.1,1007,77,23.6
07/17/26 14:53:56.608,0,1017,26.9,63.1,1007,77,23.6
07/17/26 14:54:01.607,0,1017,26.9,63.1,1007,77,23.6
07/17/26 14:54:06.608,0,1017,27,63.1,1007,77,23.6
07/17/26 14:54:11.608,0,1017,27,63.1,1007,77,23.6
07/17/26 14:54:16.608,0,1017,26.9,63.1,1007,77,23.6
07/17/26 14:54:21.608,0,1016,26.9,63.1,1007,77,23.6
07/17/26 14:54:26.608,0,1016,26.9,63.1,1007,77,23.6
07/17/26 14:54:31.608,0,1016,27,63.1,1007,77,23.6
07/17/26 14:54:36.607,0,1017,27,63.1,1007,77,23.6
07/17/26 14:54:41.608,0,1017,27,63,1007,77,23.6
07/17/26 14:54:46.608,0,1017,27,63.1,1007,77,23.6
07/17/26 14:54:51.608,0,1016,27,63,1007,77,23.6
07/17/26 14:54:56.608,0,1016,27,63,1007,77,23.6
07/17/26 14:55:01.608,0,1016,27,63,1007,77,23.6
07/17/26 14:55:06.608,0,1017,27,63,1007,77,23.6
07/17/26 14:55:11.609,0,1016,27,63,1007,77,23.6
07/17/26 14:55:16.609,0,1016,26.9,63.1,1007,77,23.7
07/17/26 14:55:21.608,0,1017,27,63.1,1007,77,23.6
07/17/26 14:55:26.608,0,1016,27,63.1,1007,77,23.6
07/17/26 14:55:31.608,0,1016,27,63.1,1007,77,23.6
07/17/26 14:55:36.608,0,1016,27,63.1,1007,77,23.7
07/17/26 14:55:41.608,0,1016,27,63.1,1007,77,23.6
07/17/26 14:55:46.608,0,1016,27,63.1,1007,77,23.6
07/17/26 14:55:51.608,0,1016,27,63.1,1007,77,23.6
07/17/26 14:55:56.608,0,1016,27,63.1,1007,77,23.6
07/17/26 14:56:01.608,0,1016,27,63.1,1007,77,23.6
07/17/26 14:56:06.609,0,1016,27,63.1,1007,77,23.6
07/17/26 14:56:11.609,0,1016,27,63.1,1007,78,23.6
07/17/26 14:56:16.609,0,1016,27,63.1,1007,77,23.6
07/17/26 14:56:21.608,0,1016,27,63.1,1007,77,23.6
07/17/26 14:56:26.609,0,1016,27,63.1,1007,77,23.7
07/17/26 14:56:31.608,0,1016,27,63.2,1007,78,23.6
07/17/26 14:56:36.608,0,1016,27,63.2,1007,78,23.7
07/17/26 14:56:41.608,0,1016,27,63.2,1007,78,23.7
07/17/26 14:56:46.609,0,1016,27,63.2,1007,78,23.7
07/17/26 14:56:51.609,0,1016,27,63.2,1007,78,23.6
07/17/26 14:56:56.609,0,1016,27,63.1,1007,77,23.7
07/17/26 14:57:01.609,0,1016,27,63.1,1007,77,23.7
07/17/26 14:57:06.609,0,1016,27,63.1,1007,77,23.7
07/17/26 14:57:11.609,0,1016,27,63.2,1007,78,23.6
07/17/26 14:57:16.609,0,1016,27,63.2,1007,78,23.7
07/17/26 14:57:21.609,0,1016,27,63.2,1007,78,23.7
07/17/26 14:57:26.609,0,1016,27,63.2,1007,78,23.7
07/17/26 14:57:31.609,0,1016,27,63.2,1007,78,23.7
07/17/26 14:57:36.610,0,1016,27,63.3,1007,78,23.7
07/17/26 14:57:41.609,0,1016,27,63.2,1007,78,23.7
07/17/26 14:57:46.609,0,1016,27,63.2,1007,78,23.7
07/17/26 14:57:51.609,0,1016,27,63.2,1007,78,23.7
07/17/26 14:57:56.609,0,1016,26.9,63.2,1007,78,23.7
07/17/26 14:58:01.610,0,1016,27,63.2,1007,78,23.7
07/17/26 14:58:06.609,0,1016,27,63.2,1007,78,23.7
07/17/26 14:58:11.610,0,1016,27,63.2,1007,78,23.7
07/17/26 14:58:16.609,0,1016,27,63.2,1007,78,23.7
07/17/26 14:58:21.609,0,1016,27,63.2,1007,78,23.7
07/17/26 14:58:26.610,0,1016,27,63.2,1007,78,23.7
07/17/26 14:58:31.610,0,1016,27,63.2,1007,78,23.7
07/17/26 14:58:36.609,0,1016,27,63.3,1007,78,23.7
07/17/26 14:58:41.610,0,1016,27,63.3,1007,78,23.7
07/17/26 14:58:46.609,0,1016,27,63.3,1007,78,23.7
07/17/26 14:58:51.610,0,1016,27,63.3,1007,78,23.7
07/17/26 14:58:56.609,0,1016,27,63.3,1007,78,23.7
07/17/26 14:59:01.610,0,1016,27,63.3,1007,78,23.7
07/17/26 14:59:06.609,0,1016,26.9,63.3,1007,78,23.7
07/17/26 14:59:11.610,0,1016,27,63.3,1007,78,23.7
07/17/26 14:59:16.610,0,1016,27,63.3,1007,77,23.7
07/17/26 14:59:21.610,0,1016,27,63.3,1006,77,23.7
07/17/26 14:59:26.609,0,1016,26.9,63.3,1007,77,23.7
07/17/26 14:59:31.609,0,1016,26.9,63.3,1007,78,23.7
07/17/26 14:59:36.610,0,1016,27,63.3,1007,78,23.7
07/17/26 14:59:41.609,0,1016,27,63.2,1007,78,23.7
07/17/26 14:59:46.609,0,1016,27,63.2,1006,77,23.7
07/17/26 14:59:51.610,0,1016,27,63.2,1006,77,23.7
07/17/26 14:59:56.610,0,1016,27,63.2,1006,78,23.7
07/17/26 15:00:01.610,0,1016,27,63.2,1006,78,23.7
07/17/26 15:00:06.610,0,1016,27,63.2,1006,78,23.7
07/17/26 15:00:11.610,0,1016,27,63.2,1006,78,23.7
07/17/26 15:00:16.610,0,1016,27,63.2,1006,77,23.7
07/17/26 15:00:21.610,0,1016,27,63.2,1006,78,23.7
07/17/26 15:00:26.610,0,1016,27,63.2,1006,78,23.7
07/17/26 15:00:31.610,0,1016,27,63.2,1006,77,23.7
07/17/26 15:00:36.611,0,1016,27,63.2,1006,78,23.7
07/17/26 15:00:41.610,0,1016,27,63.2,1006,78,23.7
07/17/26 15:00:46.610,0,1016,27,63.2,1006,78,23.7
07/17/26 15:00:51.610,0,1016,27,63.2,1006,78,23.7
07/17/26 15:00:56.610,0,1016,27,63.2,1006,78,23.7
07/17/26 15:01:01.610,0,1016,27,63.2,1006,78,23.7
07/17/26 15:01:06.611,0,1016,27,63.2,1006,78,23.7
07/17/26 15:01:11.611,0,1016,27,63.2,1006,78,23.7
07/17/26 15:01:16.611,0,1016,27,63.2,1006,77,23.7
07/17/26 15:01:21.611,0,1016,27,63.2,1006,78,23.7
07/17/26 15:01:26.611,0,1016,27,63.2,1006,78,23.7
07/17/26 15:01:31.611,0,1016,27,63.2,1006,78,23.7
07/17/26 15:01:36.611,0,1016,27,63.2,1006,77,23.7
07/17/26 15:01:41.611,0,1016,27,63.3,1006,78,23.7
07/17/26 15:01:46.610,0,1016,27,63.3,1006,78,23.7
07/17/26 15:01:51.611,0,1016,27,63.3,1006,78,23.7
07/17/26 15:01:56.611,0,1016,27,63.3,1006,78,23.7
07/17/26 15:02:01.610,0,1016,27,63.3,1006,78,23.7
07/17/26 15:02:06.611,0,1016,27,63.3,1006,78,23.7
07/17/26 15:02:11.611,0,1016,27,63.3,1006,78,23.7
07/17/26 15:02:16.610,0,1016,27,63.3,1006,78,23.7
07/17/26 15:02:21.611,0,1016,27,63.3,1006,78,23.7
07/17/26 15:02:26.611,0,1016,27,63.3,1006,78,23.7
07/17/26 15:02:31.611,0,1016,27,63.3,1006,78,23.7
07/17/26 15:02:36.611,0,1016,27,63.3,1006,78,23.7
07/17/26 15:02:41.611,0,1016,27,63.3,1006,78,23.7
07/17/26 15:02:46.611,0,1016,27,63.3,1006,78,23.7
07/17/26 15:02:51.611,0,1016,27,63.3,1006,78,23.7
07/17/26 15:02:56.611,0,1016,27,63.3,1006,78,23.7
07/17/26 15:03:01.611,0,1016,27,63.3,1006,78,23.7
07/17/26 15:03:06.611,0,1016,27,63.3,1006,78,23.7
07/17/26 15:03:11.611,0,1016,27,63.3,1006,78,23.7
07/17/26 15:03:16.611,0,1016,27,63.3,1006,78,23.7
07/17/26 15:03:21.611,0,1016,27,63.3,1006,78,23.7
07/17/26 15:03:26.611,0,1016,27,63.3,1006,78,23.7
07/17/26 15:03:31.611,0,1016,27,63.3,1006,77,23.7
07/17/26 15:03:36.611,0,1016,27,63.3,1006,77,23.7
07/17/26 15:03:41.611,0,1016,27,63.3,1006,77,23.7
07/17/26 15:03:46.611,0,1016,27,63.3,1006,77,23.7
07/17/26 15:03:51.611,0,1016,27,63.3,1006,77,23.7
07/17/26 15:03:56.607,0,1016,27,63.3,1006,78,23.7
07/17/26 15:04:01.602,0,1016,27,63.3,1006,78,23.7
07/17/26 15:04:06.604,0,1016,27,63.3,1006,78,23.7
07/17/26 15:04:11.611,0,1016,27,63.3,1006,78,23.7
07/17/26 15:04:16.606,0,1016,27,63.3,1006,78,23.7
07/17/26 15:04:21.603,0,1016,27,63.3,1006,78,23.7
07/17/26 15:04:26.611,0,1016,27,63.3,1006,78,23.7
07/17/26 15:04:31.609,0,1016,27,63.3,1006,78,23.7
07/17/26 15:04:36.605,0,1016,27,63.3,1006,78,23.7
07/17/26 15:04:41.603,0,1016,27,63.3,1006,77,23.7
07/17/26 15:04:46.606,0,1016,27,63.3,1006,77,23.7
07/17/26 15:04:51.608,0,1016,27,63.3,1006,77,23.7
07/17/26 15:04:56.606,0,1016,27,63.2,1006,77,23.7
07/17/26 15:05:01.611,0,1016,27,63.2,1006,77,23.7
07/17/26 15:05:06.611,0,1016,27,63.2,1006,77,23.7
07/17/26 15:05:11.605,0,1016,27,63.2,1006,77,23.7
07/17/26 15:05:16.611,0,1016,27,63.2,1006,77,23.7
07/17/26 15:05:21.608,0,1016,27,63.2,1006,77,23.7
07/17/26 15:05:26.603,0,1016,27,63.2,1006,77,23.7
07/17/26 15:05:31.605,0,1016,27,63.2,1006,77,23.7
07/17/26 15:05:36.611,0,1016,27,63.2,1006,77,23.7
07/17/26 15:05:41.612,0,1016,27,63.2,1006,77,23.7
07/17/26 15:05:46.611,0,1016,27,63.2,1006,77,23.7
07/17/26 15:05:51.612,0,1016,27,63.2,1006,77,23.7
07/17/26 15:05:56.610,0,1016,27,63.2,1006,77,23.7
07/17/26 15:06:01.612,0,1016,27,63.2,1006,77,23.7
07/17/26 15:06:06.612,0,1016,27,63.2,1006,77,23.7
07/17/26 15:06:11.612,0,1016,27,63.2,1006,77,23.7
07/17/26 15:06:16.613,0,1016,27,63.3,1006,77,23.7
07/17/26 15:06:21.612,0,1016,26.9,63.3,1006,77,23.7
07/17/26 15:06:26.612,0,1016,27,63.3,1006,77,23.7
07/17/26 15:06:31.613,0,1016,27,63.3,1006,77,23.7
07/17/26 15:06:36.612,0,1016,27,63.3,1006,77,23.7
07/17/26 15:06:41.613,0,1016,27,63.3,1006,77,23.7
07/17/26 15:06:46.613,0,1016,27,63.3,1006,77,23.7
07/17/26 15:06:51.612,0,1016,27,63.3,1006,77,23.7
07/17/26 15:06:56.612,0,1016,27,63.3,1006,77,23.7
07/17/26 15:07:01.612,0,1016,26.9,63.3,1006,77,23.7
07/17/26 15:07:06.613,0,1016,26.9,63.3,1006,77,23.7
07/17/26 15:07:11.613,0,1016,26.9,63.3,1006,77,23.7
07/17/26 15:07:16.613,0,1016,27,63.3,1006,77,23.7
07/17/26 15:07:21.613,0,1016,26.9,63.3,1006,77,23.7
07/17/26 15:07:26.613,0,1016,26.9,63.3,1006,77,23.7
07/17/26 15:07:31.613,0,1016,27,63.3,1006,77,23.7
07/17/26 15:07:36.613,0,1016,26.9,63.3,1006,77,23.7
07/17/26 15:07:41.613,0,1016,27,63.3,1006,77,23.7
07/17/26 15:07:46.613,0,1016,27,63.3,1006,77,23.7
07/17/26 15:07:51.613,0,1016,26.9,63.3,1006,77,23.7
07/17/26 15:07:56.613,0,1016,27,63.3,1006,77,23.7
07/17/26 15:08:01.613,0,1016,27,63.3,1006,77,23.7
07/17/26 15:08:06.613,0,1016,27,63.3,1006,77,23.7
07/17/26 15:08:11.613,0,1016,27,63.3,1006,77,23.7
07/17/26 15:08:16.613,0,1016,27,63.3,1006,77,23.7
07/17/26 15:08:21.613,0,1016,27,63.3,1006,77,23.7
07/17/26 15:08:26.613,0,1016,27,63.3,1006,77,23.7
07/17/26 15:08:31.613,0,1016,27,63.3,1006,77,23.7
07/17/26 15:08:36.613,0,1016,27,63.3,1006,77,23.7
07/17/26 15:08:41.614,0,1016,27,63.3,1006,77,23.7
07/17/26 15:08:46.613,0,1016,27,63.3,1006,77,23.7
07/17/26 15:08:51.611,0,1016,26.9,63.3,1006,77,23.7
07/17/26 15:08:56.613,0,1016,26.9,63.3,1006,77,23.7
07/17/26 15:09:01.613,0,1016,26.9,63.3,1006,77,23.7
07/17/26 15:09:06.614,0,1016,26.9,63.3,1006,77,23.7
07/17/26 15:09:11.613,0,1016,27,63.3,1006,77,23.7
07/17/26 15:09:16.614,0,1016,27,63.3,1006,77,23.7
07/17/26 15:09:21.614,0,1016,27,63.3,1006,77,23.7
07/17/26 15:09:26.614,0,1016,27,63.3,1006,77,23.7
07/17/26 15:09:31.613,0,1016,27,63.3,1006,77,23.7
07/17/26 15:09:36.606,0,1016,27,63.3,1006,77,23.7
07/17/26 15:09:41.605,0,1016,27,63.3,1006,77,23.7
07/17/26 15:09:46.611,0,1016,27,63.3,1006,77,23.7
07/17/26 15:09:51.609,0,1016,27,63.3,1006,77,23.7
07/17/26 15:09:56.609,0,1016,27,63.2,1006,77,23.7
07/17/26 15:10:01.604,0,1016,27,63.2,1006,77,23.7
07/17/26 15:10:06.609,0,1016,27,63.2,1006,77,23.7
07/17/26 15:10:11.610,0,1016,27,63.2,1006,77,23.7
07/17/26 15:10:16.606,0,1016,27,63.2,1006,77,23.7
07/17/26 15:10:21.604,0,1016,27,63.2,1006,77,23.7
07/17/26 15:10:26.612,0,1016,27,63.2,1006,77,23.7
07/17/26 15:10:31.604,0,1016,27,63.2,1006,77,23.7
07/17/26 15:10:36.605,0,1016,27,63.2,1006,77,23.7
07/17/26 15:10:41.613,0,1016,27,63.2,1006,77,23.7
07/17/26 15:10:46.614,0,1016,27,63.2,1006,77,23.7
07/17/26 15:10:51.606,0,1016,27,63.1,1006,77,23.7
07/17/26 15:10:56.614,0,1016,27,63.2,1006,77,23.7
07/17/26 15:11:01.613,0,1016,27,63.1,1006,77,23.7
07/17/26 15:11:06.609,0,1016,27,63.1,1006,77,23.7
07/17/26 15:11:11.605,0,1016,27,63.1,1006,77,23.7
07/17/26 15:11:16.608,0,1016,27,63.1,1006,77,23.7
07/17/26 15:11:21.613,0,1016,27,63.1,1006,77,23.7
07/17/26 15:11:26.611,0,1016,27,63.1,1006,77,23.7
07/17/26 15:11:31.615,0,1016,27,63.1,1006,77,23.7
07/17/26 15:11:36.609,0,1016,27,63.1,1006,77,23.7
07/17/26 15:11:41.609,0,1016,27,63,1006,77,23.7
07/17/26 15:11:46.606,0,1016,27,63.1,1006,77,23.7
07/17/26 15:11:51.614,0,1016,27,63.1,1006,77,23.7
07/17/26 15:11:56.612,0,1016,27,63.1,1006,77,23.7
07/17/26 15:12:01.605,0,1016,27,63.1,1006,77,23.7
07/17/26 15:12:06.613,0,1016,27,63.1,1006,77,23.7
07/17/26 15:12:11.605,0,1016,27,63.1,1006,77,23.7
07/17/26 15:12:16.607,0,1016,27,63.1,1006,77,23.7
07/17/26 15:12:21.612,0,1016,27,63.1,1006,77,23.7
07/17/26 15:12:26.611,0,1016,27,63.1,1006,77,23.7
07/17/26 15:12:31.615,0,1016,27,63.1,1006,77,23.7
07/17/26 15:12:36.615,0,1016,27,63.1,1006,77,23.7
07/17/26 15:12:41.614,0,1016,27,63.1,1006,77,23.7
07/17/26 15:12:46.615,0,1016,27,63.1,1006,77,23.7
07/17/26 15:12:51.615,0,1016,27,63.1,1006,77,23.7
07/17/26 15:12:56.615,0,1016,27,63.2,1006,77,23.7
07/17/26 15:13:01.614,0,1016,27,63.2,1006,77,23.7
07/17/26 15:13:06.615,0,1016,27,63.2,1006,77,23.7
07/17/26 15:13:11.615,0,1016,27,63.2,1006,77,23.7
07/17/26 15:13:16.615,0,1016,27,63.2,1006,77,23.7
07/17/26 15:13:21.615,0,1016,27,63.2,1006,77,23.7
07/17/26 15:13:26.615,0,1016,27,63.1,1006,77,23.7
07/17/26 15:13:31.615,0,1016,27,63.2,1006,77,23.7
07/17/26 15:13:36.615,0,1016,27,63.1,1006,77,23.7
07/17/26 15:13:41.615,0,1016,27,63.1,1006,77,23.7
07/17/26 15:13:46.615,0,1016,27,63.2,1006,77,23.7
07/17/26 15:13:51.615,0,1016,27,63.2,1006,77,23.7
07/17/26 15:13:56.615,0,1016,27,63.2,1006,77,23.7
07/17/26 15:14:01.615,0,1016,27,63.2,1006,77,23.7
07/17/26 15:14:06.616,0,1016,27,63.2,1006,77,23.7
07/17/26 15:14:11.616,0,1016,27,63.2,1006,77,23.7
07/17/26 15:14:16.616,0,1016,27,63.2,1006,77,23.7
07/17/26 15:14:21.616,0,1016,27,63.2,1006,77,23.7
07/17/26 15:14:26.616,0,1016,27,63.2,1006,77,23.7
07/17/26 15:14:31.615,0,1016,27,63.2,1006,77,23.7
07/17/26 15:14:36.615,0,1016,27,63.1,1006,77,23.7
07/17/26 15:14:41.616,0,1016,27,63.2,1006,77,23.7
07/17/26 15:14:46.615,0,1016,27,63.2,1006,77,23.7
07/17/26 15:14:51.616,0,1016,27,63.2,1006,77,23.7
07/17/26 15:14:56.617,0,1016,27,63.2,1006,77,23.7
07/17/26 15:15:01.617,0,1016,27,63.2,1006,77,23.7
07/17/26 15:15:06.617,0,1016,27,63.2,1006,77,23.7
07/17/26 15:15:11.617,0,1016,27,63.2,1006,77,23.7
07/17/26 15:15:16.617,0,1016,27,63.2,1006,77,23.7
07/17/26 15:15:21.618,0,1016,27,63.2,1006,77,23.7
07/17/26 15:15:26.618,0,1016,27,63.2,1006,77,23.7
07/17/26 15:15:31.619,0,1016,27,63.2,1006,77,23.7
07/17/26 15:15:36.618,0,1016,27,63.2,1006,77,23.7
07/17/26 15:15:40.419,0,1016,27,63.2,1006,77,23.7
07/17/26 15:16:23.457,0,1016,27,63.2,1006,77,23.7
07/17/26 15:16:28.460,0,1016,27,63.2,1006,77,23.8
07/17/26 15:16:33.460,100,1016,27,63.2,1006,77,23.8
07/17/26 15:16:38.459,0,1016,27,63.2,1006,77,23.8
07/17/26 15:16:43.460,0,1016,27,63.2,1006,77,23.7
07/17/26 15:16:48.460,0,1016,27,63.2,1006,77,23.7
07/17/26 15:16:53.459,0,1016,27,63.2,1006,77,23.8
07/17/26 15:16:58.459,0,1016,27,63.2,1006,77,23.7
07/17/26 15:17:03.460,0,1016,27.1,63.2,1006,77,23.7
07/17/26 15:17:08.460,0,1016,27,63.2,1006,77,23.7
07/17/26 15:17:13.460,0,1016,27.1,63.2,1006,77,23.8
07/17/26 15:17:18.460,0,1016,27.1,63.2,1006,77,23.8
07/17/26 15:17:23.460,0,1016,27.1,63.2,1006,77,23.8
07/17/26 15:17:28.460,0,1016,27.1,63.2,1006,77,23.8
07/17/26 15:17:33.460,0,1016,27.1,63.2,1006,77,23.8
07/17/26 15:17:38.460,0,1016,27.1,63.2,1006,77,23.8
07/17/26 15:17:43.460,0,1016,27.1,63.2,1006,77,23.8
07/17/26 15:17:48.460,0,1016,27.1,63.1,1006,77,23.8
07/17/26 15:17:53.460,0,1015,27.1,63.2,1006,77,23.8
07/17/26 15:17:58.460,0,1016,27.1,63.1,1006,77,23.8
07/17/26 15:18:03.461,0,1015,27.1,63.2,1006,77,23.8
07/17/26 15:18:08.461,0,1016,27.1,63.2,1006,77,23.8
07/17/26 15:18:13.461,0,1016,27.1,63.2,1006,77,23.8
07/17/26 15:18:18.460,0,1016,27.1,63.2,1006,78,23.8
07/17/26 15:18:23.460,0,1016,27.1,63.2,1006,78,23.8
07/17/26 15:18:28.460,0,1016,27.1,63.2,1006,78,23.8
07/17/26 15:18:33.460,0,1016,27.1,63.2,1006,78,23.8
07/17/26 15:18:38.461,0,1016,27.1,63.2,1006,78,23.8
07/17/26 15:18:43.461,0,1016,27.1,63.2,1006,77,23.8
07/17/26 15:18:48.460,0,1016,27.1,63.2,1006,77,23.8
07/17/26 15:18:53.460,0,1016,27.1,63.1,1006,77,23.8
07/17/26 15:18:58.460,100,1016,27.1,63.1,1006,77,23.8
07/17/26 15:19:03.461,100,1016,27.1,63.1,1006,77,23.8
07/17/26 15:19:08.461,100,1015,27.1,63.1,1006,77,23.8
07/17/26 15:19:13.460,100,1016,27.1,63.2,1006,77,23.8
07/17/26 15:19:18.461,100,1015,27.1,63.2,1006,78,23.8
07/17/26 15:19:23.461,0,1016,27.1,63.1,1006,77,23.8
07/17/26 15:19:28.461,100,1016,27.1,63.2,1006,78,23.8
07/17/26 15:19:33.461,0,1015,27.1,63.2,1006,78,23.8
07/17/26 15:19:38.461,0,1016,27.1,63.2,1006,78,23.8
07/17/26 15:19:43.461,0,1016,27.1,63.2,1006,78,23.8
07/17/26 15:19:48.461,0,1016,27.1,63.2,1006,78,23.8
07/17/26 15:19:53.460,0,1016,27.1,63.2,1006,78,23.8
07/17/26 15:19:58.461,0,1015,27.1,63.2,1006,78,23.8
07/17/26 15:20:03.460,100,1016,27.1,63.2,1006,78,23.8
07/17/26 15:20:08.461,100,1016,27.1,63.2,1006,78,23.8
07/17/26 15:20:13.461,0,1016,27.1,63.2,1006,78,23.8
07/17/26 15:20:18.461,0,1016,27.1,63.2,1006,78,23.8
07/17/26 15:20:23.461,0,1015,27.1,63.2,1006,78,23.8
07/17/26 15:20:28.461,0,1016,27.1,63.2,1006,78,23.8
07/17/26 15:20:33.461,0,1015,27.1,63.2,1006,78,23.8
07/17/26 15:20:38.461,0,1015,27.1,63.2,1006,78,23.8
07/17/26 15:20:43.461,0,1015,27.1,63.2,1006,78,23.8
07/17/26 15:20:48.461,0,1015,27.1,63.3,1006,78,23.8
07/17/26 15:20:53.461,0,1015,27.1,63.3,1006,78,23.8
07/17/26 15:20:58.461,0,1015,27.1,63.3,1006,78,23.8
07/17/26 15:21:03.462,0,1016,27.1,63.3,1006,78,23.8
07/17/26 15:21:08.462,0,1016,27.1,63.3,1006,78,23.8
07/17/26 15:21:13.461,0,1015,27.1,63.2,1006,78,23.8
07/17/26 15:21:18.462,100,1016,27.1,63.3,1006,78,23.8
07/17/26 15:21:23.461,0,1015,27.1,63.3,1006,78,23.8
07/17/26 15:21:28.461,100,1015,27.1,63.3,1006,78,23.8
07/17/26 15:21:33.462,0,1016,27.1,63.3,1006,78,23.8
07/17/26 15:21:38.462,100,1015,27.1,63.3,1006,78,23.8
07/17/26 15:21:43.461,100,1015,27.1,63.3,1006,78,23.8
07/17/26 15:21:48.462,100,1015,27.1,63.3,1006,78,23.8
07/17/26 15:21:53.462,100,1016,27.1,63.3,1006,78,23.8
07/17/26 15:21:58.462,100,1015,27.1,63.3,1006,78,23.8
07/17/26 15:22:03.462,100,1015,27.1,63.3,1006,78,23.8
07/17/26 15:22:08.462,100,1015,27.1,63.3,1006,78,23.8
07/17/26 15:22:13.462,100,1015,27.1,63.3,1006,78,23.8
07/17/26 15:22:18.461,100,1015,27.1,63.3,1006,78,23.8
07/17/26 15:22:23.462,100,1015,27.1,63.4,1006,78,23.8
07/17/26 15:22:28.462,100,1015,27.1,63.4,1006,78,23.8
07/17/26 15:22:33.462,200,1015,27.1,63.4,1006,78,23.8
07/17/26 15:22:38.462,1500,1015,27.1,63.4,1006,78,23.8
07/17/26 15:22:43.462,11900,1015,27.1,63.4,1006,78,23.8
07/17/26 15:22:48.463,30900,1015,27.1,63.4,1006,78,23.8
07/17/26 15:22:53.462,54100,1015,27.1,63.4,1006,78,23.8
07/17/26 15:22:58.462,80800,1015,27.1,63.4,1006,78,23.8
07/17/26 15:23:03.462,100600,1015,27.1,63.4,1006,78,23.8
07/17/26 15:23:08.462,114800,1015,27.1,63.3,1006,77,23.8
07/17/26 15:23:13.463,124400,1015,27.1,63.4,1006,77,23.8
07/17/26 15:23:18.462,130800,1015,27.1,63.3,1006,77,23.8
07/17/26 15:23:23.462,134900,1015,27.1,63.3,1006,77,23.8
07/17/26 15:23:28.462,138000,1015,27.1,63.3,1006,77,23.8
07/17/26 15:23:33.462,139200,1015,27.1,63.3,1006,77,23.8
07/17/26 15:23:38.462,141000,1015,27.1,63.4,1006,78,23.8
07/17/26 15:23:43.463,141700,1015,27.1,63.4,1006,78,23.8
07/17/26 15:23:48.462,142300,1015,27.1,63.4,1006,78,23.8
07/17/26 15:23:53.462,142900,1015,27.1,63.4,1006,78,23.8
07/17/26 15:23:58.463,143800,1015,27.1,63.4,1006,78,23.8
07/17/26 15:24:03.463,143800,1015,27.1,63.4,1006,78,23.8
07/17/26 15:24:08.463,144100,1015,27.1,63.4,1006,78,23.8
07/17/26 15:24:13.463,143800,1015,27.1,63.4,1006,78,23.8
07/17/26 15:24:18.462,143800,1015,27.1,63.4,1006,78,23.8
07/17/26 15:24:23.463,145000,1015,27.1,63.4,1006,78,23.8
07/17/26 15:24:28.463,145900,1015,27.1,63.4,1006,78,23.8
07/17/26 15:24:33.463,145900,1015,27.1,63.3,1006,77,23.8
07/17/26 15:24:38.463,145000,1015,27.1,63.3,1006,77,23.8
07/17/26 15:24:43.463,145600,1015,27.1,63.3,1006,77,23.8
07/17/26 15:24:48.463,146200,1015,27.1,63.3,1006,77,23.8
07/17/26 15:24:53.462,146200,1015,27.1,63.3,1006,77,23.8
07/17/26 15:24:58.463,146200,1015,27.1,63.3,1006,77,23.8
07/17/26 15:25:03.463,147200,1015,27.1,63.3,1006,77,23.8
07/17/26 15:25:08.463,147800,1015,27.1,63.3,1006,77,23.8
07/17/26 15:25:13.463,147500,1015,27.1,63.3,1006,77,23.8
07/17/26 15:25:18.463,147200,1015,27.1,63.3,1006,77,23.8
07/17/26 15:25:23.463,146800,1015,27.1,63.3,1006,77,23.8
07/17/26 15:25:28.463,148200,1015,27.1,63.3,1006,77,23.8
07/17/26 15:25:33.463,148800,1015,27.1,63.3,1006,77,23.8
07/17/26 15:25:38.464,148500,1015,27.1,63.3,1006,77,23.8
07/17/26 15:25:43.463,149200,1015,27.1,63.2,1006,77,23.8
07/17/26 15:25:48.463,148800,1015,27.1,63.2,1006,77,23.8
07/17/26 15:25:53.464,147800,1015,27.1,63.2,1006,77,23.8
07/17/26 15:25:58.464,148500,1015,27.1,63.2,1006,77,23.8
07/17/26 15:26:03.463,153500,1015,27.1,63.2,1006,77,23.8
07/17/26 15:26:08.463,166900,1015,27.1,63.2,1006,77,23.8
07/17/26 15:26:13.464,177500,1015,27.1,63.2,1006,77,23.8
07/17/26 15:26:18.464,185000,1015,27.1,63.2,1006,77,23.8
07/17/26 15:26:23.464,182700,1015,27.1,63.3,1006,77,23.8
07/17/26 15:26:28.464,174500,1015,27.1,63.2,1006,77,23.8
07/17/26 15:26:33.464,167600,1015,27.1,63.2,1006,77,23.8
07/17/26 15:26:38.464,161300,1015,27.1,63.2,1006,77,23.8
07/17/26 15:26:43.464,155500,1015,27.1,63.2,1006,77,23.8
07/17/26 15:26:48.464,153500,1015,27.1,63.2,1006,77,23.8
07/17/26 15:26:53.463,151900,1015,27.1,63.2,1006,77,23.8
07/17/26 15:26:58.464,150500,1015,27.1,63.2,1006,77,23.8
07/17/26 15:27:03.464,150200,1015,27.1,63.2,1006,77,23.8
07/17/26 15:27:08.464,148800,1015,27.1,63.2,1006,77,23.8
07/17/26 15:27:13.464,148200,1015,27.1,63.2,1006,77,23.8
07/17/26 15:27:18.464,148200,1015,27.2,63.2,1006,77,23.8
07/17/26 15:27:23.464,148500,1015,27.1,63.2,1006,77,23.8
07/17/26 15:27:28.464,148800,1015,27.2,63.2,1006,77,23.8
07/17/26 15:27:33.464,149200,1015,27.1,63.2,1006,77,23.8
07/17/26 15:27:38.464,148500,1015,27.2,63.2,1006,77,23.9
07/17/26 15:27:43.465,149200,1015,27.2,63.2,1006,77,23.9
07/17/26 15:27:48.465,148800,1015,27.2,63.2,1006,77,23.9
07/17/26 15:27:53.464,147800,1015,27.2,63.1,1006,77,23.9
07/17/26 15:27:58.493,147800,1015,27.2,63.2,1006,77,23.9
07/17/26 15:28:03.465,147500,1015,27.2,63.2,1006,77,23.9
07/17/26 15:28:08.464,147200,1015,27.2,63.2,1006,77,23.9
07/17/26 15:28:13.464,148200,1015,27.2,63.2,1006,77,23.9
07/17/26 15:28:18.464,148200,1015,27.2,63.2,1006,77,23.9
07/17/26 15:28:23.465,149200,1015,27.2,63.2,1006,77,23.9
07/17/26 15:28:28.464,148200,1015,27.2,63.2,1006,77,23.9
07/17/26 15:28:33.465,149200,1015,27.2,63.2,1006,77,23.9
07/17/26 15:28:38.465,147200,1015,27.2,63.2,1006,77,23.9
07/17/26 15:28:43.465,147800,1015,27.2,63.1,1006,77,23.9
07/17/26 15:28:48.465,147800,1015,27.2,63.1,1006,77,23.9
07/17/26 15:28:53.465,149500,1015,27.2,63.1,1006,77,23.9
07/17/26 15:28:58.464,149800,1015,27.2,63.1,1006,77,23.9
07/17/26 15:29:03.465,150800,1015,27.2,63.1,1006,77,23.9
07/17/26 15:29:08.465,151500,1015,27.2,63.1,1006,77,23.9
07/17/26 15:29:13.465,150800,1015,27.2,63.2,1006,77,23.9
07/17/26 15:29:18.465,150800,1016,27.2,63.2,1006,77,23.9
07/17/26 15:29:23.464,150200,1015,27.2,63.2,1006,77,23.9
07/17/26 15:29:28.465,151900,1015,27.2,63.2,1006,77,23.9
07/17/26 15:29:33.465,150500,1015,27.2,63.2,1006,77,23.9
07/17/26 15:29:38.465,151900,1015,27.2,63.2,1006,77,23.9
07/17/26 15:29:43.465,151900,1015,27.2,63.2,1006,77,23.9
07/17/26 15:29:48.465,151500,1015,27.2,63.3,1006,77,23.9
07/17/26 15:29:53.465,151200,1015,27.2,63.3,1006,78,23.9
07/17/26 15:29:58.465,152500,1015,27.2,63.3,1006,78,23.9
07/17/26 15:30:03.465,151900,1015,27.2,63.3,1006,78,23.9
07/17/26 15:30:08.465,151900,1015,27.2,63.3,1006,78,23.9
07/17/26 15:30:13.465,152200,1015,27.2,63.3,1006,78,23.9
07/17/26 15:30:18.465,152900,1015,27.2,63.3,1006,78,23.9
07/17/26 15:30:23.465,152500,1015,27.1,63.3,1006,77,23.9
07/17/26 15:30:28.465,152200,1015,27.2,63.3,1006,77,23.9
07/17/26 15:30:33.465,152200,1015,27.2,63.3,1006,77,23.9
07/17/26 15:30:38.465,151900,1015,27.2,63.2,1006,77,23.9
07/17/26 15:30:43.466,152200,1015,27.2,63.2,1006,77,23.9
07/17/26 15:30:48.466,151900,1015,27.2,63.3,1006,77,23.9
07/17/26 15:30:53.465,152200,1015,27.2,63.3,1006,78,23.9
07/17/26 15:30:58.466,152200,1015,27.2,63.3,1006,77,23.9
07/17/26 15:31:03.465,152200,1015,27.2,63.3,1006,77,23.9
07/17/26 15:31:08.465,151500,1015,27.2,63.3,1006,77,23.9
07/17/26 15:31:13.466,150800,1015,27.2,63.2,1006,77,23.9
07/17/26 15:31:18.466,151200,1015,27.2,63.2,1006,77,23.9
07/17/26 15:31:23.465,152500,1015,27.2,63.2,1006,77,23.9
07/17/26 15:31:28.466,152900,1015,27.2,63.2,1006,77,23.9
07/17/26 15:31:33.466,151900,1015,27.1,63.2,1006,77,23.9
07/17/26 15:31:38.466,151200,1015,27.1,63.2,1006,77,23.9
07/17/26 15:31:43.466,151900,1015,27.2,63.2,1006,77,23.9
07/17/26 15:31:48.465,151500,1015,27.2,63.2,1006,77,23.9
07/17/26 15:31:53.466,150800,1015,27.2,63.2,1006,77,23.9
07/17/26 15:31:58.466,150200,1015,27.1,63.3,1006,77,23.9
07/17/26 15:32:03.466,150800,1015,27.2,63.3,1006,77,23.9
07/17/26 15:32:08.466,150800,1015,27.2,63.3,1006,77,23.9
07/17/26 15:32:13.466,152500,1015,27.2,63.3,1006,77,23.9
07/17/26 15:32:18.466,153500,1015,27.1,63.3,1006,77,23.9
07/17/26 15:32:23.466,152900,1015,27.1,63.3,1006,77,23.9
07/17/26 15:32:28.465,152900,1015,27.2,63.2,1006,77,23.9
07/17/26 15:32:33.466,153200,1015,27.2,63.2,1006,77,23.9
07/17/26 15:32:38.466,153200,1015,27.2,63.2,1006,77,23.9
07/17/26 15:32:43.466,152200,1015,27.2,63.2,1006,77,23.9
07/17/26 15:32:48.466,152500,1015,27.2,63.2,1006,77,23.9
07/17/26 15:32:53.466,152500,1015,27.2,63.2,1006,77,23.9
07/17/26 15:32:58.466,152500,1015,27.2,63.2,1006,77,23.9
07/17/26 15:33:03.466,152900,1015,27.2,63.2,1006,77,23.9
07/17/26 15:33:08.466,152200,1015,27.1,63.2,1006,77,23.9
07/17/26 15:33:13.466,152500,1015,27.2,63.2,1006,77,23.9
07/17/26 15:33:18.466,151900,1015,27.2,63.2,1006,77,23.9
07/17/26 15:33:23.466,152200,1015,27.2,63.2,1006,77,23.9
07/17/26 15:33:28.466,153200,1015,27.2,63.2,1006,77,23.9
07/17/26 15:33:33.466,152900,1015,27.2,63.2,1006,77,23.9
07/17/26 15:33:38.466,152200,1015,27.2,63.2,1006,77,23.9
07/17/26 15:33:43.467,152500,1015,27.2,63.2,1006,77,23.9
07/17/26 15:33:48.466,153200,1015,27.2,63.3,1006,77,23.9
07/17/26 15:33:53.467,153200,1015,27.2,63.3,1006,77,23.9
07/17/26 15:33:58.467,152500,1015,27.2,63.3,1006,77,23.9
07/17/26 15:34:03.467,151900,1015,27.2,63.3,1006,77,23.9
07/17/26 15:34:08.467,149200,1015,27.1,63.3,1006,77,23.9
07/17/26 15:34:13.466,118000,1015,27.1,63.4,1006,77,23.9
07/17/26 15:34:18.467,80700,1015,27.1,63.4,1006,77,23.9
07/17/26 15:34:23.466,50300,1015,27.1,63.5,1006,78,23.9
07/17/26 15:34:28.467,32800,1015,27.1,63.5,1006,78,23.9
07/17/26 15:34:33.467,21900,1015,27.1,63.5,1006,78,23.9
07/17/26 15:34:38.467,15500,1015,27.1,63.6,1006,78,23.9
07/17/26 15:34:43.467,11200,1015,27.1,63.6,1006,78,23.9
07/17/26 15:34:48.467,9200,1015,27.1,63.6,1006,78,23.9
07/17/26 15:34:53.467,7500,1015,27.1,63.6,1006,78,23.9
07/17/26 15:34:58.467,6500,1015,27.1,63.6,1006,78,23.9
07/17/26 15:35:03.467,5700,1015,27.1,63.6,1006,77,23.9
07/17/26 15:35:08.467,5100,1015,27.1,63.6,1006,77,23.9
07/17/26 15:35:13.467,4700,1015,27.1,63.6,1006,77,23.9
07/17/26 15:35:18.468,4200,1015,27.1,63.6,1006,77,23.9
07/17/26 15:35:23.467,3900,1015,27.1,63.6,1006,77,23.9
07/17/26 15:35:28.467,3600,1015,27.1,63.6,1006,77,23.9
07/17/26 15:35:33.467,3300,1015,27.1,63.6,1006,77,23.9
07/17/26 15:35:38.467,3100,1015,27.1,63.6,1006,77,23.9
07/17/26 15:35:43.468,2900,1015,27.1,63.6,1006,77,23.9
07/17/26 15:35:48.467,2700,1015,27.1,63.6,1006,77,23.9
07/17/26 15:35:53.468,2400,1015,27.1,63.6,1006,78,23.9
07/17/26 15:35:58.467,2300,1015,27.1,63.6,1006,78,23.9
07/17/26 15:36:03.467,2200,1015,27.1,63.6,1006,78,23.9
07/17/26 15:36:08.467,2000,1015,27.1,63.6,1006,77,23.9
07/17/26 15:36:13.468,1900,1015,27.1,63.6,1006,77,23.9
07/17/26 15:36:18.468,1800,1015,27.1,63.6,1006,77,23.9
07/17/26 15:36:23.468,1700,1015,27.1,63.6,1006,77,23.9
07/17/26 15:36:28.468,1600,1015,27.1,63.6,1006,77,23.9
07/17/26 15:36:33.468,1500,1015,27.1,63.5,1006,77,23.9
07/17/26 15:36:38.467,1300,1015,27.1,63.5,1006,77,23.9
07/17/26 15:36:43.468,1200,1015,27.1,63.5,1006,77,23.9
07/17/26 15:36:48.468,1200,1015,27.1,63.5,1006,77,23.9
07/17/26 15:36:53.468,1100,1015,27.1,63.5,1006,77,23.9
07/17/26 15:36:58.468,1000,1015,27.1,63.5,1006,77,23.9
07/17/26 15:37:03.468,1000,1015,27.1,63.5,1006,77,23.9
07/17/26 15:37:08.468,900,1015,27.1,63.5,1006,77,23.9
07/17/26 15:37:13.468,900,1015,27.1,63.6,1006,77,23.9
07/17/26 15:37:18.468,800,1015,27.1,63.6,1006,77,23.9
07/17/26 15:37:23.468,800,1015,27.1,63.6,1006,77,23.9
07/17/26 15:37:28.468,700,1015,27.1,63.6,1006,77,23.9
07/17/26 15:37:33.468,700,1015,27.1,63.6,1006,77,23.9
07/17/26 15:37:38.468,700,1015,27.1,63.6,1006,77,23.9
07/17/26 15:37:43.468,700,1015,27.1,63.6,1006,77,23.9
07/17/26 15:37:48.468,600,1015,27.1,63.6,1006,77,23.9
07/17/26 15:37:53.468,600,1015,27.1,63.6,1006,77,23.9
07/17/26 15:37:58.468,600,1015,27.1,63.6,1006,77,23.9
07/17/26 15:38:03.468,600,1015,27.1,63.6,1006,77,23.9
07/17/26 15:38:08.468,600,1015,27.1,63.6,1006,77,23.9
07/17/26 15:38:13.468,600,1015,27.1,63.6,1006,77,23.9
07/17/26 15:38:18.469,600,1015,27.1,63.6,1006,77,23.9
07/17/26 15:38:23.468,500,1015,27.1,63.6,1006,77,23.9
07/17/26 15:38:28.468,500,1015,27.1,63.5,1006,77,23.9
07/17/26 15:38:33.469,500,1015,27.1,63.6,1006,77,23.9
07/17/26 15:38:38.469,500,1015,27.2,63.5,1006,77,23.9
07/17/26 15:38:43.469,500,1016,27.2,63.5,1006,77,23.9
07/17/26 15:38:48.469,500,1016,27.1,63.5,1006,77,23.9
07/17/26 15:38:53.468,500,1015,27.2,63.5,1006,77,23.9
07/17/26 15:38:58.468,400,1015,27.2,63.5,1006,77,23.9
07/17/26 15:39:03.469,400,1015,27.2,63.5,1006,77,23.9
07/17/26 15:39:08.469,400,1015,27.2,63.5,1006,77,23.9
07/17/26 15:39:13.469,300,1015,27.2,63.5,1006,77,23.9
07/17/26 15:39:18.469,400,1015,27.2,63.4,1006,77,23.9
07/17/26 15:39:23.469,300,1015,27.2,63.4,1006,77,23.9
07/17/26 15:39:28.469,300,1015,27.2,63.4,1006,77,23.9
07/17/26 15:39:33.468,300,1015,27.2,63.4,1006,77,23.9
07/17/26 15:39:38.469,300,1015,27.2,63.4,1006,77,23.9
07/17/26 15:39:43.469,200,1015,27.2,63.4,1006,77,23.9
07/17/26 15:39:48.469,200,1015,27.2,63.4,1006,77,23.9
07/17/26 15:39:53.469,200,1015,27.2,63.4,1006,77,23.9
07/17/26 15:39:58.498,200,1015,27.2,63.4,1006,77,23.9
07/17/26 15:40:03.469,200,1016,27.2,63.4,1006,77,23.9
07/17/26 15:40:08.469,200,1015,27.1,63.4,1006,77,23.9
07/17/26 15:40:13.469,200,1015,27.1,63.4,1006,77,23.9
07/17/26 15:40:18.469,100,1015,27.1,63.5,1006,77,23.9
07/17/26 15:40:23.469,100,1015,27.2,63.4,1006,77,23.9
07/17/26 15:40:28.469,100,1015,27.2,63.4,1006,77,23.9
07/17/26 15:40:33.469,100,1015,27.2,63.4,1006,77,23.9
07/17/26 15:40:38.469,100,1015,27.2,63.5,1006,77,23.9
07/17/26 15:40:43.521,100,1015,27.2,63.4,1006,77,23.9
07/17/26 15:40:48.778,0,1015,27.2,63.5,1006,77,23.9
07/17/26 15:40:54.098,100,1015,27.2,63.5,1006,77,23.9
07/17/26 15:40:59.198,100,1015,27.2,63.5,1006,77,23.9
07/17/26 15:41:04.197,0,1015,27.2,63.5,1006,77,23.9
07/17/26 15:41:09.402,0,1015,27.2,63.5,1006,77,23.9
07/17/26 15:41:14.710,0,1015,27.2,63.5,1006,77,23.9
07/17/26 15:41:19.976,0,1015,27.2,63.5,1006,77,24
07/17/26 15:41:25.225,0,1015,27.2,63.4,1006,77,24
07/17/26 15:41:30.223,0,1015,27.2,63.4,1006,77,23.9
07/17/26 15:41:35.247,0,1015,27.2,63.4,1006,77,23.9
07/17/26 15:41:40.346,0,1015,27.2,63.4,1006,77,23.9
07/17/26 15:41:45.399,0,1015,27.2,63.4,1006,77,24
07/17/26 15:41:50.410,0,1015,27.2,63.4,1006,77,24
07/17/26 15:41:55.413,0,1015,27.2,63.4,1006,77,24
07/17/26 15:42:00.341,0,1015,27.2,63.4,1006,77,24
07/17/26 15:42:05.454,0,1015,27.2,63.4,1006,77,23.9
07/17/26 15:42:10.402,0,1015,27.2,63.4,1006,77,23.9
07/17/26 15:42:15.445,0,1015,27.2,63.4,1006,77,23.9
07/17/26 15:42:20.477,0,1015,27.2,63.4,1006,77,23.9
07/17/26 15:42:25.447,0,1015,27.2,63.4,1006,77,23.9
07/17/26 15:42:30.535,0,1015,27.2,63.4,1006,77,24
07/17/26 15:42:35.531,0,1015,27.2,63.4,1006,77,23.9
07/17/26 15:42:40.551,0,1015,27.2,63.3,1006,77,24
07/17/26 15:42:45.594,0,1015,27.2,63.3,1006,77,23.9
07/17/26 15:42:50.665,0,1016,27.2,63.3,1006,77,24
07/17/26 15:42:55.689,0,1015,27.2,63.3,1006,77,24
07/17/26 15:43:00.682,0,1015,27.2,63.3,1006,77,23.9
07/17/26 15:43:05.688,0,1015,27.2,63.3,1006,77,23.9
07/17/26 15:43:10.694,0,1015,27.2,63.3,1006,77,24
07/17/26 15:43:15.819,0,1015,27.2,63.2,1006,77,24
07/17/26 15:43:20.874,0,1015,27.2,63.2,1006,77,24
07/17/26 15:43:25.995,0,1015,27.2,63.2,1006,77,24
07/17/26 15:43:31.044,0,1015,27.2,63.2,1006,77,24
07/17/26 15:43:36.156,0,1015,27.2,63.3,1006,77,24
07/17/26 15:43:41.220,0,1015,27.2,63.3,1006,77,24
07/17/26 15:43:46.289,0,1016,27.2,63.2,1006,77,24
07/17/26 15:43:51.438,0,1015,27.2,63.2,1006,77,24
07/17/26 15:43:56.545,0,1015,27.2,63.2,1006,77,24
07/17/26 15:44:01.693,0,1015,27.2,63.2,1006,77,24
07/17/26 15:44:06.828,0,1015,27.2,63.2,1006,77,24
07/17/26 15:44:11.923,0,1015,27.2,63.2,1006,77,24
07/17/26 15:44:16.962,0,1015,27.2,63.2,1006,77,24
07/17/26 15:44:22.083,0,1015,27.2,63.2,1006,77,24
07/17/26 15:44:27.262,0,1015,27.2,63.2,1006,77,24
07/17/26 15:44:32.344,0,1015,27.2,63.2,1006,77,24
07/17/26 15:44:37.430,0,1015,27.2,63.2,1006,77,24
07/17/26 15:44:42.621,0,1015,27.2,63.1,1006,77,24
07/17/26 15:44:47.707,0,1015,27.2,63.1,1006,77,24
07/17/26 15:44:52.839,0,1015,27.2,63.1,1006,77,24
07/17/26 15:44:57.974,0,1015,27.2,63.1,1006,77,24
07/17/26 15:45:03.099,0,1015,27.2,63.1,1006,77,24
07/17/26 15:45:08.237,0,1015,27.2,63.1,1006,77,24
07/17/26 15:45:13.362,0,1015,27.2,63.1,1006,77,24
07/17/26 15:45:18.476,0,1015,27.2,63.1,1006,77,24
07/17/26 15:45:23.653,0,1015,27.2,63.1,1006,77,24
07/17/26 15:45:28.784,0,1015,27.2,63.2,1006,77,24
07/17/26 15:45:33.918,0,1015,27.2,63.2,1006,77,24
07/17/26 15:45:39.129,0,1015,27.2,63.2,1006,77,24
07/17/26 15:45:44.186,0,1015,27.2,63.2,1006,77,24
07/17/26 15:45:49.406,0,1015,27.2,63.2,1006,77,24
07/17/26 15:45:54.618,0,1015,27.2,63.2,1006,77,24
07/17/26 15:45:59.861,0,1015,27.2,63.2,1006,77,24
07/17/26 15:46:05.062,0,1015,27.2,63.2,1006,77,24
07/17/26 15:46:10.211,0,1015,27.2,63.3,1006,77,24
07/17/26 15:46:15.443,0,1015,27.2,63.3,1006,77,24
07/17/26 15:46:20.669,0,1015,27.2,63.3,1006,77,24
07/17/26 15:46:25.880,0,1015,27.2,63.3,1006,77,24
07/17/26 15:46:31.319,0,1015,27.2,63.3,1006,77,24
07/17/26 15:46:36.825,0,1015,27.2,63.3,1006,77,24
07/17/26 15:46:42.334,0,1015,27.2,63.2,1006,77,24
07/17/26 15:46:47.812,0,1015,27.2,63.3,1006,77,24
07/17/26 15:46:53.153,0,1015,27.2,63.3,1006,77,24
07/17/26 15:46:58.305,0,1015,27.2,63.2,1006,77,24
07/17/26 15:47:03.560,0,1015,27.2,63.2,1006,77,24
07/17/26 15:47:08.738,0,1015,27.2,63.3,1006,77,24
07/17/26 15:47:13.985,0,1015,27.2,63.3,1006,77,24
07/17/26 15:47:19.257,0,1015,27.2,63.3,1006,77,24
07/17/26 15:47:24.429,0,1015,27.2,63.3,1006,77,24
07/17/26 15:47:29.552,0,1015,27.2,63.3,1006,77,24
07/17/26 15:47:34.748,0,1015,27.2,63.3,1006,77,24
07/17/26 15:47:39.953,0,1015,27.2,63.3,1006,77,24
07/17/26 15:47:45.284,0,1015,27.2,63.3,1006,77,24
07/17/26 15:47:50.791,0,1015,27.2,63.3,1006,77,24
07/17/26 15:47:56.310,0,1015,27.2,63.3,1006,77,24
07/17/26 15:48:01.860,0,1015,27.2,63.3,1006,77,24
07/17/26 15:48:07.347,0,1015,27.2,63.3,1006,77,24
07/17/26 15:48:12.924,0,1015,27.2,63.3,1006,77,24
07/17/26 15:48:18.419,0,1015,27.2,63.3,1006,77,24
07/17/26 15:48:23.993,0,1015,27.2,63.3,1006,77,24
07/17/26 15:48:29.512,0,1015,27.2,63.3,1006,77,24
07/17/26 15:48:35.017,0,1015,27.2,63.3,1006,77,24
07/17/26 15:48:40.693,0,1015,27.2,63.3,1006,77,24
07/17/26 15:48:46.119,0,1015,27.2,63.3,1006,77,24
07/17/26 15:48:51.697,0,1015,27.2,63.3,1006,77,24
07/17/26 15:48:57.269,0,1015,27.2,63.3,1006,77,24
07/17/26 15:49:02.868,0,1015,27.3,63.3,1006,77,24
07/17/26 15:49:08.528,0,1015,27.3,63.3,1005,77,24
07/17/26 15:49:14.187,0,1015,27.3,63.3,1006,77,24
07/17/26 15:49:19.824,0,1015,27.3,63.3,1006,77,24
07/17/26 15:49:25.369,0,1015,27.3,63.3,1005,77,24
07/17/26 15:49:30.939,0,1015,27.3,63.3,1006,77,24
07/17/26 15:49:36.513,0,1015,27.3,63.3,1006,77,24
07/17/26 15:49:42.036,0,1015,27.3,63.2,1005,77,24
07/17/26 15:49:47.642,0,1015,27.3,63.2,1006,77,24
07/17/26 15:49:53.179,0,1015,27.3,63.2,1005,77,24
07/17/26 15:49:58.666,0,1015,27.3,63.2,1005,77,24
07/17/26 15:50:04.299,0,1015,27.3,63.2,1005,77,24
07/17/26 15:50:09.839,0,1015,27.3,63.3,1005,77,24
07/17/26 15:50:15.300,0,1015,27.2,63.3,1005,77,24
07/17/26 15:50:20.896,0,1015,27.2,63.3,1005,77,24
07/17/26 15:50:26.509,0,1015,27.2,63.3,1006,77,24
07/17/26 15:50:32.059,0,1015,27.2,63.3,1005,77,24
07/17/26 15:50:37.650,0,1015,27.2,63.3,1005,77,24
07/17/26 15:50:43.267,0,1015,27.2,63.3,1005,77,24
07/17/26 15:50:48.951,0,1015,27.2,63.3,1005,77,24
07/17/26 15:50:54.517,0,1015,27.2,63.3,1005,77,24
07/17/26 15:51:00.070,0,1015,27.2,63.3,1005,77,24
07/17/26 15:51:05.666,0,1015,27.2,63.3,1005,77,24
07/17/26 15:51:11.339,0,1015,27.2,63.3,1005,77,24
07/17/26 15:51:17.063,0,1015,27.2,63.3,1005,77,24
07/17/26 15:51:22.772,0,1015,27.2,63.4,1005,77,24
07/17/26 15:51:28.497,0,1015,27.2,63.4,1005,77,24
07/17/26 15:51:34.236,0,1015,27.2,63.4,1005,77,24
07/17/26 15:51:39.860,0,1015,27.2,63.4,1005,77,24
07/17/26 15:51:45.512,0,1015,27.2,63.4,1005,77,24
07/17/26 15:51:51.221,0,1015,27.2,63.4,1005,77,24
07/17/26 15:51:56.846,0,1015,27.2,63.4,1005,77,24
07/17/26 15:52:02.450,0,1015,27.2,63.4,1005,77,24
07/17/26 15:52:08.093,0,1015,27.2,63.4,1005,77,24
07/17/26 15:52:13.654,0,1015,27.2,63.4,1005,77,24
07/17/26 15:52:19.243,0,1015,27.2,63.3,1005,77,24
07/17/26 15:52:24.835,0,1015,27.2,63.3,1005,77,24
07/17/26 15:52:30.568,0,1015,27.2,63.4,1005,77,24
07/17/26 15:52:36.305,0,1015,27.2,63.4,1005,77,24
07/17/26 15:52:42.004,0,1015,27.2,63.4,1005,77,24
07/17/26 15:52:47.706,0,1015,27.2,63.4,1005,77,24
07/17/26 15:52:53.485,0,1015,27.2,63.4,1005,77,24
07/17/26 15:52:59.128,0,1015,27.2,63.4,1005,77,24
07/17/26 15:53:04.822,0,1015,27.2,63.4,1005,77,24
07/17/26 15:53:10.479,0,1015,27.2,63.4,1005,77,24
07/17/26 15:53:16.144,0,1015,27.2,63.4,1005,77,24
07/17/26 15:53:21.980,0,1015,27.3,63.3,1005,78,24
07/17/26 15:53:27.780,0,1015,27.2,63.4,1005,77,24
07/17/26 15:53:33.538,0,1015,27.2,63.4,1005,78,24
07/17/26 15:53:39.311,0,1015,27.2,63.4,1005,78,24
07/17/26 15:53:45.000,0,1015,27.2,63.4,1005,78,24
07/17/26 15:53:50.431,0,1015,27.2,63.5,1005,78,24
07/17/26 15:53:55.770,0,1015,27.2,63.5,1005,78,24
07/17/26 15:54:01.177,0,1015,27.2,63.4,1005,78,24
07/17/26 15:54:06.618,0,1015,27.2,63.4,1005,78,24
07/17/26 15:54:12.008,0,1015,27.2,63.4,1005,77,24
07/17/26 15:54:17.393,0,1015,27.2,63.4,1005,77,24
07/17/26 15:54:22.836,0,1015,27.2,63.4,1005,77,24
07/17/26 15:54:28.264,0,1015,27.3,63.4,1005,78,24
07/17/26 15:54:33.751,0,1015,27.2,63.4,1005,77,24
07/17/26 15:54:39.232,0,1015,27.3,63.4,1005,77,24
07/17/26 15:54:44.667,0,1015,27.2,63.4,1005,77,24
07/17/26 15:54:50.111,0,1015,27.2,63.4,1005,77,24
07/17/26 15:54:55.593,0,1015,27.2,63.4,1005,77,24
07/17/26 15:55:01.172,0,1015,27.2,63.4,1005,77,24
07/17/26 15:55:06.645,0,1015,27.2,63.4,1005,77,24
07/17/26 15:55:12.124,0,1015,27.2,63.4,1005,77,24
07/17/26 15:55:17.619,0,1015,27.2,63.4,1005,77,24
07/17/26 15:55:23.145,0,1015,27.2,63.4,1005,77,24
07/17/26 15:55:28.549,0,1015,27.2,63.4,1005,77,24
07/17/26 15:55:34.085,0,1015,27.2,63.4,1005,77,24
07/17/26 15:55:39.614,0,1015,27.2,63.4,1005,77,24
07/17/26 15:55:45.036,0,1015,27.2,63.4,1005,77,24
07/17/26 15:55:50.503,0,1015,27.2,63.4,1005,77,24
07/17/26 15:55:56.016,0,1015,27.2,63.4,1005,77,24
07/17/26 15:56:01.824,0,1015,27.2,63.4,1005,78,24
07/17/26 15:56:07.601,0,1015,27.2,63.5,1005,78,24
07/17/26 15:56:13.424,0,1015,27.2,63.5,1006,78,24
07/17/26 15:56:19.309,0,1015,27.3,63.5,1005,78,24
07/17/26 15:56:25.188,0,1015,27.3,63.4,1005,78,24
07/17/26 15:56:31.079,0,1015,27.3,63.4,1005,77,24
07/17/26 15:56:36.805,0,1015,27.3,63.4,1005,77,24
07/17/26 15:56:42.562,0,1015,27.2,63.4,1005,77,24
07/17/26 15:56:48.315,0,1015,27.3,63.4,1006,77,24
07/17/26 15:56:54.187,0,1015,27.3,63.4,1005,77,24
07/17/26 15:57:00.043,0,1015,27.3,63.4,1005,77,24
07/17/26 15:57:05.868,0,1015,27.3,63.4,1005,77,24
07/17/26 15:57:11.799,0,1015,27.3,63.3,1005,77,24
07/17/26 15:57:17.672,0,1015,27.3,63.3,1005,77,24
07/17/26 15:57:23.487,0,1015,27.3,63.3,1005,77,24
07/17/26 15:57:29.327,0,1015,27.3,63.3,1005,77,24
07/17/26 15:57:35.234,0,1015,27.3,63.3,1005,77,24
07/17/26 15:57:41.126,0,1015,27.3,63.2,1005,77,24
07/17/26 15:57:46.959,0,1015,27.3,63.2,1005,77,24
07/17/26 15:57:52.864,0,1015,27.3,63.2,1005,77,24
07/17/26 15:57:58.653,0,1015,27.3,63.2,1005,77,24
07/17/26 15:58:04.664,0,1015,27.3,63.2,1006,77,24
07/17/26 15:58:10.610,0,1015,27.3,63.2,1005,77,24
07/17/26 15:58:16.551,0,1015,27.3,63.2,1005,77,24
07/17/26 15:58:22.375,0,1015,27.3,63.2,1005,77,24
07/17/26 15:58:28.306,0,1015,27.3,63.2,1005,77,24
07/17/26 15:58:34.262,0,1015,27.3,63.2,1005,77,24
07/17/26 15:58:40.209,0,1015,27.3,63.2,1005,77,24
07/17/26 15:58:46.084,0,1015,27.3,63.2,1005,77,24
07/17/26 15:58:51.958,0,1015,27.3,63.2,1005,77,24
07/17/26 15:58:57.889,0,1015,27.2,63.2,1006,77,24
07/17/26 15:59:03.882,0,1015,27.2,63.2,1006,77,24
07/17/26 15:59:09.782,0,1015,27.2,63.2,1005,77,24
07/17/26 15:59:15.787,0,1015,27.3,63.2,1005,77,24
07/17/26 15:59:21.727,0,1015,27.3,63.2,1005,77,24
07/17/26 15:59:27.446,300,1015,27.3,63.2,1005,77,24
07/17/26 15:59:33.102,600,1015,27.3,63.2,1006,77,24
07/17/26 15:59:38.784,1100,1015,27.3,63.2,1006,77,24
07/17/26 15:59:44.450,1900,1015,27.3,63.2,1006,77,24
07/17/26 15:59:50.100,3000,1015,27.3,63.2,1006,77,24
07/17/26 15:59:55.761,4200,1015,27.3,63.2,1006,77,24
07/17/26 16:00:01.486,5300,1015,27.2,63.2,1006,77,24
07/17/26 16:00:07.160,6500,1015,27.3,63.2,1006,77,24
07/17/26 16:00:12.810,7600,1015,27.3,63.2,1006,77,24
07/17/26 16:00:18.685,8800,1015,27.3,63.2,1006,77,24
07/17/26 16:00:24.702,9900,1015,27.3,63.2,1006,77,24
07/17/26 16:00:30.706,11000,1015,27.3,63.2,1005,77,24
07/17/26 16:00:36.675,12500,1015,27.3,63.2,1006,77,24
07/17/26 16:00:42.535,13800,1015,27.3,63.2,1006,77,24
07/17/26 16:00:48.466,15000,1015,27.3,63.2,1006,77,24
07/17/26 16:00:54.448,16400,1015,27.3,63.2,1005,77,24
07/17/26 16:01:00.397,17800,1015,27.3,63.2,1006,77,24
07/17/26 16:01:06.315,19100,1015,27.3,63.2,1006,77,24
07/17/26 16:01:12.262,20400,1015,27.3,63.2,1006,77,24
07/17/26 16:01:18.298,21600,1015,27.3,63.1,1006,77,24
07/17/26 16:01:24.315,23100,1015,27.3,63.2,1006,77,24
07/17/26 16:01:30.284,24700,1015,27.3,63.1,1006,77,24
07/17/26 16:01:36.233,26000,1015,27.3,63.2,1005,77,24
07/17/26 16:01:42.261,27100,1015,27.3,63.1,1006,77,24
07/17/26 16:01:48.263,28400,1015,27.3,63.1,1006,77,24
07/17/26 16:01:54.296,29800,1015,27.3,63.2,1006,77,24
07/17/26 16:02:00.266,31000,1015,27.3,63.2,1006,77,24
07/17/26 16:02:06.382,31800,1015,27.3,63.2,1006,77,24
07/17/26 16:02:12.376,33100,1015,27.3,63.2,1006,77,24
07/17/26 16:02:18.543,34500,1015,27.3,63.2,1006,77,24
07/17/26 16:02:24.469,35700,1015,27.3,63.2,1006,77,24
07/17/26 16:02:30.518,36800,1015,27.3,63.2,1006,77,24
07/17/26 16:02:36.545,38000,1015,27.3,63.2,1005,77,24
07/17/26 16:02:42.594,39400,1015,27.3,63.2,1006,77,24
07/17/26 16:02:48.718,40700,1015,27.3,63.2,1005,77,24
07/17/26 16:02:54.698,41500,1015,27.3,63.2,1005,77,24
07/17/26 16:03:00.775,42700,1015,27.3,63.2,1006,77,24
07/17/26 16:03:06.854,44100,1015,27.3,63.2,1006,77,24
07/17/26 16:03:12.846,45200,1015,27.3,63.1,1006,77,24
07/17/26 16:03:18.887,45900,1015,27.3,63.1,1006,77,24
07/17/26 16:03:25.004,47000,1015,27.3,63.1,1006,77,24
07/17/26 16:03:31.091,48100,1015,27.3,63.1,1006,77,24
07/17/26 16:03:37.310,49400,1015,27.3,63.1,1005,77,24
07/17/26 16:03:43.373,50000,1015,27.3,63.1,1006,77,24
07/17/26 16:03:49.416,51000,1015,27.3,63.1,1006,77,24
07/17/26 16:03:55.561,52300,1015,27.3,63.1,1006,77,24
07/17/26 16:04:01.608,53600,1015,27.3,63.1,1006,77,24
07/17/26 16:04:07.758,54400,1015,27.3,63.1,1006,77,24
07/17/26 16:04:13.951,55200,1015,27.3,63.1,1006,77,24
07/17/26 16:04:20.040,56200,1015,27.3,63.1,1006,77,24
07/17/26 16:04:26.148,57700,1015,27.3,63,1006,77,24
07/17/26 16:04:32.228,58500,1015,27.3,63,1006,77,24
07/17/26 16:04:38.390,58700,1015,27.3,63,1006,77,24
07/17/26 16:04:44.471,60000,1015,27.3,63.1,1006,77,24
07/17/26 16:04:50.577,61200,1015,27.3,63.1,1006,77,24
07/17/26 16:04:56.655,62100,1015,27.3,63.1,1006,77,24
07/17/26 16:05:02.726,62600,1015,27.3,63.1,1006,77,24
07/17/26 16:05:08.886,63700,1015,27.3,63.1,1006,77,24
07/17/26 16:05:15.007,65500,1015,27.3,63.1,1006,77,24
07/17/26 16:05:21.125,66500,1015,27.3,63.2,1006,77,24
07/17/26 16:05:27.350,66200,1015,27.3,63.2,1006,77,24
07/17/26 16:05:33.561,68800,1015,27.3,63.1,1006,77,24
07/17/26 16:05:39.756,69800,1015,27.3,63.1,1006,77,24
07/17/26 16:05:45.913,70300,1015,27.3,63.1,1006,77,24
07/17/26 16:05:51.993,70600,1015,27.3,63.1,1006,77,24
07/17/26 16:05:58.061,72400,1015,27.3,63.1,1006,77,24
07/17/26 16:06:04.199,73200,1015,27.3,63.1,1006,77,24
07/17/26 16:06:10.394,74300,1015,27.3,63.1,1006,77,24.1
07/17/26 16:06:16.479,74600,1015,27.3,63.1,1006,77,24
07/17/26 16:06:22.548,75700,1015,27.3,63.1,1005,77,24.1
07/17/26 16:06:28.644,76400,1015,27.3,63.1,1006,77,24.1
07/17/26 16:06:34.763,77300,1015,27.3,63.1,1006,77,24.1
07/17/26 16:06:40.921,77400,1015,27.3,63.2,1006,77,24.1
07/17/26 16:06:47.097,78800,1015,27.3,63.1,1006,77,24.1
07/17/26 16:06:53.242,80200,1015,27.3,63.1,1006,77,24
07/17/26 16:06:59.514,81300,1015,27.3,63.1,1006,77,24.1
07/17/26 16:07:05.787,81300,1015,27.3,63.1,1006,77,24.1
07/17/26 16:07:11.979,82100,1015,27.3,63.1,1006,77,24.1
07/17/26 16:07:18.247,82600,1015,27.3,63,1006,77,24.1
07/17/26 16:07:24.413,83400,1015,27.3,63,1006,77,24.1
07/17/26 16:07:30.592,83500,1015,27.3,63,1006,77,24.1
07/17/26 16:07:36.789,83900,1015,27.3,63,1006,77,24
07/17/26 16:07:42.979,85300,1015,27.3,63,1006,77,24.1
07/17/26 16:07:49.100,86000,1015,27.3,63,1006,77,24.1
07/17/26 16:07:55.475,86500,1015,27.3,63,1006,77,24.1
07/17/26 16:08:01.707,87900,1015,27.3,63,1006,77,24.1
07/17/26 16:08:07.991,88700,1015,27.3,63,1006,77,24.1
07/17/26 16:08:14.291,88900,1015,27.3,63,1006,77,24.1
07/17/26 16:08:20.476,89200,1015,27.3,62.9,1005,77,24.1
07/17/26 16:08:26.791,90300,1015,27.3,62.9,1006,77,24.1
07/17/26 16:08:33.157,91500,1015,27.3,63,1006,77,24.1
07/17/26 16:08:39.449,91700,1015,27.3,63,1006,77,24.1
07/17/26 16:08:45.793,90800,1015,27.3,63,1006,77,24.1
07/17/26 16:08:52.169,91500,1015,27.3,63.1,1006,77,24.1
07/17/26 16:08:58.339,92200,1015,27.3,63.1,1006,77,24
07/17/26 16:09:04.628,92900,1015,27.3,63,1006,77,24.1
07/17/26 16:09:11.085,92700,1015,27.3,63,1006,77,24.1
07/17/26 16:09:17.418,93700,1015,27.3,63.1,1006,77,24.1
07/17/26 16:09:23.802,95500,1015,27.4,63.1,1006,77,24.1
07/17/26 16:09:30.213,95700,1015,27.4,63.1,1006,77,24.1
07/17/26 16:09:36.492,95500,1015,27.4,63.1,1006,77,24.1
07/17/26 16:09:42.768,96000,1015,27.3,63.1,1006,77,24.1
07/17/26 16:09:48.959,98000,1015,27.3,63.1,1006,77,24.1
07/17/26 16:09:55.241,97800,1015,27.3,63,1006,77,24.1
07/17/26 16:10:01.636,97100,1015,27.3,63.1,1006,77,24.1
07/17/26 16:10:07.948,97800,1015,27.3,63.1,1006,77,24.1
07/17/26 16:10:14.311,98600,1015,27.4,63,1006,77,24.1
07/17/26 16:10:20.636,98900,1015,27.3,63,1006,77,24.1
07/17/26 16:10:26.961,98600,1015,27.3,63,1006,77,24.1
07/17/26 16:10:33.293,99800,1015,27.3,63,1006,77,24.1
07/17/26 16:10:39.531,100400,1015,27.4,63,1006,77,24.1
07/17/26 16:10:45.908,100800,1015,27.3,63,1006,77,24.1
07/17/26 16:10:52.239,101000,1015,27.3,63,1006,77,24.1
07/17/26 16:10:58.631,101400,1015,27.3,63,1006,77,24.1
07/17/26 16:11:05.042,102900,1015,27.3,63,1006,77,24.1
07/17/26 16:11:11.476,102700,1015,27.3,63,1006,77,24.1
07/17/26 16:11:17.786,102300,1015,27.4,62.9,1006,77,24.1
07/17/26 16:11:24.183,102700,1015,27.3,62.9,1006,77,24.1
07/17/26 16:11:30.597,104300,1015,27.4,62.9,1006,77,24.1
07/17/26 16:11:36.909,104100,1015,27.4,62.9,1006,77,24.1
07/17/26 16:11:43.254,102900,1015,27.4,62.9,1006,77,24.1
07/17/26 16:11:49.641,104300,1015,27.4,63,1006,77,24.1
07/17/26 16:11:55.974,105800,1015,27.4,63,1006,77,24.1
07/17/26 16:12:02.260,105600,1015,27.4,63,1006,77,24.1
07/17/26 16:12:08.613,105000,1015,27.4,63,1006,77,24.1
07/17/26 16:12:15.056,105800,1015,27.4,63,1006,77,24.1
07/17/26 16:12:21.477,107200,1015,27.4,63,1006,77,24.1
07/17/26 16:12:27.783,106800,1015,27.4,63,1006,77,24.1
07/17/26 16:12:34.215,106600,1015,27.4,63,1006,77,24.1
07/17/26 16:12:40.595,107600,1015,27.4,63,1006,77,24.1
07/17/26 16:12:47.077,108100,1015,27.3,63,1006,77,24.1
07/17/26 16:12:53.542,107200,1015,27.3,63,1006,77,24.1
07/17/26 16:13:00.053,108100,1015,27.3,63,1006,77,24.1
07/17/26 16:13:06.532,109500,1015,27.4,63,1006,77,24.1
07/17/26 16:13:13.013,109900,1015,27.3,63,1006,77,24.1
07/17/26 16:13:19.504,109100,1015,27.4,63,1006,77,24.1
07/17/26 16:13:26.085,109900,1015,27.4,63.1,1006,77,24.1
07/17/26 16:13:32.584,110500,1015,27.4,63,1005,77,24.1
07/17/26 16:13:39.070,111400,1015,27.4,63,1005,77,24.1
07/17/26 16:13:45.524,111100,1015,27.4,63,1005,77,24.1
07/17/26 16:13:52.002,111600,1015,27.3,63,1006,77,24.1
07/17/26 16:13:58.570,113000,1015,27.3,63,1005,77,24.1
07/17/26 16:14:05.054,112400,1015,27.3,63,1006,77,24.1
07/17/26 16:14:11.570,111600,1015,27.3,63.1,1006,77,24.1
07/17/26 16:14:18.139,112400,1015,27.3,63.1,1006,77,24.1
07/17/26 16:14:24.631,113700,1015,27.3,63.1,1006,77,24.1
07/17/26 16:14:31.181,113500,1015,27.3,63,1006,77,24.1
07/17/26 16:14:37.735,112600,1015,27.3,63,1005,77,24.1
07/17/26 16:14:44.154,113900,1015,27.4,63,1006,77,24.1
07/17/26 16:14:50.653,115300,1015,27.4,63,1006,77,24.1
07/17/26 16:14:57.298,114600,1015,27.4,63,1005,77,24.1
07/17/26 16:15:03.862,113900,1015,27.4,63,1005,77,24.1
07/17/26 16:15:10.465,113700,1015,27.4,63,1005,77,24.1
07/17/26 16:15:17.038,115000,1015,27.4,63,1006,77,24.1
07/17/26 16:15:23.612,114400,1015,27.4,63,1006,77,24.1
07/17/26 16:15:30.217,114800,1015,27.4,63,1005,77,24.1
07/17/26 16:15:36.750,116800,1015,27.4,63,1005,77,24.1
07/17/26 16:15:43.386,117100,1015,27.4,62.9,1005,77,24.1
07/17/26 16:15:50.027,116400,1015,27.4,62.9,1005,77,24.1
07/17/26 16:15:56.561,116200,1015,27.4,62.9,1005,77,24.1
07/17/26 16:16:03.111,117500,1015,27.4,62.9,1005,77,24.1
07/17/26 16:16:09.699,118000,1015,27.4,62.8,1005,77,24.1
07/17/26 16:16:16.467,117100,1015,27.4,62.8,1005,77,24.1
07/17/26 16:16:23.134,117500,1015,27.4,62.8,1005,77,24.1
07/17/26 16:16:29.866,118200,1015,27.4,62.8,1005,77,24.1
07/17/26 16:16:36.470,118200,1015,27.4,62.8,1005,77,24.1
07/17/26 16:16:43.035,118900,1015,27.4,62.7,1005,77,24.1
07/17/26 16:16:49.650,119100,1015,27.4,62.8,1005,77,24.1
07/17/26 16:16:56.247,119500,1015,27.4,62.8,1005,77,24.1
07/17/26 16:17:02.795,120400,1015,27.4,62.8,1005,77,24.1
07/17/26 16:17:09.436,119300,1015,27.4,62.8,1005,77,24.1
07/17/26 16:17:15.968,120200,1015,27.4,62.8,1005,77,24.1
07/17/26 16:17:22.581,119800,1015,27.4,62.8,1005,77,24.1
07/17/26 16:17:29.351,118600,1015,27.4,62.8,1005,77,24.1
07/17/26 16:17:35.976,119100,1015,27.4,62.9,1005,77,24.1
07/17/26 16:17:42.668,121400,1015,27.4,62.9,1005,77,24.1
07/17/26 16:17:49.278,121400,1015,27.4,62.9,1005,77,24.1
07/17/26 16:17:55.927,120700,1015,27.4,62.9,1005,77,24.1
07/17/26 16:18:02.587,120900,1015,27.4,62.9,1005,77,24.1
07/17/26 16:18:09.204,122700,1015,27.4,62.9,1005,77,24.1
07/17/26 16:18:15.864,122400,1015,27.4,62.9,1005,77,24.1
07/17/26 16:18:22.498,121900,1015,27.4,62.9,1005,77,24.1
07/17/26 16:18:29.203,122200,1015,27.4,62.9,1005,77,24.1
07/17/26 16:18:35.949,122900,1015,27.4,62.9,1005,77,24.1
07/17/26 16:18:42.576,122400,1015,27.4,62.9,1005,77,24.1
07/17/26 16:18:49.113,121700,1015,27.4,62.9,1005,77,24.1
07/17/26 16:18:55.801,123200,1015,27.4,62.8,1005,77,24.1
07/17/26 16:19:02.450,124400,1015,27.4,62.8,1005,77,24.1
07/17/26 16:19:09.123,122700,1015,27.4,62.8,1005,77,24.1
07/17/26 16:19:15.791,122400,1015,27.4,62.8,1005,77,24.1
07/17/26 16:19:22.565,123700,1015,27.4,62.8,1005,77,24.1
07/17/26 16:19:29.268,124900,1015,27.4,62.8,1005,77,24.1
07/17/26 16:19:35.962,123200,1015,27.5,62.8,1005,77,24.1
07/17/26 16:19:42.662,123700,1015,27.4,62.8,1005,77,24.1
07/17/26 16:19:49.525,125600,1015,27.4,62.8,1005,77,24.1
07/17/26 16:19:56.227,126400,1015,27.4,62.8,1005,77,24.1
07/17/26 16:20:02.959,124200,1015,27.5,62.8,1005,77,24.1
07/17/26 16:20:09.724,125600,1015,27.4,62.8,1005,77,24.1
07/17/26 16:20:16.509,126100,1015,27.5,62.8,1005,77,24.1
07/17/26 16:20:23.240,125400,1015,27.4,62.9,1005,77,24.1
07/17/26 16:20:29.979,125400,1015,27.4,62.8,1005,77,24.1
07/17/26 16:20:36.670,125100,1015,27.4,62.8,1005,77,24.1
07/17/26 16:20:43.428,126400,1015,27.4,62.8,1005,77,24.1
07/17/26 16:20:50.106,125100,1015,27.4,62.8,1005,77,24.1
07/17/26 16:20:56.816,125900,1015,27.4,62.8,1005,77,24.1
07/17/26 16:21:03.415,126900,1015,27.4,62.8,1005,77,24.1
07/17/26 16:21:10.156,127400,1015,27.4,62.8,1005,77,24.1
07/17/26 16:21:16.994,126900,1015,27.4,62.8,1005,77,24.1
07/17/26 16:21:23.859,126900,1015,27.4,62.8,1005,77,24.1
07/17/26 16:21:30.669,127600,1015,27.4,62.8,1005,77,24.1
07/17/26 16:21:37.419,127600,1015,27.4,62.8,1005,77,24.1
07/17/26 16:21:44.307,127400,1015,27.4,62.8,1005,77,24.1
07/17/26 16:21:51.135,128100,1015,27.4,62.8,1005,77,24.1
07/17/26 16:21:58.024,129500,1015,27.4,62.8,1005,77,24.1
07/17/26 16:22:04.931,127900,1015,27.4,62.8,1005,77,24.1
07/17/26 16:22:11.615,127900,1015,27.4,62.8,1005,77,24.1
07/17/26 16:22:18.438,128400,1015,27.4,62.8,1005,77,24.1
07/17/26 16:22:25.300,129500,1015,27.4,62.8,1005,77,24.1
07/17/26 16:22:32.149,128900,1015,27.4,62.8,1005,77,24.1
07/17/26 16:22:38.907,128600,1015,27.5,62.8,1005,77,24.1
07/17/26 16:22:45.762,130000,1015,27.5,62.8,1005,77,24.1
07/17/26 16:22:52.609,129700,1015,27.5,62.8,1005,77,24.1
07/17/26 16:22:59.475,128400,1015,27.4,62.8,1005,77,24.1
07/17/26 16:23:06.334,129700,1015,27.4,62.8,1005,77,24.1
07/17/26 16:23:13.157,130000,1015,27.4,62.8,1005,77,24.1
07/17/26 16:23:20.022,130000,1015,27.5,62.8,1005,77,24.1
07/17/26 16:23:26.869,129200,1015,27.4,62.8,1005,77,24.1
07/17/26 16:23:33.725,131100,1015,27.4,62.8,1005,77,24.1
07/17/26 16:23:40.626,130500,1015,27.4,62.8,1005,77,24.1
07/17/26 16:23:47.514,129200,1015,27.5,62.8,1005,77,24.1
07/17/26 16:23:54.289,130300,1015,27.5,62.8,1005,77,24.1
07/17/26 16:24:01.109,131400,1015,27.5,62.8,1005,77,24.1
07/17/26 16:24:07.937,131100,1015,27.4,62.7,1005,77,24.1
07/17/26 16:24:14.814,129700,1015,27.4,62.7,1005,77,24.1
07/17/26 16:24:21.694,130300,1015,27.5,62.7,1005,77,24.1
07/17/26 16:24:28.515,131100,1015,27.4,62.7,1005,77,24.1
07/17/26 16:24:35.370,130500,1015,27.4,62.7,1006,76,24.1
07/17/26 16:24:42.295,130500,1015,27.5,62.7,1005,76,24.1
07/17/26 16:24:49.052,131900,1015,27.4,62.7,1006,77,24.1
07/17/26 16:24:55.892,133300,1015,27.5,62.7,1005,77,24.1
07/17/26 16:25:02.928,132200,1015,27.4,62.7,1005,77,24.1
07/17/26 16:25:09.897,133300,1015,27.5,62.7,1005,77,24.1
07/17/26 16:25:16.896,133300,1015,27.4,62.8,1005,77,24.1
07/17/26 16:25:23.765,133300,1015,27.5,62.8,1005,77,24.1
07/17/26 16:25:30.742,131900,1015,27.5,62.8,1005,77,24.1
07/17/26 16:25:37.650,132700,1015,27.5,62.8,1005,77,24.1
07/17/26 16:25:44.599,134400,1015,27.5,62.8,1006,77,24.1
07/17/26 16:25:51.453,133000,1015,27.5,62.8,1005,77,24.1
07/17/26 16:25:58.389,132200,1015,27.5,62.8,1005,77,24.1
07/17/26 16:26:05.331,131900,1015,27.5,62.8,1005,77,24.1
07/17/26 16:26:12.340,133500,1015,27.5,62.7,1006,77,24.1
07/17/26 16:26:19.362,133300,1015,27.5,62.7,1006,77,24.1
07/17/26 16:26:26.339,133500,1015,27.4,62.8,1006,77,24.1
07/17/26 16:26:33.289,133800,1015,27.5,62.7,1005,77,24.1
07/17/26 16:26:40.272,134600,1015,27.5,62.7,1005,77,24.1
07/17/26 16:26:47.248,134100,1015,27.5,62.7,1005,77,24.1
07/17/26 16:26:54.259,133800,1015,27.4,62.7,1006,77,24.1
07/17/26 16:27:01.295,134600,1015,27.4,62.7,1005,77,24.1
07/17/26 16:27:08.240,133800,1015,27.4,62.8,1005,77,24.1
07/17/26 16:27:15.377,133500,1015,27.4,62.8,1005,77,24.1
07/17/26 16:27:22.407,134400,1015,27.4,62.8,1006,77,24.1
07/17/26 16:27:29.469,134900,1015,27.5,62.7,1006,77,24.1
07/17/26 16:27:36.459,134400,1015,27.5,62.7,1006,77,24.1
07/17/26 16:27:43.414,134100,1015,27.5,62.7,1006,77,24.1
07/17/26 16:27:50.483,134600,1015,27.5,62.7,1005,77,24.1
07/17/26 16:27:57.456,136000,1015,27.4,62.7,1006,76,24.1
07/17/26 16:28:04.497,134600,1015,27.5,62.7,1005,76,24.2
07/17/26 16:28:11.541,134600,1015,27.5,62.7,1005,76,24.1
07/17/26 16:28:18.652,136000,1015,27.5,62.7,1006,76,24.1
07/17/26 16:28:25.673,134900,1015,27.5,62.7,1005,76,24.1
07/17/26 16:28:32.659,134900,1015,27.5,62.6,1006,76,24.1
07/17/26 16:28:39.699,134600,1015,27.5,62.6,1006,76,24.2
07/17/26 16:28:46.750,136800,1015,27.5,62.6,1005,76,24.1
07/17/26 16:28:53.770,134600,1015,27.5,62.6,1005,76,24.1
07/17/26 16:29:00.690,135700,1015,27.5,62.6,1006,76,24.1
07/17/26 16:29:07.660,137100,1015,27.5,62.6,1006,76,24.1
07/17/26 16:29:14.789,138000,1015,27.5,62.6,1005,76,24.2
07/17/26 16:29:21.831,135700,1015,27.5,62.6,1005,76,24.1
07/17/26 16:29:28.817,135700,1015,27.5,62.6,1005,76,24.1
07/17/26 16:29:35.949,134900,1015,27.5,62.6,1006,76,24.2
07/17/26 16:29:42.972,136800,1015,27.5,62.6,1006,76,24.1
07/17/26 16:29:50.016,136000,1015,27.5,62.6,1006,76,24.1
07/17/26 16:29:56.985,136000,1015,27.5,62.6,1006,76,24.1
07/17/26 16:30:04.080,137700,1015,27.5,62.6,1006,76,24.1
07/17/26 16:30:11.098,136300,1015,27.5,62.6,1006,76,24.2
07/17/26 16:30:18.195,137400,1015,27.5,62.5,1005,76,24.1
07/17/26 16:30:25.325,137400,1015,27.5,62.6,1006,76,24.1
07/17/26 16:30:32.432,137100,1015,27.5,62.5,1006,76,24.1
07/17/26 16:30:39.701,136000,1015,27.5,62.5,1005,76,24.1
07/17/26 16:30:46.873,136500,1015,27.5,62.5,1005,76,24.1
07/17/26 16:30:53.867,137100,1015,27.5,62.5,1006,76,24.2
07/17/26 16:31:01.048,137400,1015,27.5,62.5,1005,76,24.2
07/17/26 16:31:08.137,136500,1015,27.5,62.5,1006,76,24.2
07/17/26 16:31:15.211,138000,1015,27.5,62.5,1006,76,24.1
07/17/26 16:31:22.425,139800,1015,27.5,62.5,1005,76,24.1
07/17/26 16:31:29.498,138000,1015,27.5,62.5,1005,76,24.1
07/17/26 16:31:36.622,138300,1015,27.5,62.5,1005,76,24.1
07/17/26 16:31:43.721,138000,1015,27.5,62.5,1005,76,24.1
07/17/26 16:31:50.878,138300,1015,27.5,62.5,1005,76,24.1
07/17/26 16:31:58.136,137100,1015,27.5,62.5,1006,76,24.1
07/17/26 16:32:05.319,137400,1015,27.5,62.4,1005,76,24.1
07/17/26 16:32:12.706,138900,1015,27.5,62.4,1005,76,24.1
07/17/26 16:32:19.944,138300,1015,27.5,62.4,1005,76,24.1
07/17/26 16:32:27.058,138300,1015,27.5,62.4,1005,76,24.1
07/17/26 16:32:34.264,139800,1015,27.5,62.5,1005,76,24.1
07/17/26 16:32:41.552,139500,1015,27.5,62.5,1005,76,24.1
07/17/26 16:32:48.872,138600,1015,27.5,62.5,1005,76,24.1
07/17/26 16:32:56.108,139500,1015,27.5,62.5,1005,76,24.1
07/17/26 16:33:03.204,139200,1015,27.5,62.5,1005,76,24.1
07/17/26 16:33:10.593,138300,1015,27.5,62.5,1005,76,24.1
07/17/26 16:33:17.839,137100,1015,27.5,62.5,1005,76,24.1
07/17/26 16:33:25.114,138600,1015,27.5,62.5,1005,77,24.1
07/17/26 16:33:32.263,139500,1015,27.5,62.5,1005,77,24.1
07/17/26 16:33:39.479,138300,1015,27.5,62.5,1005,77,24.1
07/17/26 16:33:46.809,137400,1015,27.5,62.5,1005,76,24.1
07/17/26 16:33:54.017,139800,1015,27.5,62.5,1005,76,24.1
07/17/26 16:34:01.287,138300,1015,27.5,62.5,1005,76,24.1
07/17/26 16:34:08.565,138000,1015,27.5,62.5,1005,76,24.1
07/17/26 16:34:15.794,138900,1015,27.5,62.5,1005,76,24.1
07/17/26 16:34:23.036,139800,1015,27.5,62.5,1005,76,24.2
07/17/26 16:34:30.361,138900,1015,27.5,62.5,1005,76,24.1
07/17/26 16:34:37.613,138900,1015,27.5,62.4,1005,76,24.1
07/17/26 16:34:44.911,139500,1015,27.5,62.4,1005,76,24.1
07/17/26 16:34:52.162,140100,1015,27.5,62.4,1005,76,24.2
07/17/26 16:34:59.440,138300,1015,27.5,62.4,1005,76,24.2
07/17/26 16:35:06.768,140100,1015,27.5,62.5,1005,76,24.2
07/17/26 16:35:14.068,141000,1015,27.5,62.4,1005,76,24.2
07/17/26 16:35:21.390,140700,1015,27.5,62.4,1005,76,24.1
07/17/26 16:35:28.677,139800,1015,27.5,62.5,1005,76,24.2
07/17/26 16:35:35.957,140100,1015,27.5,62.5,1005,76,24.2
07/17/26 16:35:43.046,141000,1015,27.5,62.5,1005,76,24.2
07/17/26 16:35:49.991,139200,1015,27.5,62.5,1005,76,24.2
07/17/26 16:35:56.939,140400,1015,27.5,62.4,1005,76,24.2
07/17/26 16:36:03.950,141300,1015,27.5,62.4,1005,76,24.2
07/17/26 16:36:10.881,141000,1015,27.5,62.5,1005,76,24.2
07/17/26 16:36:17.765,139800,1015,27.4,62.5,1005,76,24.2
07/17/26 16:36:24.776,141300,1015,27.5,62.5,1005,76,24.2
07/17/26 16:36:31.760,142200,1015,27.5,62.5,1005,76,24.2
07/17/26 16:36:38.682,141300,1015,27.5,62.4,1005,76,24.2
07/17/26 16:36:45.669,140100,1015,27.5,62.4,1005,76,24.2
07/17/26 16:36:52.627,141300,1015,27.5,62.5,1005,76,24.2
07/17/26 16:36:59.627,140700,1015,27.5,62.4,1005,76,24.2
07/17/26 16:37:06.591,139500,1015,27.5,62.4,1005,76,24.2
07/17/26 16:37:13.562,140700,1015,27.5,62.5,1005,76,24.2
07/17/26 16:37:20.469,140700,1015,27.5,62.5,1005,76,24.2
07/17/26 16:37:27.448,142200,1015,27.5,62.5,1005,76,24.2
07/17/26 16:37:34.417,142500,1015,27.5,62.4,1005,76,24.2
07/17/26 16:37:41.430,143400,1015,27.5,62.4,1005,76,24.2
07/17/26 16:37:48.409,143100,1015,27.5,62.4,1005,76,24.2
07/17/26 16:37:55.378,142200,1015,27.5,62.4,1005,76,24.2
07/17/26 16:38:02.438,140400,1015,27.5,62.4,1005,76,24.2
07/17/26 16:38:09.450,140400,1015,27.5,62.4,1005,76,24.2
07/17/26 16:38:16.463,141900,1015,27.5,62.4,1005,76,24.2
07/17/26 16:38:23.463,141000,1015,27.5,62.4,1005,76,24.2
07/17/26 16:38:30.513,141900,1015,27.5,62.4,1005,76,24.2
07/17/26 16:38:37.500,142500,1015,27.5,62.4,1005,76,24.2
07/17/26 16:38:44.480,143700,1015,27.5,62.4,1005,76,24.2
07/17/26 16:38:51.478,141700,1015,27.5,62.4,1005,76,24.2
07/17/26 16:38:58.590,142200,1015,27.5,62.4,1005,76,24.2
07/17/26 16:39:05.661,142200,1015,27.5,62.4,1005,76,24.2
07/17/26 16:39:12.671,142200,1015,27.5,62.4,1005,76,24.2
07/17/26 16:39:19.752,141300,1015,27.5,62.4,1005,76,24.2
07/17/26 16:39:26.774,141900,1015,27.5,62.4,1005,76,24.2
07/17/26 16:39:33.894,143100,1015,27.5,62.4,1005,76,24.2
07/17/26 16:39:40.937,143100,1015,27.5,62.4,1005,76,24.2
07/17/26 16:39:48.005,141000,1015,27.5,62.4,1005,76,24.2
07/17/26 16:39:55.025,142200,1015,27.5,62.4,1005,76,24.2
07/17/26 16:40:02.139,143100,1015,27.5,62.4,1005,76,24.2
07/17/26 16:40:09.212,142500,1015,27.5,62.5,1005,76,24.2
07/17/26 16:40:16.296,142200,1015,27.5,62.5,1005,77,24.2
07/17/26 16:40:23.455,143400,1015,27.5,62.5,1005,77,24.2
07/17/26 16:40:30.473,143100,1015,27.5,62.5,1005,77,24.2
07/17/26 16:40:37.488,142200,1015,27.5,62.5,1005,76,24.2
07/17/26 16:40:44.652,144300,1015,27.5,62.4,1005,76,24.2
07/17/26 16:40:51.840,143400,1015,27.5,62.4,1005,76,24.2
07/17/26 16:40:58.964,143100,1015,27.5,62.4,1005,76,24.2
07/17/26 16:41:06.066,143400,1015,27.5,62.3,1005,76,24.2
07/17/26 16:41:13.130,144000,1015,27.5,62.3,1005,76,24.2
07/17/26 16:41:20.330,144600,1015,27.5,62.3,1005,76,24.2
07/17/26 16:41:27.400,143400,1015,27.5,62.4,1005,76,24.2
07/17/26 16:41:34.508,143400,1015,27.5,62.4,1005,76,24.2
07/17/26 16:41:41.674,145200,1015,27.5,62.4,1005,76,24.2
07/17/26 16:41:48.789,143400,1015,27.5,62.4,1005,76,24.2
07/17/26 16:41:55.966,142500,1015,27.5,62.4,1005,76,24.2
07/17/26 16:42:03.141,143700,1015,27.5,62.4,1005,76,24.2
07/17/26 16:42:10.306,143100,1015,27.5,62.4,1005,76,24.2
07/17/26 16:42:17.551,143100,1015,27.5,62.4,1005,76,24.2
07/17/26 16:42:24.714,142800,1015,27.5,62.3,1005,76,24.2
07/17/26 16:42:31.816,144600,1015,27.5,62.3,1005,76,24.2
07/17/26 16:42:39.026,143700,1015,27.5,62.3,1005,76,24.2
07/17/26 16:42:46.221,142500,1015,27.5,62.4,1005,76,24.2
07/17/26 16:42:53.358,143700,1015,27.5,62.4,1005,76,24.2
07/17/26 16:43:00.544,143700,1015,27.5,62.4,1005,76,24.2
07/17/26 16:43:07.713,142800,1015,27.5,62.5,1005,76,24.2
07/17/26 16:43:14.907,142800,1015,27.5,62.5,1005,76,24.2
07/17/26 16:43:22.184,143700,1015,27.5,62.5,1005,76,24.2
07/17/26 16:43:29.328,144600,1015,27.5,62.5,1005,76,24.2
07/17/26 16:43:36.537,143100,1015,27.5,62.5,1005,76,24.2
07/17/26 16:43:43.683,144000,1015,27.5,62.5,1005,76,24.2
07/17/26 16:43:50.914,144900,1015,27.5,62.4,1005,76,24.2
07/17/26 16:43:58.138,145200,1015,27.5,62.5,1005,76,24.2
07/17/26 16:44:05.426,143700,1015,27.5,62.5,1005,76,24.2
07/17/26 16:44:12.562,144600,1015,27.5,62.4,1005,76,24.2
07/17/26 16:44:19.745,144000,1015,27.5,62.4,1005,76,24.2
07/17/26 16:44:27.023,143700,1015,27.5,62.5,1005,76,24.2
07/17/26 16:44:34.266,143100,1015,27.5,62.5,1005,76,24.2
07/17/26 16:44:41.529,145800,1015,27.5,62.5,1005,76,24.2
07/17/26 16:44:48.781,145800,1015,27.5,62.5,1005,76,24.2
07/17/26 16:44:56.045,142800,1015,27.5,62.4,1005,76,24.2
07/17/26 16:45:03.385,144600,1015,27.5,62.5,1005,76,24.2
07/17/26 16:45:10.682,145200,1015,27.5,62.5,1005,76,24.2
07/17/26 16:45:17.968,145500,1015,27.5,62.6,1005,77,24.2
07/17/26 16:45:25.251,144300,1015,27.5,62.6,1005,77,24.2
07/17/26 16:45:32.559,145800,1015,27.5,62.6,1005,77,24.2
07/17/26 16:45:39.824,145500,1015,27.5,62.5,1005,77,24.2
07/17/26 16:45:47.184,144000,1015,27.5,62.5,1005,76,24.2
07/17/26 16:45:54.512,145500,1015,27.5,62.5,1005,76,24.2
07/17/26 16:46:01.773,146100,1015,27.5,62.5,1005,76,24.2
07/17/26 16:46:08.993,145500,1015,27.5,62.5,1005,76,24.2
07/17/26 16:46:16.324,144900,1015,27.5,62.5,1005,76,24.2
07/17/26 16:46:23.538,147100,1015,27.5,62.5,1005,77,24.2
07/17/26 16:46:30.894,146400,1015,27.5,62.5,1005,77,24.2
07/17/26 16:46:38.284,143400,1015,27.5,62.5,1005,77,24.2
07/17/26 16:46:45.585,144000,1015,27.5,62.5,1005,77,24.2
07/17/26 16:46:52.854,145200,1015,27.5,62.5,1005,76,24.2
07/17/26 16:47:00.237,144300,1015,27.5,62.5,1005,76,24.2
07/17/26 16:47:07.668,144300,1015,27.5,62.5,1005,76,24.2
07/17/26 16:47:15.043,145500,1015,27.5,62.5,1005,76,24.2
07/17/26 16:47:22.398,145800,1015,27.5,62.5,1005,76,24.2
07/17/26 16:47:29.655,144900,1015,27.5,62.5,1005,77,24.2
07/17/26 16:47:37.118,144900,1015,27.5,62.5,1005,76,24.2
07/17/26 16:47:44.464,145200,1015,27.5,62.5,1005,76,24.2
07/17/26 16:47:51.783,146100,1015,27.5,62.5,1005,76,24.2
07/17/26 16:47:59.106,144900,1015,27.5,62.5,1005,76,24.2
07/17/26 16:48:06.507,145800,1015,27.5,62.5,1005,76,24.2
07/17/26 16:48:13.967,145800,1015,27.5,62.5,1005,76,24.2
07/17/26 16:48:21.343,145200,1015,27.5,62.5,1005,76,24.2
07/17/26 16:48:28.694,146100,1015,27.5,62.5,1005,76,24.2
07/17/26 16:48:36.013,148100,1015,27.5,62.5,1005,76,24.2
07/17/26 16:48:43.440,145500,1015,27.5,62.5,1005,76,24.2
07/17/26 16:48:50.828,145800,1015,27.5,62.5,1005,76,24.2
07/17/26 16:48:58.289,147100,1015,27.5,62.5,1005,76,24.2
07/17/26 16:49:05.682,147100,1015,27.5,62.5,1005,76,24.2
07/17/26 16:49:13.056,145800,1015,27.5,62.5,1005,76,24.2
07/17/26 16:49:20.339,146400,1015,27.5,62.5,1005,76,24.2
07/17/26 16:49:27.753,146700,1015,27.5,62.6,1005,77,24.2
07/17/26 16:49:35.159,145500,1015,27.5,62.6,1005,77,24.2
07/17/26 16:49:42.553,144300,1015,27.5,62.5,1005,76,24.2
07/17/26 16:49:50.007,145200,1015,27.5,62.5,1005,76,24.2
07/17/26 16:49:57.400,147700,1015,27.5,62.5,1005,76,24.2
07/17/26 16:50:04.768,146100,1015,27.5,62.5,1005,76,24.2
07/17/26 16:50:12.239,146100,1015,27.5,62.5,1005,76,24.2
07/17/26 16:50:19.723,147400,1015,27.5,62.5,1005,76,24.2
07/17/26 16:50:27.268,145200,1015,27.5,62.5,1005,76,24.2
07/17/26 16:50:34.696,144900,1015,27.5,62.6,1005,76,24.2
07/17/26 16:50:42.185,147100,1015,27.5,62.6,1005,76,24.2
07/17/26 16:50:49.635,147700,1015,27.5,62.6,1005,76,24.2
07/17/26 16:50:57.164,146100,1015,27.5,62.6,1005,76,24.2
07/17/26 16:51:04.638,147100,1015,27.5,62.6,1005,76,24.2
07/17/26 16:51:12.164,147700,1015,27.5,62.6,1005,76,24.2
07/17/26 16:51:19.650,145800,1015,27.5,62.6,1005,76,24.2
07/17/26 16:51:27.172,145800,1015,27.5,62.6,1005,76,24.2
07/17/26 16:51:34.623,148100,1015,27.5,62.6,1005,76,24.2
07/17/26 16:51:42.201,148700,1015,27.5,62.6,1005,76,24.2
07/17/26 16:51:49.761,146700,1015,27.5,62.6,1005,76,24.2
07/17/26 16:51:57.216,146400,1015,27.5,62.6,1005,76,24.2
07/17/26 16:52:04.674,147700,1015,27.5,62.6,1005,76,24.2
07/17/26 16:52:12.238,146100,1015,27.5,62.6,1005,76,24.2
07/17/26 16:52:19.767,145200,1015,27.5,62.6,1005,76,24.2
07/17/26 16:52:27.278,146700,1015,27.5,62.6,1005,76,24.2
07/17/26 16:52:34.755,147400,1015,27.5,62.6,1005,76,24.2
07/17/26 16:52:42.292,145800,1015,27.5,62.6,1005,76,24.2
07/17/26 16:52:49.848,146400,1015,27.5,62.6,1005,76,24.2
07/17/26 16:52:57.439,148400,1015,27.5,62.5,1005,76,24.2
07/17/26 16:53:04.976,146100,1015,27.5,62.5,1005,76,24.2
07/17/26 16:53:12.411,146700,1015,27.5,62.6,1005,76,24.2
07/17/26 16:53:20.000,149700,1015,27.5,62.6,1005,76,24.2
07/17/26 16:53:27.523,148400,1015,27.5,62.6,1005,76,24.2
07/17/26 16:53:35.050,146400,1015,27.5,62.6,1005,76,24.2
07/17/26 16:53:42.559,147400,1015,27.5,62.6,1005,77,24.2
07/17/26 16:53:50.093,147400,1015,27.5,62.6,1005,77,24.2
07/17/26 16:53:57.684,145200,1015,27.5,62.7,1005,77,24.2
07/17/26 16:54:05.328,146100,1015,27.5,62.7,1005,77,24.2
07/17/26 16:54:12.880,147700,1015,27.5,62.7,1005,77,24.2
07/17/26 16:54:20.460,147100,1015,27.5,62.6,1005,77,24.2
07/17/26 16:54:28.045,147100,1015,27.5,62.6,1005,77,24.2
07/17/26 16:54:35.585,147700,1015,27.5,62.6,1005,77,24.2
07/17/26 16:54:43.132,148400,1015,27.5,62.6,1005,77,24.2
07/17/26 16:54:50.733,148100,1015,27.5,62.6,1005,77,24.2
07/17/26 16:54:58.414,147700,1015,27.5,62.6,1005,77,24.2
07/17/26 16:55:05.983,149400,1015,27.5,62.6,1005,77,24.2
07/17/26 16:55:13.708,148100,1015,27.5,62.6,1005,77,24.2
07/17/26 16:55:21.352,148100,1015,27.5,62.6,1005,77,24.2
07/17/26 16:55:28.877,147700,1015,27.5,62.6,1005,77,24.2
07/17/26 16:55:36.559,147700,1015,27.5,62.6,1005,77,24.2
07/17/26 16:55:44.153,146400,1015,27.5,62.6,1005,77,24.2
07/17/26 16:55:51.846,148100,1015,27.5,62.7,1005,77,24.2
07/17/26 16:55:59.524,149100,1015,27.5,62.7,1005,77,24.2
07/17/26 16:56:07.163,147700,1015,27.5,62.7,1005,77,24.2
07/17/26 16:56:14.830,146100,1015,27.5,62.7,1005,77,24.2
07/17/26 16:56:22.490,148100,1015,27.5,62.7,1005,77,24.2
07/17/26 16:56:30.115,147700,1015,27.5,62.7,1005,77,24.2
07/17/26 16:56:37.679,147100,1015,27.5,62.7,1005,77,24.2
07/17/26 16:56:45.360,148700,1015,27.5,62.6,1005,77,24.2
07/17/26 16:56:52.983,147100,1015,27.5,62.6,1005,77,24.2
07/17/26 16:57:00.670,147100,1015,27.5,62.7,1005,77,24.2
07/17/26 16:57:08.279,147700,1015,27.5,62.7,1005,77,24.2
07/17/26 16:57:15.961,148100,1015,27.5,62.7,1005,77,24.2
07/17/26 16:57:23.659,146400,1015,27.5,62.7,1005,77,24.2
07/17/26 16:57:31.377,145200,1015,27.5,62.7,1005,77,24.2
07/17/26 16:57:39.039,148100,1015,27.5,62.7,1005,77,24.2
07/17/26 16:57:46.812,147700,1015,27.5,62.7,1005,77,24.2
07/17/26 16:57:54.526,147100,1015,27.5,62.7,1005,77,24.2
07/17/26 16:58:02.256,148400,1015,27.5,62.7,1005,77,24.2
07/17/26 16:58:09.983,148700,1015,27.5,62.7,1005,77,24.2
07/17/26 16:58:17.716,147100,1015,27.5,62.7,1005,77,24.2
07/17/26 16:58:25.439,148100,1015,27.5,62.7,1005,76,24.2
07/17/26 16:58:33.234,149100,1015,27.5,62.7,1005,77,24.2
07/17/26 16:58:40.892,149100,1015,27.5,62.7,1005,77,24.2
07/17/26 16:58:48.703,149100,1015,27.5,62.8,1005,77,24.2
07/17/26 16:58:56.477,151100,1015,27.5,62.8,1005,77,24.2
07/17/26 16:59:04.197,149400,1015,27.5,62.7,1005,77,24.2
07/17/26 16:59:11.884,147100,1015,27.5,62.7,1005,77,24.2
07/17/26 16:59:19.561,148100,1015,27.5,62.7,1005,77,24.2
07/17/26 16:59:27.330,149400,1015,27.6,62.7,1005,77,24.2
07/17/26 16:59:35.055,148700,1015,27.6,62.7,1005,77,24.2
07/17/26 16:59:42.893,148700,1015,27.6,62.8,1005,77,24.2
07/17/26 16:59:50.614,150100,1015,27.6,62.8,1005,77,24.2
07/17/26 16:59:58.436,147700,1015,27.6,62.7,1005,77,24.2
07/17/26 17:00:06.368,148100,1015,27.6,62.7,1005,77,24.2
07/17/26 17:00:14.478,148400,1015,27.6,62.7,1005,77,24.2
07/17/26 17:00:22.650,149100,1015,27.6,62.7,1005,77,24.2
07/17/26 17:00:30.919,147400,1015,27.6,62.7,1005,77,24.2
07/17/26 17:00:39.074,149400,1015,27.5,62.7,1005,77,24.2
07/17/26 17:00:47.379,149100,1015,27.5,62.7,1005,77,24.2
07/17/26 17:00:55.733,147100,1015,27.5,62.7,1005,77,24.2
07/17/26 17:01:03.996,148700,1015,27.5,62.7,1005,77,24.2
07/17/26 17:01:12.222,149400,1015,27.5,62.7,1005,77,24.2
07/17/26 17:01:20.454,147700,1015,27.5,62.7,1005,77,24.2
07/17/26 17:01:28.659,148700,1015,27.5,62.7,1005,77,24.2
07/17/26 17:01:36.502,150100,1015,27.5,62.7,1005,77,24.2
07/17/26 17:01:44.190,148400,1015,27.5,62.7,1005,77,24.2
07/17/26 17:01:51.901,147700,1015,27.5,62.7,1005,77,24.2
07/17/26 17:01:59.768,150400,1015,27.5,62.8,1005,77,24.2
07/17/26 17:02:07.508,150100,1015,27.5,62.8,1005,77,24.2
07/17/26 17:02:15.315,147400,1015,27.5,62.8,1005,77,24.2
07/17/26 17:02:23.156,149400,1015,27.5,62.8,1005,77,24.2
07/17/26 17:02:30.930,150400,1015,27.5,62.8,1005,77,24.2
07/17/26 17:02:38.719,149400,1015,27.5,62.7,1005,77,24.2
07/17/26 17:02:46.573,150400,1015,27.5,62.7,1005,77,24.2
07/17/26 17:02:54.448,151400,1015,27.5,62.7,1005,77,24.2
07/17/26 17:03:02.172,150700,1015,27.5,62.7,1005,77,24.2
07/17/26 17:03:10.014,148700,1015,27.5,62.7,1005,77,24.2
07/17/26 17:03:17.834,150100,1015,27.5,62.7,1005,77,24.2
07/17/26 17:03:25.633,149700,1015,27.5,62.7,1005,77,24.2
07/17/26 17:03:33.452,148100,1015,27.5,62.7,1005,77,24.2
07/17/26 17:03:41.234,149700,1015,27.5,62.7,1005,77,24.2
07/17/26 17:03:49.051,148100,1015,27.5,62.7,1005,77,24.2
07/17/26 17:03:56.901,148100,1015,27.5,62.7,1005,77,24.2
07/17/26 17:04:04.759,147400,1015,27.6,62.7,1005,77,24.2
07/17/26 17:04:12.694,150100,1015,27.5,62.7,1005,77,24.2
07/17/26 17:04:20.620,148400,1015,27.5,62.7,1005,76,24.2
07/17/26 17:04:28.416,149100,1015,27.5,62.6,1006,76,24.2
07/17/26 17:04:36.234,149400,1015,27.5,62.6,1005,76,24.2
07/17/26 17:04:44.070,149100,1015,27.6,62.6,1005,76,24.2
07/17/26 17:04:51.849,148100,1015,27.5,62.7,1005,76,24.2
07/17/26 17:04:59.685,149700,1015,27.6,62.7,1005,77,24.2
07/17/26 17:05:07.543,151400,1015,27.6,62.7,1005,77,24.2
07/17/26 17:05:15.489,149400,1015,27.5,62.7,1005,77,24.2
07/17/26 17:05:23.330,149400,1015,27.6,62.7,1005,77,24.2
07/17/26 17:05:31.262,149700,1015,27.6,62.7,1005,77,24.2
07/17/26 17:05:39.220,150100,1015,27.5,62.7,1005,76,24.2
07/17/26 17:05:47.182,149400,1015,27.5,62.7,1005,76,24.2
07/17/26 17:05:55.120,150400,1015,27.6,62.8,1005,77,24.3
07/17/26 17:06:03.514,151400,1015,27.5,62.9,1005,77,24.3
07/17/26 17:06:11.934,148700,1015,27.6,62.8,1005,77,24.3
07/17/26 17:06:20.352,149100,1015,27.5,62.7,1005,77,24.3
07/17/26 17:06:29.127,150100,1015,27.5,62.7,1005,77,24.3
07/17/26 17:06:37.159,149100,1015,27.5,62.8,1005,77,24.3
07/17/26 17:06:45.158,150100,1015,27.5,62.8,1005,77,24.3
07/17/26 17:06:53.202,149400,1015,27.6,62.9,1005,77,24.3
07/17/26 17:07:01.158,148700,1015,27.6,62.8,1005,77,24.3
07/17/26 17:07:09.252,150100,1015,27.5,62.8,1005,77,24.3
07/17/26 17:07:17.360,149700,1015,27.6,62.8,1005,77,24.3
07/17/26 17:07:25.391,149100,1015,27.6,62.8,1005,77,24.3
07/17/26 17:07:33.478,148700,1015,27.6,62.8,1005,77,24.3
07/17/26 17:07:41.542,150400,1015,27.6,62.8,1005,77,24.3
07/17/26 17:07:49.448,149400,1015,27.6,62.7,1005,77,24.3
07/17/26 17:07:57.376,149400,1015,27.6,62.7,1005,76,24.3
07/17/26 17:08:05.375,151800,1015,27.6,62.7,1005,77,24.3
07/17/26 17:08:13.377,152400,1015,27.6,62.7,1005,77,24.3
07/17/26 17:08:21.192,150400,1015,27.6,62.7,1005,77,24.3
07/17/26 17:08:29.110,150700,1015,27.5,62.7,1005,77,24.3
07/17/26 17:08:37.195,151100,1015,27.5,62.7,1005,77,24.3
07/17/26 17:08:45.224,151400,1015,27.5,62.8,1005,77,24.3
07/17/26 17:08:53.177,150100,1015,27.6,62.8,1005,77,24.3
07/17/26 17:09:01.189,150400,1015,27.6,62.8,1005,77,24.3
07/17/26 17:09:09.097,149400,1015,27.6,62.8,1005,77,24.3
07/17/26 17:09:17.036,150400,1015,27.6,62.8,1005,77,24.3
07/17/26 17:09:25.072,152100,1015,27.6,62.7,1005,77,24.3
07/17/26 17:09:33.195,149400,1015,27.6,62.7,1005,77,24.3
07/17/26 17:09:41.198,149700,1015,27.6,62.7,1005,77,24.3
07/17/26 17:09:49.223,151100,1015,27.6,62.8,1005,77,24.3
07/17/26 17:09:57.363,151400,1015,27.6,62.9,1005,77,24.3
07/17/26 17:10:05.379,149700,1015,27.6,62.9,1005,77,24.3
07/17/26 17:10:13.378,150700,1015,27.6,62.9,1005,77,24.3
07/17/26 17:10:21.447,151100,1015,27.6,62.9,1005,77,24.3
07/17/26 17:10:29.457,148400,1015,27.6,62.8,1005,77,24.3
07/17/26 17:10:37.470,150100,1015,27.6,62.8,1005,77,24.3
07/17/26 17:10:45.516,150700,1015,27.6,62.8,1005,77,24.3
07/17/26 17:10:53.700,148700,1015,27.6,62.7,1005,77,24.3
07/17/26 17:11:01.784,149400,1015,27.6,62.7,1005,77,24.3
07/17/26 17:11:09.902,150400,1015,27.6,62.7,1005,77,24.3
07/17/26 17:11:18.023,149100,1015,27.6,62.7,1005,76,24.3
07/17/26 17:11:26.184,149400,1015,27.6,62.7,1005,76,24.3
07/17/26 17:11:34.223,150400,1015,27.6,62.7,1005,77,24.3
07/17/26 17:11:42.241,150700,1015,27.6,62.8,1005,77,24.3
07/17/26 17:11:50.327,149400,1015,27.6,62.8,1005,77,24.3
07/17/26 17:11:58.337,151100,1015,27.6,62.8,1005,77,24.3
07/17/26 17:12:06.431,151100,1015,27.6,62.7,1005,77,24.3
07/17/26 17:12:14.484,149100,1015,27.6,62.7,1005,77,24.3
07/17/26 17:12:22.566,150400,1015,27.6,62.7,1005,77,24.3
07/17/26 17:12:30.753,151400,1015,27.6,62.7,1005,77,24.3
07/17/26 17:12:38.846,149700,1015,27.6,62.6,1005,77,24.3
07/17/26 17:12:46.923,150400,1015,27.6,62.7,1005,77,24.3
07/17/26 17:12:55.022,150400,1015,27.6,62.7,1005,77,24.3
07/17/26 17:13:03.120,150400,1015,27.6,62.7,1005,77,24.3
07/17/26 17:13:11.135,149400,1015,27.6,62.7,1005,77,24.3
07/17/26 17:13:19.214,149700,1015,27.6,62.7,1005,77,24.3
07/17/26 17:13:27.295,151400,1015,27.6,62.7,1005,76,24.3
07/17/26 17:13:35.441,150400,1015,27.6,62.6,1005,76,24.3
07/17/26 17:13:43.622,152100,1015,27.6,62.6,1005,76,24.3
07/17/26 17:13:51.729,152400,1015,27.6,62.6,1005,76,24.3
07/17/26 17:13:59.825,150700,1015,27.6,62.6,1005,76,24.3
07/17/26 17:14:07.890,151100,1015,27.6,62.6,1005,76,24.3
07/17/26 17:14:16.052,151400,1015,27.6,62.6,1005,76,24.3
07/17/26 17:14:24.228,150400,1015,27.6,62.6,1005,76,24.3
07/17/26 17:14:32.326,150400,1015,27.6,62.5,1005,76,24.3
07/17/26 17:14:40.453,151100,1015,27.6,62.6,1005,76,24.3
07/17/26 17:14:48.616,151800,1015,27.6,62.6,1005,76,24.3
07/17/26 17:14:56.758,150100,1015,27.6,62.6,1005,76,24.3
07/17/26 17:15:04.913,151800,1015,27.6,62.5,1005,76,24.3
07/17/26 17:15:13.066,151400,1015,27.6,62.6,1005,76,24.3
07/17/26 17:15:21.321,150400,1015,27.6,62.5,1005,76,24.3
07/17/26 17:15:29.437,150400,1015,27.6,62.5,1005,76,24.3
07/17/26 17:15:37.582,151400,1015,27.6,62.5,1005,76,24.3
07/17/26 17:15:45.722,149700,1015,27.6,62.5,1005,76,24.3
07/17/26 17:15:54.002,150700,1015,27.6,62.5,1005,76,24.3
07/17/26 17:16:02.248,152400,1015,27.6,62.5,1005,76,24.3
07/17/26 17:16:10.481,150400,1015,27.6,62.5,1005,76,24.3
07/17/26 17:16:18.649,150700,1015,27.6,62.5,1005,76,24.3
07/17/26 17:16:26.880,153100,1015,27.6,62.5,1005,76,24.3
07/17/26 17:16:35.039,151800,1015,27.6,62.5,1005,76,24.3
07/17/26 17:16:43.241,151400,1015,27.6,62.5,1005,76,24.3
07/17/26 17:16:51.528,152400,1015,27.6,62.5,1005,76,24.3
07/17/26 17:16:59.802,151800,1015,27.6,62.5,1005,76,24.3
07/17/26 17:17:08.143,151100,1015,27.6,62.5,1005,77,24.3
07/17/26 17:17:16.449,152100,1015,27.6,62.6,1005,77,24.3
07/17/26 17:17:24.729,150700,1015,27.6,62.6,1005,77,24.3
07/17/26 17:17:32.954,150400,1015,27.6,62.7,1005,77,24.3
07/17/26 17:17:41.168,152800,1015,27.6,62.6,1005,77,24.3
07/17/26 17:17:49.455,152400,1015,27.6,62.6,1005,77,24.3
07/17/26 17:17:57.767,152100,1015,27.6,62.6,1005,76,24.3
07/17/26 17:18:05.921,151400,1015,27.6,62.6,1005,76,24.3
07/17/26 17:18:14.229,153100,1015,27.6,62.5,1005,76,24.3
07/17/26 17:18:22.482,150700,1015,27.6,62.5,1005,76,24.3
07/17/26 17:18:30.821,152400,1015,27.6,62.5,1005,76,24.3
07/17/26 17:18:39.052,152100,1015,27.6,62.5,1005,76,24.3
07/17/26 17:18:47.309,150400,1015,27.6,62.4,1005,76,24.3
07/17/26 17:18:55.628,150700,1015,27.6,62.4,1005,76,24.3
07/17/26 17:19:03.991,152400,1015,27.6,62.4,1005,76,24.3
07/17/26 17:19:12.207,151800,1015,27.6,62.4,1005,76,24.3
07/17/26 17:19:20.596,150100,1015,27.6,62.4,1005,76,24.3
07/17/26 17:19:29.018,152100,1015,27.6,62.4,1005,76,24.3
07/17/26 17:19:37.365,151800,1015,27.6,62.4,1005,76,24.3
07/17/26 17:19:45.687,149400,1015,27.6,62.4,1005,76,24.3
07/17/26 17:19:53.950,152100,1015,27.6,62.4,1005,76,24.3
07/17/26 17:20:02.191,151400,1015,27.6,62.4,1005,76,24.3
07/17/26 17:20:10.571,151100,1015,27.6,62.4,1005,76,24.3
07/17/26 17:20:18.926,152400,1015,27.6,62.4,1005,76,24.3
07/17/26 17:20:27.268,150400,1015,27.6,62.5,1005,76,24.3
07/17/26 17:20:35.562,150400,1015,27.6,62.5,1005,76,24.3
07/17/26 17:20:43.956,152400,1015,27.6,62.5,1005,76,24.3
07/17/26 17:20:52.324,152400,1015,27.6,62.5,1005,76,24.3
07/17/26 17:21:00.686,152400,1015,27.6,62.5,1005,76,24.3
07/17/26 17:21:09.073,152400,1015,27.6,62.5,1005,76,24.3
07/17/26 17:21:17.488,154400,1015,27.6,62.5,1005,76,24.3
07/17/26 17:21:25.809,151800,1015,27.6,62.5,1005,76,24.3
07/17/26 17:21:34.246,151800,1015,27.6,62.5,1005,76,24.3
07/17/26 17:21:42.581,152400,1015,27.6,62.5,1005,76,24.3
07/17/26 17:21:50.872,152100,1015,27.6,62.5,1005,76,24.3
07/17/26 17:21:59.300,150700,1015,27.6,62.5,1005,76,24.3
07/17/26 17:22:07.742,152100,1015,27.6,62.5,1005,76,24.3
07/17/26 17:22:16.055,151800,1015,27.6,62.5,1005,76,24.3
07/17/26 17:22:24.404,151800,1015,27.6,62.5,1005,76,24.3
07/17/26 17:22:32.813,152100,1015,27.6,62.5,1005,76,24.3
07/17/26 17:22:41.277,151800,1015,27.6,62.5,1005,76,24.3
07/17/26 17:22:49.643,151100,1015,27.6,62.5,1005,76,24.3
07/17/26 17:22:58.109,152400,1015,27.6,62.5,1005,76,24.3
07/17/26 17:23:06.799,152400,1015,27.6,62.5,1005,76,24.3
07/17/26 17:23:16.009,151800,1015,27.6,62.6,1005,76,24.3
07/17/26 17:23:24.994,152400,1015,27.5,62.6,1005,76,24.3
07/17/26 17:23:34.140,152800,1015,27.6,62.7,1005,76,24.3
07/17/26 17:23:43.234,151400,1015,27.6,62.6,1005,76,24.3
07/17/26 17:23:52.055,152800,1015,27.6,62.6,1005,76,24.3
07/17/26 17:24:01.608,153800,1015,27.6,62.6,1005,76,24.3
07/17/26 17:24:10.887,152400,1015,27.6,62.6,1005,76,24.3
07/17/26 17:24:20.125,153100,1015,27.6,62.5,1005,76,24.3
07/17/26 17:24:29.236,151800,1015,27.6,62.5,1005,76,24.3
07/17/26 17:24:38.368,151400,1015,27.6,62.5,1005,76,24.3
07/17/26 17:24:47.402,153400,1015,27.6,62.5,1005,76,24.3
07/17/26 17:24:56.404,151100,1015,27.6,62.5,1005,76,24.3
07/17/26 17:25:05.516,152400,1015,27.6,62.5,1005,76,24.3
07/17/26 17:25:14.747,154100,1015,27.6,62.5,1005,76,24.3
07/17/26 17:25:23.790,151400,1015,27.6,62.5,1005,76,24.3
07/17/26 17:25:32.801,151100,1015,27.6,62.5,1005,76,24.3
07/17/26 17:25:41.967,150400,1015,27.5,62.6,1005,76,24.3
07/17/26 17:25:51.131,151800,1015,27.5,62.6,1005,76,24.3
07/17/26 17:26:00.163,152400,1015,27.5,62.5,1005,76,24.3
07/17/26 17:26:09.310,152400,1015,27.5,62.5,1005,76,24.3
07/17/26 17:26:18.379,152100,1015,27.5,62.6,1005,76,24.3
07/17/26 17:26:27.480,152400,1015,27.5,62.6,1005,76,24.3
07/17/26 17:26:36.533,153100,1015,27.5,62.5,1005,76,24.3
07/17/26 17:26:45.675,151800,1015,27.5,62.5,1005,76,24.3
07/17/26 17:26:54.801,152400,1015,27.6,62.4,1005,76,24.3
07/17/26 17:27:03.983,151100,1015,27.6,62.4,1005,76,24.3
07/17/26 17:27:13.180,151400,1015,27.5,62.4,1005,76,24.3
07/17/26 17:27:22.390,151800,1015,27.6,62.4,1005,76,24.3
07/17/26 17:27:31.488,151800,1015,27.6,62.3,1005,76,24.3
07/17/26 17:27:40.692,151400,1015,27.6,62.3,1005,76,24.3
07/17/26 17:27:49.838,153400,1015,27.6,62.3,1005,76,24.3
07/17/26 17:27:58.967,151800,1015,27.6,62.3,1005,76,24.3
