Raw data,,,C0,39900,time (s),time (mins),CO2,C/C0,C (%),1-C/C0,Integration,,Unit conversion,,,
11:30:02 AM,0,3948262201.99,,0.0399,0,0.0,0,0.0000,0.00,1.0000,,,P,101325,Pa,
11:30:07 AM,0,3948262207.00,,,5,0.1,0,0.0000,0.00,1.0000,0.0835,,R,8.314,J/molK,
11:30:12 AM,0,3948262212.00,,,10,0.2,0,0.0000,0.00,1.0000,0.0832,,v,50,ml/min,
11:30:17 AM,0,3948262217.00,,,15,0.3,0,0.0000,0.00,1.0000,0.0833,,T,296.15,K,
11:30:22 AM,0,3948262222.00,,,20,0.3,0,0.0000,0.00,1.0000,0.0835,,PV/RT,2057.618517,,
11:30:27 AM,0,3948262227.00,,,25,0.4,0,0.0000,0.00,1.0000,0.0833,,,,,
11:30:32 AM,0,3948262232.00,,,30,0.5,0,0.0000,0.00,1.0000,0.0833,,,,,
11:30:37 AM,0,3948262237.00,,,35,0.6,0,0.0000,0.00,1.0000,0.0834,,,,,
11:30:42 AM,0,3948262242.00,,,40,0.7,0,0.0000,0.00,1.0000,0.0832,,,,,
11:30:47 AM,0,3948262247.00,,,45,0.8,0,0.0000,0.00,1.0000,0.0834,,,,,
11:30:52 AM,0,3948262252.00,,,50,0.8,0,0.0000,0.00,1.0000,0.0833,,,,,
11:30:57 AM,0,3948262257.00,,,55,0.9,0,0.0000,0.00,1.0000,0.0834,,,,,
11:31:02 AM,0,3948262262.00,,,60,1.0,0,0.0000,0.00,1.0000,0.0833,,,,,
11:31:07 AM,0,3948262267.00,,,65,1.1,0,0.0000,0.00,1.0000,0.0833,,,,,
11:31:12 AM,0,3948262272.00,,,70,1.2,0,0.0000,0.00,1.0000,0.0834,,,,,
11:31:17 AM,0,3948262277.00,,,75,1.3,0,0.0000,0.00,1.0000,0.0832,,,,,
11:31:22 AM,0,3948262282.00,,,80,1.3,0,0.0000,0.00,1.0000,0.0835,,,,,
11:31:27 AM,0,3948262287.00,,,85,1.4,0,0.0000,0.00,1.0000,0.0833,,,,,
11:31:32 AM,0,3948262292.00,,,90,1.5,0,0.0000,0.00,1.0000,0.0833,,,,,
11:31:37 AM,0,3948262297.00,,,95,1.6,0,0.0000,0.00,1.0000,0.0834,,,,,
11:31:42 AM,0,3948262302.00,,,100,1.7,0,0.0000,0.00,1.0000,0.0833,,,,,
11:31:47 AM,0,3948262307.00,,,105,1.8,0,0.0000,0.00,1.0000,0.0833,,,,,
11:31:52 AM,0,3948262312.00,,,110,1.8,0,0.0000,0.00,1.0000,0.0833,,,,,
11:31:57 AM,0,3948262316.99,,,115,1.9,0,0.0000,0.00,1.0000,0.0832,,,,,
11:32:02 AM,0,3948262322.00,,,120,2.0,0,0.0000,0.00,1.0000,0.0835,,,,,
11:32:07 AM,0,3948262327.00,,,125,2.1,0,0.0000,0.00,1.0000,0.0834,,,,,
11:32:12 AM,0,3948262332.00,,,130,2.2,0,0.0000,0.00,1.0000,0.0832,,,,,
11:32:17 AM,0,3948262337.00,,,135,2.3,0,0.0000,0.00,1.0000,0.0834,,,,,
11:32:22 AM,0,3948262342.00,,,140,2.3,0,0.0000,0.00,1.0000,0.0833,,,,,
11:32:27 AM,0,3948262347.00,,,145,2.4,0,0.0000,0.00,1.0000,0.0834,,,,,
11:32:32 AM,0,3948262352.00,,,150,2.5,0,0.0000,0.00,1.0000,0.0833,,,,,
11:32:37 AM,0,3948262357.00,,,155,2.6,0,0.0000,0.00,1.0000,0.0833,,,,,
11:32:42 AM,0,3948262362.00,,,160,2.7,0,0.0000,0.00,1.0000,0.0834,,,,,
11:32:47 AM,0,3948262367.00,,,165,2.8,0,0.0000,0.00,1.0000,0.0833,,,,,
11:32:52 AM,0,3948262372.00,,,170,2.8,0,0.0000,0.00,1.0000,0.0834,,,,,
11:32:57 AM,0,3948262377.00,,,175,2.9,0,0.0000,0.00,1.0000,0.0833,,,,,
11:33:02 AM,0,3948262382.00,,,180,3.0,0,0.0000,0.00,1.0000,0.0833,,,,,
11:33:07 AM,0,3948262387.00,,,185,3.1,0,0.0000,0.00,1.0000,0.0833,,,,,
11:33:12 AM,0,3948262392.00,,,190,3.2,0,0.0000,0.00,1.0000,0.0833,,,,,
11:33:17 AM,0,3948262397.00,,,195,3.3,0,0.0000,0.00,1.0000,0.0833,,,,,
11:33:22 AM,0,3948262402.00,,,200,3.3,0,0.0000,0.00,1.0000,0.0833,,,,,
11:33:27 AM,0,3948262407.00,,,205,3.4,0,0.0000,0.00,1.0000,0.0834,,,,,
11:33:32 AM,0,3948262412.01,,,210,3.5,0,0.0000,0.00,1.0000,0.0834,,,,,
11:33:37 AM,0,3948262417.00,,,215,3.6,0,0.0000,0.00,1.0000,0.0832,,,,,
11:33:42 AM,0,3948262422.00,,,220,3.7,0,0.0000,0.00,1.0000,0.0833,,,,,
11:33:47 AM,0,3948262427.00,,,225,3.8,0,0.0000,0.00,1.0000,0.0834,,,,,
11:33:52 AM,0,3948262432.00,,,230,3.8,0,0.0000,0.00,1.0000,0.0833,,,,,
11:33:57 AM,0,3948262437.00,,,235,3.9,0,0.0000,0.00,1.0000,0.0834,,,,,
11:34:02 AM,0,3948262442.01,,,240,4.0,0,0.0000,0.00,1.0000,0.0834,,,,,
11:34:07 AM,0,3948262447.00,,,245,4.1,0,0.0000,0.00,1.0000,0.0833,,,,,
11:34:12 AM,0,3948262452.01,,,250,4.2,0,0.0000,0.00,1.0000,0.0834,,,,,
11:34:17 AM,0,3948262457.00,,,255,4.3,0,0.0000,0.00,1.0000,0.0833,,,,,
11:34:22 AM,0,3948262462.00,,,260,4.3,0,0.0000,0.00,1.0000,0.0833,,,,,
11:34:27 AM,0,3948262467.00,,,265,4.4,0,0.0000,0.00,1.0000,0.0833,,,,,
11:34:32 AM,0,3948262472.00,,,270,4.5,0,0.0000,0.00,1.0000,0.0832,,,,,
11:34:37 AM,0,3948262477.00,,,275,4.6,0,0.0000,0.00,1.0000,0.0834,,,,,
11:34:42 AM,0,3948262482.00,,,280,4.7,0,0.0000,0.00,1.0000,0.0833,,,,,
11:34:47 AM,0,3948262487.00,,,285,4.8,0,0.0000,0.00,1.0000,0.0833,,,,,
11:34:52 AM,0,3948262492.00,,,290,4.8,0,0.0000,0.00,1.0000,0.0833,,,,,
11:34:57 AM,0,3948262497.01,,,295,4.9,0,0.0000,0.00,1.0000,0.0835,,,,,
11:35:02 AM,0,3948262502.00,,,300,5.0,0,0.0000,0.00,1.0000,0.0833,,,,,
11:35:07 AM,0,3948262507.00,,,305,5.1,0,0.0000,0.00,1.0000,0.0833,,,,,
11:35:12 AM,0,3948262512.01,,,310,5.2,0,0.0000,0.00,1.0000,0.0834,,,,,
11:35:17 AM,0,3948262517.00,,,315,5.3,0,0.0000,0.00,1.0000,0.0832,,,,,
11:35:22 AM,0,3948262522.01,,,320,5.3,0,0.0000,0.00,1.0000,0.0835,,,,,
11:35:27 AM,0,3948262527.00,,,325,5.4,0,0.0000,0.00,1.0000,0.0832,,,,,
11:35:32 AM,0,3948262532.00,,,330,5.5,0,0.0000,0.00,1.0000,0.0834,,,,,
11:35:37 AM,0,3948262537.00,,,335,5.6,0,0.0000,0.00,1.0000,0.0833,,,,,
11:35:42 AM,0,3948262542.00,,,340,5.7,0,0.0000,0.00,1.0000,0.0834,,,,,
11:35:47 AM,0,3948262547.01,,,345,5.8,0,0.0000,0.00,1.0000,0.0834,,,,,
11:35:52 AM,0,3948262552.00,,,350,5.8,0,0.0000,0.00,1.0000,0.0833,,,,,
11:35:57 AM,0,3948262557.00,,,355,5.9,0,0.0000,0.00,1.0000,0.0833,,,,,
11:36:02 AM,0,3948262562.00,,,360,6.0,0,0.0000,0.00,1.0000,0.0833,,,,,
11:36:07 AM,0,3948262567.01,,,365,6.1,0,0.0000,0.00,1.0000,0.0834,,,,,
11:36:12 AM,0,3948262572.00,,,370,6.2,0,0.0000,0.00,1.0000,0.0832,,,,,
11:36:17 AM,0,3948262577.00,,,375,6.3,0,0.0000,0.00,1.0000,0.0833,,,,,
11:36:22 AM,0,3948262582.00,,,380,6.3,0,0.0000,0.00,1.0000,0.0833,,,,,
11:36:27 AM,0,3948262587.00,,,385,6.4,0,0.0000,0.00,1.0000,0.0834,,,,,
11:36:32 AM,0,3948262592.00,,,390,6.5,0,0.0000,0.00,1.0000,0.0833,,,,,
11:36:37 AM,0,3948262597.00,,,395,6.6,0,0.0000,0.00,1.0000,0.0833,,,,,
11:36:42 AM,0,3948262602.00,,,400,6.7,0,0.0000,0.00,1.0000,0.0833,,,,,
11:36:47 AM,0,3948262607.01,,,405,6.8,0,0.0000,0.00,1.0000,0.0834,,,,,
11:36:52 AM,0,3948262612.00,,,410,6.8,0,0.0000,0.00,1.0000,0.0833,,,,,
11:36:57 AM,0,3948262616.99,,,415,6.9,0,0.0000,0.00,1.0000,0.0832,,,,,
11:37:02 AM,0,3948262622.01,,,420,7.0,0,0.0000,0.00,1.0000,0.0836,,,,,
11:37:07 AM,0,3948262627.00,,,425,7.1,0,0.0000,0.00,1.0000,0.0833,,,,,
11:37:12 AM,0,3948262632.00,,,430,7.2,0,0.0000,0.00,1.0000,0.0834,,,,,
11:37:17 AM,0,3948262637.00,,,435,7.3,0,0.0000,0.00,1.0000,0.0833,,,,,
11:37:22 AM,0,3948262642.01,,,440,7.3,0,0.0000,0.00,1.0000,0.0833,,,,,
11:37:27 AM,0,3948262647.00,,,445,7.4,0,0.0000,0.00,1.0000,0.0832,,,,,
11:37:32 AM,0,3948262652.00,,,450,7.5,0,0.0000,0.00,1.0000,0.0834,,,,,
11:37:37 AM,0,3948262657.00,,,455,7.6,0,0.0000,0.00,1.0000,0.0833,,,,,
11:37:42 AM,0,3948262662.01,,,460,7.7,0,0.0000,0.00,1.0000,0.0835,,,,,
11:37:47 AM,0,3948262667.00,,,465,7.8,0,0.0000,0.00,1.0000,0.0832,,,,,
11:37:52 AM,0,3948262672.01,,,470,7.8,0,0.0000,0.00,1.0000,0.0834,,,,,
11:37:57 AM,0,3948262677.01,,,475,7.9,0,0.0000,0.00,1.0000,0.0833,,,,,
11:38:02 AM,0,3948262682.01,,,480,8.0,0,0.0000,0.00,1.0000,0.0833,,,,,
11:38:07 AM,0,3948262687.01,,,485,8.1,0,0.0000,0.00,1.0000,0.0834,,,,,
11:38:12 AM,0,3948262692.00,,,490,8.2,0,0.0000,0.00,1.0000,0.0832,,,,,
11:38:17 AM,0,3948262697.00,,,495,8.3,0,0.0000,0.00,1.0000,0.0833,,,,,
11:38:22 AM,0,3948262702.00,,,500,8.3,0,0.0000,0.00,1.0000,0.0833,,,,,
11:38:27 AM,0,3948262707.00,,,505,8.4,0,0.0000,0.00,1.0000,0.0834,,,,,
11:38:32 AM,0,3948262712.00,,,510,8.5,0,0.0000,0.00,1.0000,0.0834,,,,,
11:38:37 AM,0,3948262717.00,,,515,8.6,0,0.0000,0.00,1.0000,0.0834,,,,,
11:38:42 AM,0,3948262722.00,,,520,8.7,0,0.0000,0.00,1.0000,0.0832,,,,,
11:38:47 AM,0,3948262727.00,,,525,8.8,0,0.0000,0.00,1.0000,0.0834,,,,,
11:38:52 AM,0,3948262732.00,,,530,8.8,0,0.0000,0.00,1.0000,0.0834,,,,,
11:38:57 AM,0,3948262737.01,,,535,8.9,0,0.0000,0.00,1.0000,0.0834,,,,,
11:39:02 AM,0,3948262742.01,,,540,9.0,0,0.0000,0.00,1.0000,0.0833,,,,,
11:39:07 AM,0,3948262747.00,,,545,9.1,0,0.0000,0.00,1.0000,0.0832,,,,,
11:39:12 AM,0,3948262752.01,,,550,9.2,0,0.0000,0.00,1.0000,0.0834,,,,,
11:39:17 AM,0,3948262757.00,,,555,9.3,0,0.0000,0.00,1.0000,0.0832,,,,,
11:39:22 AM,0,3948262762.01,,,560,9.3,0,0.0000,0.00,1.0000,0.0834,,,,,
11:39:27 AM,0,3948262767.01,,,565,9.4,0,0.0000,0.00,1.0000,0.0834,,,,,
11:39:32 AM,0,3948262772.01,,,570,9.5,0,0.0000,0.00,1.0000,0.0833,,,,,
11:39:37 AM,0,3948262777.01,,,575,9.6,0,0.0000,0.00,1.0000,0.0833,,,,,
11:39:42 AM,0,3948262782.00,,,580,9.7,0,0.0000,0.00,1.0000,0.0833,,,,,
11:39:47 AM,0,3948262787.00,,,585,9.8,0,0.0000,0.00,1.0000,0.0833,,,,,
11:39:52 AM,0,3948262792.00,,,590,9.8,0,0.0000,0.00,1.0000,0.0833,,,,,
11:39:57 AM,0,3948262797.01,,,595,9.9,0,0.0000,0.00,1.0000,0.0834,,,,,
11:40:02 AM,0,3948262802.00,,,600,10.0,0,0.0000,0.00,1.0000,0.0832,,,,,
11:40:07 AM,0,3948262807.01,,,605,10.1,0,0.0000,0.00,1.0000,0.0835,,,,,
11:40:12 AM,0,3948262812.01,,,610,10.2,0,0.0000,0.00,1.0000,0.0834,,,,,
11:40:17 AM,0,3948262817.00,,,615,10.3,0,0.0000,0.00,1.0000,0.0833,,,,,
11:40:22 AM,0,3948262822.01,,,620,10.3,0,0.0000,0.00,1.0000,0.0834,,,,,
11:40:27 AM,0,3948262827.00,,,625,10.4,0,0.0000,0.00,1.0000,0.0832,,,,,
11:40:32 AM,0,3948262832.01,,,630,10.5,0,0.0000,0.00,1.0000,0.0835,,,,,
11:40:37 AM,0,3948262837.00,,,635,10.6,0,0.0000,0.00,1.0000,0.0833,,,,,
11:40:42 AM,0,3948262842.00,,,640,10.7,0,0.0000,0.00,1.0000,0.0833,,,,,
11:40:47 AM,0,3948262847.01,,,645,10.8,0,0.0000,0.00,1.0000,0.0834,,,,,
11:40:52 AM,0,3948262852.00,,,650,10.8,0,0.0000,0.00,1.0000,0.0833,,,,,
11:40:57 AM,0,3948262856.99,,,655,10.9,0,0.0000,0.00,1.0000,0.0832,,,,,
11:41:02 AM,0,3948262862.00,,,660,11.0,0,0.0000,0.00,1.0000,0.0834,,,,,
11:41:07 AM,0,3948262867.00,,,665,11.1,0,0.0000,0.00,1.0000,0.0834,,,,,
11:41:12 AM,0,3948262872.01,,,670,11.2,0,0.0000,0.00,1.0000,0.0834,,,,,
11:41:17 AM,0,3948262877.00,,,675,11.3,0,0.0000,0.00,1.0000,0.0832,,,,,
11:41:22 AM,0,3948262882.01,,,680,11.3,0,0.0000,0.00,1.0000,0.0834,,,,,
11:41:27 AM,0,3948262887.00,,,685,11.4,0,0.0000,0.00,1.0000,0.0832,,,,,
11:41:32 AM,0,3948262892.01,,,690,11.5,0,0.0000,0.00,1.0000,0.0835,,,,,
11:41:37 AM,0,3948262897.00,,,695,11.6,0,0.0000,0.00,1.0000,0.0833,,,,,
11:41:42 AM,0,3948262902.01,,,700,11.7,0,0.0000,0.00,1.0000,0.0834,,,,,
11:41:47 AM,0,3948262907.01,,,705,11.8,0,0.0000,0.00,1.0000,0.0833,,,,,
11:41:52 AM,0,3948262912.00,,,710,11.8,0,0.0000,0.00,1.0000,0.0833,,,,,
11:41:57 AM,0,3948262917.00,,,715,11.9,0,0.0000,0.00,1.0000,0.0833,,,,,
11:42:02 AM,0,3948262922.01,,,720,12.0,0,0.0000,0.00,1.0000,0.0834,,,,,
11:42:07 AM,0,3948262927.01,,,725,12.1,0,0.0000,0.00,1.0000,0.0834,,,,,
11:42:12 AM,0,3948262932.01,,,730,12.2,0,0.0000,0.00,1.0000,0.0833,,,,,
11:42:17 AM,0,3948262937.01,,,735,12.3,0,0.0000,0.00,1.0000,0.0834,,,,,
11:42:22 AM,0,3948262942.01,,,740,12.3,0,0.0000,0.00,1.0000,0.0833,,,,,
11:42:27 AM,0,3948262947.01,,,745,12.4,0,0.0000,0.00,1.0000,0.0833,,,,,
11:42:32 AM,0,3948262952.00,,,750,12.5,0,0.0000,0.00,1.0000,0.0833,,,,,
11:42:37 AM,0,3948262957.01,,,755,12.6,0,0.0000,0.00,1.0000,0.0834,,,,,
11:42:42 AM,0,3948262962.01,,,760,12.7,0,0.0000,0.00,1.0000,0.0833,,,,,
11:42:47 AM,0,3948262967.00,,,765,12.8,0,0.0000,0.00,1.0000,0.0833,,,,,
11:42:52 AM,0,3948262972.01,,,770,12.8,0,0.0000,0.00,1.0000,0.0835,,,,,
11:42:57 AM,0,3948262977.01,,,775,12.9,0,0.0000,0.00,1.0000,0.0833,,,,,
11:43:02 AM,0,3948262982.01,,,780,13.0,0,0.0000,0.00,1.0000,0.0833,,,,,
11:43:07 AM,0,3948262987.01,,,785,13.1,0,0.0000,0.00,1.0000,0.0834,,,,,
11:43:12 AM,0,3948262992.00,,,790,13.2,0,0.0000,0.00,1.0000,0.0831,,,,,
11:43:17 AM,0,3948262997.01,,,795,13.3,0,0.0000,0.00,1.0000,0.0835,,,,,
11:43:22 AM,0,3948263002.00,,,800,13.3,0,0.0000,0.00,1.0000,0.0832,,,,,
11:43:27 AM,0,3948263007.01,,,805,13.4,0,0.0000,0.00,1.0000,0.0835,,,,,
11:43:32 AM,0,3948263012.01,,,810,13.5,0,0.0000,0.00,1.0000,0.0833,,,,,
11:43:37 AM,0,3948263017.01,,,815,13.6,0,0.0000,0.00,1.0000,0.0833,,,,,
11:43:42 AM,0,3948263022.00,,,820,13.7,0,0.0000,0.00,1.0000,0.0831,,,,,
11:43:47 AM,0,3948263027.01,,,825,13.8,0,0.0000,0.00,1.0000,0.0835,,,,,
11:43:52 AM,0,3948263032.00,,,830,13.8,0,0.0000,0.00,1.0000,0.0832,,,,,
11:43:57 AM,0,3948263037.00,,,835,13.9,0,0.0000,0.00,1.0000,0.0834,,,,,
11:44:02 AM,0,3948263042.00,,,840,14.0,0,0.0000,0.00,1.0000,0.0833,,,,,
11:44:07 AM,0,3948263047.00,,,845,14.1,0,0.0000,0.00,1.0000,0.0834,,,,,
11:44:12 AM,0,3948263052.00,,,850,14.2,0,0.0000,0.00,1.0000,0.0833,,,,,
11:44:17 AM,0,3948263057.00,,,855,14.3,0,0.0000,0.00,1.0000,0.0832,,,,,
11:44:22 AM,0,3948263062.00,,,860,14.3,0,0.0000,0.00,1.0000,0.0833,,,,,
11:44:27 AM,0,3948263067.01,,,865,14.4,0,0.0000,0.00,1.0000,0.0835,,,,,
11:44:32 AM,0,3948263072.00,,,870,14.5,0,0.0000,0.00,1.0000,0.0832,,,,,
11:44:37 AM,0,3948263077.00,,,875,14.6,0,0.0000,0.00,1.0000,0.0833,,,,,
11:44:42 AM,0,3948263082.00,,,880,14.7,0,0.0000,0.00,1.0000,0.0834,,,,,
11:44:47 AM,0,3948263087.01,,,885,14.8,0,0.0000,0.00,1.0000,0.0834,,,,,
11:44:52 AM,0,3948263092.01,,,890,14.8,0,0.0000,0.00,1.0000,0.0833,,,,,
11:44:57 AM,0,3948263097.01,,,895,14.9,0,0.0000,0.00,1.0000,0.0833,,,,,
11:45:02 AM,0,3948263102.01,,,900,15.0,0,0.0000,0.00,1.0000,0.0834,,,,,
11:45:07 AM,0,3948263107.01,,,905,15.1,0,0.0000,0.00,1.0000,0.0833,,,,,
11:45:12 AM,0,3948263112.01,,,910,15.2,0,0.0000,0.00,1.0000,0.0834,,,,,
11:45:17 AM,0,3948263117.01,,,915,15.3,0,0.0000,0.00,1.0000,0.0833,,,,,
11:45:22 AM,0,3948263122.00,,,920,15.3,0,0.0000,0.00,1.0000,0.0832,,,,,
11:45:27 AM,0,3948263127.01,,,925,15.4,0,0.0000,0.00,1.0000,0.0834,,,,,
11:45:32 AM,0,3948263132.01,,,930,15.5,0,0.0000,0.00,1.0000,0.0834,,,,,
11:45:37 AM,0,3948263137.00,,,935,15.6,0,0.0000,0.00,1.0000,0.0832,,,,,
11:45:42 AM,0,3948263142.00,,,940,15.7,0,0.0000,0.00,1.0000,0.0833,,,,,
11:45:47 AM,0,3948263147.00,,,945,15.8,0,0.0000,0.00,1.0000,0.0834,,,,,
11:45:52 AM,0,3948263152.00,,,950,15.8,0,0.0000,0.00,1.0000,0.0833,,,,,
11:45:57 AM,0,3948263157.00,,,955,15.9,0,0.0000,0.00,1.0000,0.0833,,,,,
11:46:02 AM,0,3948263162.01,,,960,16.0,0,0.0000,0.00,1.0000,0.0835,,,,,
11:46:07 AM,0,3948263167.01,,,965,16.1,0,0.0000,0.00,1.0000,0.0833,,,,,
11:46:12 AM,0,3948263172.01,,,970,16.2,0,0.0000,0.00,1.0000,0.0833,,,,,
11:46:17 AM,0,3948263177.01,,,975,16.3,0,0.0000,0.00,1.0000,0.0833,,,,,
11:46:22 AM,0,3948263182.00,,,980,16.3,0,0.0000,0.00,1.0000,0.0833,,,,,
11:46:27 AM,0,3948263187.01,,,985,16.4,0,0.0000,0.00,1.0000,0.0835,,,,,
11:46:32 AM,0,3948263192.01,,,990,16.5,0,0.0000,0.00,1.0000,0.0833,,,,,
11:46:37 AM,0,3948263197.01,,,995,16.6,0,0.0000,0.00,1.0000,0.0832,,,,,
11:46:42 AM,0,3948263202.00,,,1000,16.7,0,0.0000,0.00,1.0000,0.0832,,,,,
11:46:47 AM,0,3948263207.00,,,1005,16.8,0,0.0000,0.00,1.0000,0.0834,,,,,
11:46:52 AM,0,3948263212.00,,,1010,16.8,0,0.0000,0.00,1.0000,0.0834,,,,,
11:46:57 AM,0,3948263217.01,,,1015,16.9,0,0.0000,0.00,1.0000,0.0834,,,,,
11:47:02 AM,0,3948263222.00,,,1020,17.0,0,0.0000,0.00,1.0000,0.0832,,,,,
11:47:07 AM,0,3948263227.01,,,1025,17.1,0,0.0000,0.00,1.0000,0.0834,,,,,
11:47:12 AM,0,3948263232.01,,,1030,17.2,0,0.0000,0.00,1.0000,0.0834,,,,,
11:47:17 AM,0,3948263237.01,,,1035,17.3,0,0.0000,0.00,1.0000,0.0832,,,,,
11:47:22 AM,0,3948263242.01,,,1040,17.3,0,0.0000,0.00,1.0000,0.0834,,,,,
11:47:27 AM,0,3948263247.01,,,1045,17.4,0,0.0000,0.00,1.0000,0.0833,,,,,
11:47:32 AM,0,3948263252.01,,,1050,17.5,0,0.0000,0.00,1.0000,0.0833,,,,,
11:47:37 AM,0,3948263257.00,,,1055,17.6,0,0.0000,0.00,1.0000,0.0833,,,,,
11:47:42 AM,0,3948263262.00,,,1060,17.7,0,0.0000,0.00,1.0000,0.0833,,,,,
11:47:47 AM,0,3948263267.01,,,1065,17.8,0,0.0000,0.00,1.0000,0.0835,,,,,
11:47:52 AM,0,3948263272.01,,,1070,17.8,0,0.0000,0.00,1.0000,0.0834,,,,,
11:47:57 AM,0,3948263277.01,,,1075,17.9,0,0.0000,0.00,1.0000,0.0833,,,,,
11:48:02 AM,0,3948263282.01,,,1080,18.0,0,0.0000,0.00,1.0000,0.0833,,,,,
11:48:07 AM,0,3948263287.01,,,1085,18.1,0,0.0000,0.00,1.0000,0.0833,,,,,
11:48:12 AM,0,3948263292.01,,,1090,18.2,0,0.0000,0.00,1.0000,0.0833,,,,,
11:48:17 AM,0,3948263297.00,,,1095,18.3,0,0.0000,0.00,1.0000,0.0832,,,,,
11:48:22 AM,0,3948263302.01,,,1100,18.3,0,0.0000,0.00,1.0000,0.0835,,,,,
11:48:27 AM,0,3948263307.01,,,1105,18.4,0,0.0000,0.00,1.0000,0.0833,,,,,
11:48:32 AM,0,3948263312.01,,,1110,18.5,0,0.0000,0.00,1.0000,0.0834,,,,,
11:48:37 AM,0,3948263317.01,,,1115,18.6,0,0.0000,0.00,1.0000,0.0833,,,,,
11:48:42 AM,0,3948263322.01,,,1120,18.7,0,0.0000,0.00,1.0000,0.0834,,,,,
11:48:47 AM,0,3948263327.00,,,1125,18.8,0,0.0000,0.00,1.0000,0.0831,,,,,
11:48:52 AM,0,3948263332.01,,,1130,18.8,0,0.0000,0.00,1.0000,0.0836,,,,,
11:48:57 AM,0,3948263337.00,,,1135,18.9,0,0.0000,0.00,1.0000,0.0832,,,,,
11:49:02 AM,100,3948263342.01,,,1140,19.0,100,0.0025,0.01,0.9975,0.0832,,,,,
11:49:07 AM,200,3948263347.01,,,1145,19.1,200,0.0050,0.02,0.9950,0.0830,,,,,
11:49:12 AM,300,3948263352.00,,,1150,19.2,300,0.0075,0.03,0.9925,0.0825,,,,,
11:49:17 AM,500,3948263357.01,,,1155,19.3,500,0.0125,0.05,0.9875,0.0825,,,,,
11:49:22 AM,600,3948263362.01,,,1160,19.3,600,0.0150,0.06,0.9850,0.0820,,,,,
11:49:27 AM,700,3948263367.01,,,1165,19.4,700,0.0175,0.07,0.9825,0.0819,,,,,
11:49:32 AM,900,3948263372.01,,,1170,19.5,900,0.0226,0.09,0.9774,0.0816,,,,,
11:49:37 AM,1200,3948263377.01,,,1175,19.6,1200,0.0301,0.12,0.9699,0.0807,,,,,
11:49:42 AM,1500,3948263382.01,,,1180,19.7,1500,0.0376,0.15,0.9624,0.0802,time,0.05,1995,0.001995,0.95
11:49:47 AM,2000,3948263387.01,,,1185,19.8,2000,0.0501,0.20,0.9499,0.0792,19.75,0.95,0.08,,
11:49:52 AM,2300,3948263392.01,,,1190,19.8,2300,0.0576,0.23,0.9424,0.0785,17.85,19.73,,,
11:49:57 AM,2900,3948263397.01,,,1195,19.9,2900,0.0727,0.29,0.9273,0.0773,,,,,
11:50:02 AM,3500,3948263402.01,,,1200,20.0,3500,0.0877,0.35,0.9123,0.0761,,,,,
11:50:07 AM,4200,3948263407.01,,,1205,20.1,4200,0.1053,0.42,0.8947,0.0745,,,,,
11:50:12 AM,4800,3948263412.00,,,1210,20.2,4800,0.1203,0.48,0.8797,0.0732,,,,,
11:50:17 AM,5400,3948263417.00,,,1215,20.3,5400,0.1353,0.54,0.8647,0.0721,,,,,
11:50:22 AM,5900,3948263422.01,,,1220,20.3,5900,0.1479,0.59,0.8521,0.0712,,,,,
11:50:27 AM,6500,3948263427.01,,,1225,20.4,6500,0.1629,0.65,0.8371,0.0697,,,,,
11:50:32 AM,7100,3948263432.01,,,1230,20.5,7100,0.1779,0.71,0.8221,0.0685,,,,,
11:50:37 AM,7600,3948263437.01,,,1235,20.6,7600,0.1905,0.76,0.8095,0.0675,,,,,
11:50:42 AM,8100,3948263442.01,,,1240,20.7,8100,0.2030,0.81,0.7970,0.0664,,,,,
11:50:47 AM,8600,3948263447.00,,,1245,20.8,8600,0.2155,0.86,0.7845,0.0653,,,,,
11:50:52 AM,9200,3948263452.00,,,1250,20.8,9200,0.2306,0.92,0.7694,0.0641,,,,,
11:50:57 AM,9600,3948263457.00,,,1255,20.9,9600,0.2406,0.96,0.7594,0.0633,,,,,
11:51:02 AM,9900,3948263462.01,,,1260,21.0,9900,0.2481,0.99,0.7519,0.0628,,,,,
11:51:07 AM,10300,3948263467.01,,,1265,21.1,10300,0.2581,1.03,0.7419,0.0618,,,,,
11:51:12 AM,10900,3948263472.01,,,1270,21.2,10900,0.2732,1.09,0.7268,0.0606,,,,,
11:51:17 AM,11400,3948263477.01,,,1275,21.3,11400,0.2857,1.14,0.7143,0.0595,,,,,
11:51:22 AM,11900,3948263482.01,,,1280,21.3,11900,0.2982,1.19,0.7018,0.0585,,,,,
11:51:27 AM,12200,3948263487.01,,,1285,21.4,12200,0.3058,1.22,0.6942,0.0579,,,,,
11:51:32 AM,12600,3948263492.00,,,1290,21.5,12600,0.3158,1.26,0.6842,0.0569,,,,,
11:51:37 AM,13000,3948263497.01,,,1295,21.6,13000,0.3258,1.30,0.6742,0.0562,,,,,
11:51:42 AM,13500,3948263502.01,,,1300,21.7,13500,0.3383,1.35,0.6617,0.0551,,,,,
11:51:47 AM,13900,3948263507.00,,,1305,21.8,13900,0.3484,1.39,0.6516,0.0543,,,,,
11:51:52 AM,14300,3948263512.00,,,1310,21.8,14300,0.3584,1.43,0.6416,0.0534,,,,,
11:51:57 AM,14800,3948263517.01,,,1315,21.9,14800,0.3709,1.48,0.6291,0.0525,,,,,
11:52:02 AM,15200,3948263522.01,,,1320,22.0,15200,0.3810,1.52,0.6190,0.0515,,,,,
11:52:07 AM,15500,3948263527.01,,,1325,22.1,15500,0.3885,1.55,0.6115,0.0510,,,,,
11:52:12 AM,15800,3948263532.01,,,1330,22.2,15800,0.3960,1.58,0.6040,0.0504,,,,,
11:52:17 AM,16200,3948263537.01,,,1335,22.3,16200,0.4060,1.62,0.5940,0.0494,,,,,
11:52:22 AM,16500,3948263542.01,,,1340,22.3,16500,0.4135,1.65,0.5865,0.0489,,,,,
11:52:27 AM,16700,3948263547.01,,,1345,22.4,16700,0.4185,1.67,0.5815,0.0485,,,,,
11:52:32 AM,17000,3948263552.00,,,1350,22.5,17000,0.4261,1.70,0.5739,0.0477,,,,,
11:52:37 AM,17400,3948263557.00,,,1355,22.6,17400,0.4361,1.74,0.5639,0.0470,,,,,
11:52:42 AM,17700,3948263562.01,,,1360,22.7,17700,0.4436,1.77,0.5564,0.0464,,,,,
11:52:47 AM,18000,3948263567.01,,,1365,22.8,18000,0.4511,1.80,0.5489,0.0458,,,,,
11:52:52 AM,18100,3948263572.01,,,1370,22.8,18100,0.4536,1.81,0.5464,0.0455,,,,,
11:52:57 AM,18600,3948263577.01,,,1375,22.9,18600,0.4662,1.86,0.5338,0.0445,,,,,
11:53:02 AM,18900,3948263582.01,,,1380,23.0,18900,0.4737,1.89,0.5263,0.0438,,,,,
11:53:07 AM,19200,3948263587.00,,,1385,23.1,19200,0.4812,1.92,0.5188,0.0432,,,,,
11:53:12 AM,19400,3948263592.00,,,1390,23.2,19400,0.4862,1.94,0.5138,0.0428,,,,,
11:53:17 AM,19600,3948263597.00,,,1395,23.3,19600,0.4912,1.96,0.5088,0.0424,,,,,
11:53:22 AM,19800,3948263602.01,,,1400,23.3,19800,0.4962,1.98,0.5038,0.0420,,,,,
11:53:27 AM,20000,3948263607.01,,,1405,23.4,20000,0.5013,2.00,0.4987,0.0416,,,,,
11:53:32 AM,20300,3948263612.01,,,1410,23.5,20300,0.5088,2.03,0.4912,0.0410,,,,,
11:53:37 AM,20500,3948263617.00,,,1415,23.6,20500,0.5138,2.05,0.4862,0.0404,,,,,
11:53:42 AM,20900,3948263622.01,,,1420,23.7,20900,0.5238,2.09,0.4762,0.0398,,,,,
11:53:47 AM,21000,3948263627.00,,,1425,23.8,21000,0.5263,2.10,0.4737,0.0394,,,,,
11:53:52 AM,21200,3948263632.02,,,1430,23.8,21200,0.5313,2.12,0.4687,0.0391,,,,,
11:53:57 AM,21400,3948263637.01,,,1435,23.9,21400,0.5363,2.14,0.4637,0.0386,,,,,
11:54:02 AM,21600,3948263642.00,,,1440,24.0,21600,0.5414,2.16,0.4586,0.0382,,,,,
11:54:07 AM,21700,3948263647.00,,,1445,24.1,21700,0.5439,2.17,0.4561,0.0380,,,,,
11:54:12 AM,21800,3948263652.01,,,1450,24.2,21800,0.5464,2.18,0.4536,0.0378,,,,,
11:54:17 AM,22000,3948263657.01,,,1455,24.3,22000,0.5514,2.20,0.4486,0.0374,,,,,
11:54:22 AM,22200,3948263662.01,,,1460,24.3,22200,0.5564,2.22,0.4436,0.0370,,,,,
11:54:27 AM,22400,3948263667.01,,,1465,24.4,22400,0.5614,2.24,0.4386,0.0365,,,,,
11:54:32 AM,22600,3948263672.01,,,1470,24.5,22600,0.5664,2.26,0.4336,0.0361,,,,,
11:54:37 AM,22900,3948263677.02,,,1475,24.6,22900,0.5739,2.29,0.4261,0.0356,,,,,
11:54:42 AM,23100,3948263682.01,,,1480,24.7,23100,0.5789,2.31,0.4211,0.0351,,,,,
11:54:47 AM,23200,3948263687.01,,,1485,24.8,23200,0.5815,2.32,0.4185,0.0348,,,,,
11:54:52 AM,23400,3948263692.00,,,1490,24.8,23400,0.5865,2.34,0.4135,0.0344,,,,,
11:54:57 AM,23500,3948263697.01,,,1495,24.9,23500,0.5890,2.35,0.4110,0.0343,,,,,
11:55:02 AM,23500,3948263702.02,,,1500,25.0,23500,0.5890,2.35,0.4110,0.0343,,,,,
11:55:07 AM,23600,3948263707.02,,,1505,25.1,23600,0.5915,2.36,0.4085,0.0340,,,,,
11:55:12 AM,23700,3948263712.01,,,1510,25.2,23700,0.5940,2.37,0.4060,0.0338,,,,,
11:55:17 AM,23900,3948263717.00,,,1515,25.3,23900,0.5990,2.39,0.4010,0.0334,,,,,
11:55:22 AM,24000,3948263722.00,,,1520,25.3,24000,0.6015,2.40,0.3985,0.0332,,,,,
11:55:27 AM,24100,3948263727.01,,,1525,25.4,24100,0.6040,2.41,0.3960,0.0330,,,,,
11:55:32 AM,24400,3948263732.01,,,1530,25.5,24400,0.6115,2.44,0.3885,0.0324,,,,,
11:55:37 AM,24600,3948263737.02,,,1535,25.6,24600,0.6165,2.46,0.3835,0.0320,,,,,
11:55:42 AM,24700,3948263742.01,,,1540,25.7,24700,0.6190,2.47,0.3810,0.0317,,,,,
11:55:47 AM,24600,3948263747.01,,,1545,25.8,24600,0.6165,2.46,0.3835,0.0320,,,,,
11:55:52 AM,24600,3948263752.01,,,1550,25.8,24600,0.6165,2.46,0.3835,0.0319,,,,,
11:55:57 AM,24800,3948263757.02,,,1555,25.9,24800,0.6216,2.48,0.3784,0.0316,,,,,
11:56:02 AM,25000,3948263762.01,,,1560,26.0,25000,0.6266,2.50,0.3734,0.0311,,,,,
11:56:07 AM,25200,3948263767.01,,,1565,26.1,25200,0.6316,2.52,0.3684,0.0307,,,,,
11:56:12 AM,25200,3948263772.01,,,1570,26.2,25200,0.6316,2.52,0.3684,0.0307,,,,,
11:56:17 AM,25300,3948263777.01,,,1575,26.3,25300,0.6341,2.53,0.3659,0.0305,,,,,
11:56:22 AM,25500,3948263782.01,,,1580,26.3,25500,0.6391,2.55,0.3609,0.0300,,,,,
11:56:27 AM,25500,3948263787.00,,,1585,26.4,25500,0.6391,2.55,0.3609,0.0301,,,,,
11:56:32 AM,25700,3948263792.02,,,1590,26.5,25700,0.6441,2.57,0.3559,0.0297,,,,,
11:56:37 AM,25800,3948263797.01,,,1595,26.6,25800,0.6466,2.58,0.3534,0.0294,,,,,
11:56:42 AM,25900,3948263802.01,,,1600,26.7,25900,0.6491,2.59,0.3509,0.0292,,,,,
11:56:47 AM,26000,3948263807.01,,,1605,26.8,26000,0.6516,2.60,0.3484,0.0290,,,,,
11:56:52 AM,26000,3948263812.01,,,1610,26.8,26000,0.6516,2.60,0.3484,0.0291,,,,,
11:56:57 AM,26200,3948263817.01,,,1615,26.9,26200,0.6566,2.62,0.3434,0.0286,,,,,
11:57:02 AM,26400,3948263822.02,,,1620,27.0,26400,0.6617,2.64,0.3383,0.0282,,,,,
11:57:07 AM,26400,3948263827.01,,,1625,27.1,26400,0.6617,2.64,0.3383,0.0282,,,,,
11:57:12 AM,26300,3948263832.01,,,1630,27.2,26300,0.6591,2.63,0.3409,0.0284,,,,,
11:57:17 AM,26500,3948263837.02,,,1635,27.3,26500,0.6642,2.65,0.3358,0.0281,,,,,
11:57:22 AM,26600,3948263842.01,,,1640,27.3,26600,0.6667,2.66,0.3333,0.0278,,,,,
11:57:27 AM,26600,3948263847.01,,,1645,27.4,26600,0.6667,2.66,0.3333,0.0278,,,,,
11:57:32 AM,26800,3948263852.01,,,1650,27.5,26800,0.6717,2.68,0.3283,0.0274,,,,,
11:57:37 AM,26900,3948263857.00,,,1655,27.6,26900,0.6742,2.69,0.3258,0.0271,,,,,
11:57:42 AM,27000,3948263862.01,,,1660,27.7,27000,0.6767,2.70,0.3233,0.0270,,,,,
11:57:47 AM,27000,3948263867.01,,,1665,27.8,27000,0.6767,2.70,0.3233,0.0270,,,,,
11:57:52 AM,27000,3948263872.00,,,1670,27.8,27000,0.6767,2.70,0.3233,0.0269,,,,,
11:57:57 AM,27200,3948263877.00,,,1675,27.9,27200,0.6817,2.72,0.3183,0.0265,,,,,
11:58:02 AM,27200,3948263882.02,,,1680,28.0,27200,0.6817,2.72,0.3183,0.0266,,,,,
11:58:07 AM,27300,3948263887.01,,,1685,28.1,27300,0.6842,2.73,0.3158,0.0263,,,,,
11:58:12 AM,27400,3948263892.02,,,1690,28.2,27400,0.6867,2.74,0.3133,0.0261,,,,,
11:58:17 AM,27600,3948263897.01,,,1695,28.3,27600,0.6917,2.76,0.3083,0.0257,,,,,
11:58:22 AM,27700,3948263902.01,,,1700,28.3,27700,0.6942,2.77,0.3058,0.0255,,,,,
11:58:27 AM,27600,3948263907.02,,,1705,28.4,27600,0.6917,2.76,0.3083,0.0257,,,,,
11:58:32 AM,27600,3948263912.01,,,1710,28.5,27600,0.6917,2.76,0.3083,0.0257,,,,,
11:58:37 AM,27600,3948263917.01,,,1715,28.6,27600,0.6917,2.76,0.3083,0.0257,,,,,
11:58:42 AM,27700,3948263922.01,,,1720,28.7,27700,0.6942,2.77,0.3058,0.0255,,,,,
11:58:47 AM,27900,3948263927.01,,,1725,28.8,27900,0.6992,2.79,0.3008,0.0251,,,,,
11:58:52 AM,28000,3948263932.02,,,1730,28.8,28000,0.7018,2.80,0.2982,0.0249,,,,,
11:58:57 AM,27900,3948263937.01,,,1735,28.9,27900,0.6992,2.79,0.3008,0.0250,,,,,
11:59:02 AM,28000,3948263942.01,,,1740,29.0,28000,0.7018,2.80,0.2982,0.0249,,,,,
11:59:07 AM,28100,3948263947.01,,,1745,29.1,28100,0.7043,2.81,0.2957,0.0246,,,,,
11:59:12 AM,28100,3948263952.01,,,1750,29.2,28100,0.7043,2.81,0.2957,0.0246,,,,,
11:59:17 AM,28200,3948263957.01,,,1755,29.3,28200,0.7068,2.82,0.2932,0.0244,,,,,
11:59:22 AM,28300,3948263962.01,,,1760,29.3,28300,0.7093,2.83,0.2907,0.0242,,,,,
11:59:27 AM,28500,3948263967.02,,,1765,29.4,28500,0.7143,2.85,0.2857,0.0238,,,,,
11:59:32 AM,28400,3948263972.01,,,1770,29.5,28400,0.7118,2.84,0.2882,0.0240,,,,,
11:59:37 AM,28500,3948263977.01,,,1775,29.6,28500,0.7143,2.85,0.2857,0.0238,,,,,
11:59:42 AM,28500,3948263982.00,,,1780,29.7,28500,0.7143,2.85,0.2857,0.0238,,,,,
11:59:47 AM,28400,3948263987.02,,,1785,29.8,28400,0.7118,2.84,0.2882,0.0241,,,,,
11:59:52 AM,28500,3948263992.01,,,1790,29.8,28500,0.7143,2.85,0.2857,0.0238,,,,,
11:59:57 AM,28700,3948263997.02,,,1795,29.9,28700,0.7193,2.87,0.2807,0.0234,,,,,
12:00:02 PM,28700,3948264002.02,,,1800,30.0,28700,0.7193,2.87,0.2807,0.0234,,,,,
12:00:07 PM,28700,3948264007.02,,,1805,30.1,28700,0.7193,2.87,0.2807,0.0234,,,,,
12:00:12 PM,28800,3948264012.02,,,1810,30.2,28800,0.7218,2.88,0.2782,0.0232,,,,,
12:00:17 PM,28800,3948264017.01,,,1815,30.3,28800,0.7218,2.88,0.2782,0.0232,,,,,
12:00:22 PM,29000,3948264022.01,,,1820,30.3,29000,0.7268,2.90,0.2732,0.0227,,,,,
12:00:27 PM,28900,3948264027.00,,,1825,30.4,28900,0.7243,2.89,0.2757,0.0230,,,,,
12:00:32 PM,28900,3948264032.01,,,1830,30.5,28900,0.7243,2.89,0.2757,0.0230,,,,,
12:00:37 PM,29000,3948264037.02,,,1835,30.6,29000,0.7268,2.90,0.2732,0.0228,,,,,
12:00:42 PM,29200,3948264042.01,,,1840,30.7,29200,0.7318,2.92,0.2682,0.0223,,,,,
12:00:47 PM,29200,3948264047.02,,,1845,30.8,29200,0.7318,2.92,0.2682,0.0224,,,,,
12:00:52 PM,29200,3948264052.01,,,1850,30.8,29200,0.7318,2.92,0.2682,0.0223,,,,,
12:00:57 PM,29200,3948264057.01,,,1855,30.9,29200,0.7318,2.92,0.2682,0.0224,,,,,
12:01:02 PM,29400,3948264062.02,,,1860,31.0,29400,0.7368,2.94,0.2632,0.0220,,,,,
12:01:07 PM,29600,3948264067.02,,,1865,31.1,29600,0.7419,2.96,0.2581,0.0215,,,,,
12:01:12 PM,29600,3948264072.01,,,1870,31.2,29600,0.7419,2.96,0.2581,0.0215,,,,,
12:01:17 PM,29600,3948264077.01,,,1875,31.3,29600,0.7419,2.96,0.2581,0.0215,,,,,
12:01:22 PM,29600,3948264082.02,,,1880,31.3,29600,0.7419,2.96,0.2581,0.0216,,,,,
12:01:27 PM,29600,3948264087.01,,,1885,31.4,29600,0.7419,2.96,0.2581,0.0215,,,,,
12:01:32 PM,29600,3948264092.01,,,1890,31.5,29600,0.7419,2.96,0.2581,0.0215,,,,,
12:01:37 PM,29500,3948264097.01,,,1895,31.6,29500,0.7393,2.95,0.2607,0.0217,,,,,
12:01:42 PM,29600,3948264102.02,,,1900,31.7,29600,0.7419,2.96,0.2581,0.0215,,,,,
12:01:47 PM,29700,3948264107.01,,,1905,31.8,29700,0.7444,2.97,0.2556,0.0213,,,,,
12:01:52 PM,29600,3948264112.01,,,1910,31.8,29600,0.7419,2.96,0.2581,0.0215,,,,,
12:01:57 PM,29600,3948264117.01,,,1915,31.9,29600,0.7419,2.96,0.2581,0.0215,,,,,
12:02:02 PM,29700,3948264122.01,,,1920,32.0,29700,0.7444,2.97,0.2556,0.0213,,,,,
12:02:07 PM,29700,3948264127.02,,,1925,32.1,29700,0.7444,2.97,0.2556,0.0213,,,,,
12:02:12 PM,29800,3948264132.01,,,1930,32.2,29800,0.7469,2.98,0.2531,0.0211,,,,,
12:02:17 PM,29800,3948264137.02,,,1935,32.3,29800,0.7469,2.98,0.2531,0.0211,,,,,
12:02:22 PM,29900,3948264142.02,,,1940,32.3,29900,0.7494,2.99,0.2506,0.0209,,,,,
12:02:27 PM,29900,3948264147.02,,,1945,32.4,29900,0.7494,2.99,0.2506,0.0209,,,,,
12:02:32 PM,29900,3948264152.01,,,1950,32.5,29900,0.7494,2.99,0.2506,0.0209,,,,,
12:02:37 PM,30000,3948264157.01,,,1955,32.6,30000,0.7519,3.00,0.2481,0.0207,,,,,
12:02:42 PM,29900,3948264162.02,,,1960,32.7,29900,0.7494,2.99,0.2506,0.0209,,,,,
12:02:47 PM,29900,3948264167.02,,,1965,32.8,29900,0.7494,2.99,0.2506,0.0209,,,,,
12:02:52 PM,29900,3948264172.01,,,1970,32.8,29900,0.7494,2.99,0.2506,0.0208,,,,,
12:02:57 PM,30100,3948264177.02,,,1975,32.9,30100,0.7544,3.01,0.2456,0.0205,,,,,
12:03:02 PM,30100,3948264182.01,,,1980,33.0,30100,0.7544,3.01,0.2456,0.0204,,,,,
12:03:07 PM,30200,3948264187.01,,,1985,33.1,30200,0.7569,3.02,0.2431,0.0203,,,,,
12:03:12 PM,30100,3948264192.01,,,1990,33.2,30100,0.7544,3.01,0.2456,0.0205,,,,,
12:03:17 PM,30200,3948264197.01,,,1995,33.3,30200,0.7569,3.02,0.2431,0.0203,,,,,
12:03:22 PM,30100,3948264202.02,,,2000,33.3,30100,0.7544,3.01,0.2456,0.0205,,,,,
12:03:27 PM,30200,3948264207.01,,,2005,33.4,30200,0.7569,3.02,0.2431,0.0202,,,,,
12:03:32 PM,30200,3948264212.02,,,2010,33.5,30200,0.7569,3.02,0.2431,0.0203,,,,,
12:03:37 PM,30400,3948264217.01,,,2015,33.6,30400,0.7619,3.04,0.2381,0.0198,,,,,
12:03:42 PM,30200,3948264222.01,,,2020,33.7,30200,0.7569,3.02,0.2431,0.0203,,,,,
12:03:47 PM,30300,3948264227.01,,,2025,33.8,30300,0.7594,3.03,0.2406,0.0200,,,,,
12:03:52 PM,30400,3948264232.02,,,2030,33.8,30400,0.7619,3.04,0.2381,0.0199,,,,,
12:03:57 PM,30500,3948264237.02,,,2035,33.9,30500,0.7644,3.05,0.2356,0.0196,,,,,
12:04:02 PM,30500,3948264242.02,,,2040,34.0,30500,0.7644,3.05,0.2356,0.0196,,,,,
12:04:07 PM,30500,3948264247.02,,,2045,34.1,30500,0.7644,3.05,0.2356,0.0196,,,,,
12:04:12 PM,30500,3948264252.02,,,2050,34.2,30500,0.7644,3.05,0.2356,0.0196,,,,,
12:04:17 PM,30500,3948264257.01,,,2055,34.3,30500,0.7644,3.05,0.2356,0.0196,,,,,
12:04:22 PM,30500,3948264262.02,,,2060,34.3,30500,0.7644,3.05,0.2356,0.0197,,,,,
12:04:27 PM,30700,3948264267.01,,,2065,34.4,30700,0.7694,3.07,0.2306,0.0192,,,,,
12:04:32 PM,30700,3948264272.02,,,2070,34.5,30700,0.7694,3.07,0.2306,0.0192,,,,,
12:04:37 PM,30600,3948264277.01,,,2075,34.6,30600,0.7669,3.06,0.2331,0.0194,,,,,
12:04:42 PM,30700,3948264282.02,,,2080,34.7,30700,0.7694,3.07,0.2306,0.0192,,,,,
12:04:47 PM,30700,3948264287.01,,,2085,34.8,30700,0.7694,3.07,0.2306,0.0192,,,,,
12:04:52 PM,30700,3948264292.02,,,2090,34.8,30700,0.7694,3.07,0.2306,0.0192,,,,,
12:04:57 PM,30700,3948264297.02,,,2095,34.9,30700,0.7694,3.07,0.2306,0.0192,,,,,
12:05:02 PM,30700,3948264302.01,,,2100,35.0,30700,0.7694,3.07,0.2306,0.0192,,,,,
12:05:07 PM,30900,3948264307.01,,,2105,35.1,30900,0.7744,3.09,0.2256,0.0188,,,,,
12:05:12 PM,31000,3948264312.02,,,2110,35.2,31000,0.7769,3.10,0.2231,0.0186,,,,,
12:05:17 PM,31000,3948264317.01,,,2115,35.3,31000,0.7769,3.10,0.2231,0.0186,,,,,
12:05:22 PM,30800,3948264322.02,,,2120,35.3,30800,0.7719,3.08,0.2281,0.0190,,,,,
12:05:27 PM,30700,3948264327.02,,,2125,35.4,30700,0.7694,3.07,0.2306,0.0192,,,,,
12:05:32 PM,30800,3948264332.01,,,2130,35.5,30800,0.7719,3.08,0.2281,0.0190,,,,,
12:05:37 PM,30800,3948264337.01,,,2135,35.6,30800,0.7719,3.08,0.2281,0.0190,,,,,
12:05:42 PM,30900,3948264342.01,,,2140,35.7,30900,0.7744,3.09,0.2256,0.0188,,,,,
12:05:47 PM,30700,3948264347.02,,,2145,35.8,30700,0.7694,3.07,0.2306,0.0192,,,,,
12:05:52 PM,31000,3948264352.01,,,2150,35.8,31000,0.7769,3.10,0.2231,0.0186,,,,,
12:05:57 PM,31100,3948264357.02,,,2155,35.9,31100,0.7794,3.11,0.2206,0.0184,,,,,
12:06:02 PM,31200,3948264362.02,,,2160,36.0,31200,0.7820,3.12,0.2180,0.0182,,,,,
12:06:07 PM,31000,3948264367.02,,,2165,36.1,31000,0.7769,3.10,0.2231,0.0186,,,,,
12:06:12 PM,31100,3948264372.01,,,2170,36.2,31100,0.7794,3.11,0.2206,0.0184,,,,,
12:06:17 PM,31200,3948264377.02,,,2175,36.3,31200,0.7820,3.12,0.2180,0.0182,,,,,
12:06:22 PM,31100,3948264382.01,,,2180,36.3,31100,0.7794,3.11,0.2206,0.0183,,,,,
12:06:27 PM,31100,3948264387.02,,,2185,36.4,31100,0.7794,3.11,0.2206,0.0184,,,,,
12:06:32 PM,31100,3948264392.02,,,2190,36.5,31100,0.7794,3.11,0.2206,0.0184,,,,,
12:06:37 PM,31000,3948264397.02,,,2195,36.6,31000,0.7769,3.10,0.2231,0.0186,,,,,
12:06:42 PM,31100,3948264402.02,,,2200,36.7,31100,0.7794,3.11,0.2206,0.0184,,,,,
12:06:47 PM,31100,3948264407.01,,,2205,36.8,31100,0.7794,3.11,0.2206,0.0183,,,,,
12:06:52 PM,31100,3948264412.02,,,2210,36.8,31100,0.7794,3.11,0.2206,0.0184,,,,,
12:06:57 PM,31200,3948264417.01,,,2215,36.9,31200,0.7820,3.12,0.2180,0.0181,,,,,
12:07:02 PM,31200,3948264422.01,,,2220,37.0,31200,0.7820,3.12,0.2180,0.0182,,,,,
12:07:07 PM,31100,3948264427.01,,,2225,37.1,31100,0.7794,3.11,0.2206,0.0184,,,,,
12:07:12 PM,31200,3948264432.02,,,2230,37.2,31200,0.7820,3.12,0.2180,0.0182,,,,,
12:07:17 PM,31300,3948264437.01,,,2235,37.3,31300,0.7845,3.13,0.2155,0.0179,,,,,
12:07:22 PM,31500,3948264442.02,,,2240,37.3,31500,0.7895,3.15,0.2105,0.0176,,,,,
12:07:27 PM,31400,3948264447.01,,,2245,37.4,31400,0.7870,3.14,0.2130,0.0177,,,,,
12:07:32 PM,31400,3948264452.02,,,2250,37.5,31400,0.7870,3.14,0.2130,0.0178,,,,,
12:07:37 PM,31200,3948264457.01,,,2255,37.6,31200,0.7820,3.12,0.2180,0.0181,,,,,
12:07:42 PM,31400,3948264462.01,,,2260,37.7,31400,0.7870,3.14,0.2130,0.0178,,,,,
12:07:47 PM,31300,3948264467.02,,,2265,37.8,31300,0.7845,3.13,0.2155,0.0180,,,,,
12:07:52 PM,31500,3948264472.01,,,2270,37.8,31500,0.7895,3.15,0.2105,0.0175,,,,,
12:07:57 PM,31500,3948264477.02,,,2275,37.9,31500,0.7895,3.15,0.2105,0.0176,,,,,
12:08:02 PM,31600,3948264482.02,,,2280,38.0,31600,0.7920,3.16,0.2080,0.0173,,,,,
12:08:07 PM,31600,3948264487.01,,,2285,38.1,31600,0.7920,3.16,0.2080,0.0173,,,,,
12:08:12 PM,31600,3948264492.01,,,2290,38.2,31600,0.7920,3.16,0.2080,0.0173,,,,,
12:08:17 PM,31600,3948264497.02,,,2295,38.3,31600,0.7920,3.16,0.2080,0.0174,,,,,
12:08:22 PM,31500,3948264502.01,,,2300,38.3,31500,0.7895,3.15,0.2105,0.0175,,,,,
12:08:27 PM,31600,3948264507.02,,,2305,38.4,31600,0.7920,3.16,0.2080,0.0174,,,,,
12:08:32 PM,31500,3948264512.01,,,2310,38.5,31500,0.7895,3.15,0.2105,0.0175,,,,,
12:08:37 PM,31400,3948264517.02,,,2315,38.6,31400,0.7870,3.14,0.2130,0.0178,,,,,
12:08:42 PM,31500,3948264522.02,,,2320,38.7,31500,0.7895,3.15,0.2105,0.0175,,,,,
12:08:47 PM,31500,3948264527.02,,,2325,38.8,31500,0.7895,3.15,0.2105,0.0175,,,,,
12:08:52 PM,31600,3948264532.01,,,2330,38.8,31600,0.7920,3.16,0.2080,0.0173,,,,,
12:08:57 PM,31600,3948264537.03,,,2335,38.9,31600,0.7920,3.16,0.2080,0.0174,,,,,
12:09:02 PM,31600,3948264542.02,,,2340,39.0,31600,0.7920,3.16,0.2080,0.0173,,,,,
12:09:07 PM,31800,3948264547.01,,,2345,39.1,31800,0.7970,3.18,0.2030,0.0169,,,,,
12:09:12 PM,31500,3948264552.02,,,2350,39.2,31500,0.7895,3.15,0.2105,0.0176,,,,,
12:09:17 PM,31400,3948264557.01,,,2355,39.3,31400,0.7870,3.14,0.2130,0.0177,,,,,
12:09:22 PM,31600,3948264562.01,,,2360,39.3,31600,0.7920,3.16,0.2080,0.0173,,,,,
12:09:27 PM,31500,3948264567.02,,,2365,39.4,31500,0.7895,3.15,0.2105,0.0176,,,,,
12:09:32 PM,31600,3948264572.01,,,2370,39.5,31600,0.7920,3.16,0.2080,0.0173,,,,,
12:09:37 PM,31500,3948264577.02,,,2375,39.6,31500,0.7895,3.15,0.2105,0.0176,,,,,
12:09:42 PM,31500,3948264582.01,,,2380,39.7,31500,0.7895,3.15,0.2105,0.0175,,,,,
12:09:47 PM,31400,3948264587.03,,,2385,39.8,31400,0.7870,3.14,0.2130,0.0178,,,,,
12:09:54 PM,31600,3948264593.56,,,2392,39.9,31600,0.7920,3.16,0.2080,0.0226,,,,,
12:10:01 PM,31600,3948264601.16,,,2399,40.0,31600,0.7920,3.16,0.2080,0.0264,,,,,
12:10:08 PM,31500,3948264608.13,,,2406,40.1,31500,0.7895,3.15,0.2105,0.0245,,,,,
12:10:12 PM,31600,3948264611.71,,,2410,40.2,31600,0.7920,3.16,0.2080,0.0124,,,,,
12:10:15 PM,31600,3948264615.28,,,2413,40.2,31600,0.7920,3.16,0.2080,0.0124,,,,,
12:10:19 PM,31600,3948264618.97,,,2417,40.3,31600,0.7920,3.16,0.2080,0.0128,,,,,
12:10:23 PM,31600,3948264622.58,,,2421,40.3,31600,0.7920,3.16,0.2080,0.0125,,,,,
12:10:27 PM,31600,3948264627.02,,,2425,40.4,31600,0.7920,3.16,0.2080,0.0154,,,,,
12:10:32 PM,31600,3948264632.02,,,2430,40.5,31600,0.7920,3.16,0.2080,0.0173,,,,,
12:10:37 PM,31700,3948264637.01,,,2435,40.6,31700,0.7945,3.17,0.2055,0.0171,,,,,
12:10:42 PM,31600,3948264642.02,,,2440,40.7,31600,0.7920,3.16,0.2080,0.0174,,,,,
12:10:47 PM,31900,3948264647.03,,,2445,40.8,31900,0.7995,3.19,0.2005,0.0167,,,,,
12:10:52 PM,31800,3948264652.02,,,2450,40.8,31800,0.7970,3.18,0.2030,0.0169,,,,,
12:10:57 PM,31800,3948264657.02,,,2455,40.9,31800,0.7970,3.18,0.2030,0.0169,,,,,
12:11:02 PM,31700,3948264662.03,,,2460,41.0,31700,0.7945,3.17,0.2055,0.0172,,,,,
12:11:07 PM,31800,3948264667.01,,,2465,41.1,31800,0.7970,3.18,0.2030,0.0169,,,,,
12:11:12 PM,32100,3948264672.02,,,2470,41.2,32100,0.8045,3.21,0.1955,0.0163,,,,,
12:11:17 PM,31900,3948264677.01,,,2475,41.3,31900,0.7995,3.19,0.2005,0.0167,,,,,
12:11:22 PM,31900,3948264682.02,,,2480,41.3,31900,0.7995,3.19,0.2005,0.0167,,,,,
12:11:27 PM,32000,3948264687.02,,,2485,41.4,32000,0.8020,3.20,0.1980,0.0165,,,,,
12:11:32 PM,32000,3948264692.02,,,2490,41.5,32000,0.8020,3.20,0.1980,0.0165,,,,,
12:11:37 PM,32000,3948264697.01,,,2495,41.6,32000,0.8020,3.20,0.1980,0.0165,,,,,
12:11:42 PM,31900,3948264702.03,,,2500,41.7,31900,0.7995,3.19,0.2005,0.0168,,,,,
12:11:47 PM,31900,3948264707.02,,,2505,41.8,31900,0.7995,3.19,0.2005,0.0167,,,,,
12:11:52 PM,31800,3948264712.01,,,2510,41.8,31800,0.7970,3.18,0.2030,0.0169,,,,,
12:11:57 PM,31700,3948264717.02,,,2515,41.9,31700,0.7945,3.17,0.2055,0.0171,,,,,
12:12:02 PM,31800,3948264722.02,,,2520,42.0,31800,0.7970,3.18,0.2030,0.0169,,,,,
12:12:07 PM,31900,3948264727.01,,,2525,42.1,31900,0.7995,3.19,0.2005,0.0167,,,,,
12:12:12 PM,32100,3948264732.02,,,2530,42.2,32100,0.8045,3.21,0.1955,0.0163,,,,,
12:12:17 PM,32000,3948264737.02,,,2535,42.3,32000,0.8020,3.20,0.1980,0.0165,,,,,
12:12:22 PM,32000,3948264742.01,,,2540,42.3,32000,0.8020,3.20,0.1980,0.0165,,,,,
12:12:27 PM,31900,3948264747.02,,,2545,42.4,31900,0.7995,3.19,0.2005,0.0167,,,,,
12:12:32 PM,31900,3948264752.02,,,2550,42.5,31900,0.7995,3.19,0.2005,0.0167,,,,,
12:12:37 PM,32100,3948264757.02,,,2555,42.6,32100,0.8045,3.21,0.1955,0.0163,,,,,
12:12:42 PM,32200,3948264762.03,,,2560,42.7,32200,0.8070,3.22,0.1930,0.0161,,,,,
12:12:47 PM,32000,3948264767.02,,,2565,42.8,32000,0.8020,3.20,0.1980,0.0165,,,,,
12:12:52 PM,32200,3948264772.03,,,2570,42.8,32200,0.8070,3.22,0.1930,0.0161,,,,,
12:12:57 PM,32200,3948264777.02,,,2575,42.9,32200,0.8070,3.22,0.1930,0.0161,,,,,
12:13:02 PM,32100,3948264782.02,,,2580,43.0,32100,0.8045,3.21,0.1955,0.0163,,,,,
12:13:07 PM,32200,3948264787.02,,,2585,43.1,32200,0.8070,3.22,0.1930,0.0161,,,,,
12:13:12 PM,32200,3948264792.02,,,2590,43.2,32200,0.8070,3.22,0.1930,0.0161,,,,,
12:13:17 PM,32100,3948264797.01,,,2595,43.3,32100,0.8045,3.21,0.1955,0.0163,,,,,
12:13:22 PM,32200,3948264802.02,,,2600,43.3,32200,0.8070,3.22,0.1930,0.0161,,,,,
12:13:27 PM,32400,3948264807.02,,,2605,43.4,32400,0.8120,3.24,0.1880,0.0157,,,,,
12:13:32 PM,32400,3948264812.01,,,2610,43.5,32400,0.8120,3.24,0.1880,0.0156,,,,,
12:13:37 PM,32400,3948264817.02,,,2615,43.6,32400,0.8120,3.24,0.1880,0.0157,,,,,
12:13:42 PM,32300,3948264822.01,,,2620,43.7,32300,0.8095,3.23,0.1905,0.0158,,,,,
12:13:47 PM,32200,3948264827.03,,,2625,43.8,32200,0.8070,3.22,0.1930,0.0161,,,,,
12:13:52 PM,32100,3948264832.02,,,2630,43.8,32100,0.8045,3.21,0.1955,0.0163,,,,,
12:13:57 PM,32200,3948264837.02,,,2635,43.9,32200,0.8070,3.22,0.1930,0.0161,,,,,
12:14:02 PM,32200,3948264842.02,,,2640,44.0,32200,0.8070,3.22,0.1930,0.0161,,,,,
12:14:07 PM,32100,3948264847.03,,,2645,44.1,32100,0.8045,3.21,0.1955,0.0163,,,,,
12:14:12 PM,32100,3948264852.02,,,2650,44.2,32100,0.8045,3.21,0.1955,0.0163,,,,,
12:14:17 PM,32200,3948264857.02,,,2655,44.3,32200,0.8070,3.22,0.1930,0.0161,,,,,
12:14:22 PM,32100,3948264862.02,,,2660,44.3,32100,0.8045,3.21,0.1955,0.0163,,,,,
12:14:27 PM,32400,3948264867.02,,,2665,44.4,32400,0.8120,3.24,0.1880,0.0157,,,,,
12:14:32 PM,32400,3948264872.03,,,2670,44.5,32400,0.8120,3.24,0.1880,0.0157,,,,,
12:14:37 PM,32200,3948264877.03,,,2675,44.6,32200,0.8070,3.22,0.1930,0.0161,,,,,
12:14:42 PM,32200,3948264882.02,,,2680,44.7,32200,0.8070,3.22,0.1930,0.0160,,,,,
12:14:47 PM,32200,3948264887.02,,,2685,44.8,32200,0.8070,3.22,0.1930,0.0161,,,,,
12:14:52 PM,32600,3948264892.03,,,2690,44.8,32600,0.8170,3.26,0.1830,0.0153,,,,,
12:14:57 PM,32400,3948264897.01,,,2695,44.9,32400,0.8120,3.24,0.1880,0.0156,,,,,
12:15:02 PM,32400,3948264902.02,,,2700,45.0,32400,0.8120,3.24,0.1880,0.0157,,,,,
12:15:07 PM,32500,3948264907.02,,,2705,45.1,32500,0.8145,3.25,0.1855,0.0155,,,,,
12:15:12 PM,32400,3948264912.03,,,2710,45.2,32400,0.8120,3.24,0.1880,0.0157,,,,,
12:15:17 PM,32400,3948264917.02,,,2715,45.3,32400,0.8120,3.24,0.1880,0.0156,,,,,
12:15:22 PM,32300,3948264922.03,,,2720,45.3,32300,0.8095,3.23,0.1905,0.0159,,,,,
12:15:27 PM,32400,3948264927.02,,,2725,45.4,32400,0.8120,3.24,0.1880,0.0156,,,,,
12:15:32 PM,32200,3948264932.02,,,2730,45.5,32200,0.8070,3.22,0.1930,0.0161,,,,,
12:15:37 PM,32400,3948264937.02,,,2735,45.6,32400,0.8120,3.24,0.1880,0.0157,,,,,
12:15:42 PM,32400,3948264942.02,,,2740,45.7,32400,0.8120,3.24,0.1880,0.0157,,,,,
12:15:47 PM,32600,3948264947.02,,,2745,45.8,32600,0.8170,3.26,0.1830,0.0152,,,,,
12:15:52 PM,32600,3948264952.02,,,2750,45.8,32600,0.8170,3.26,0.1830,0.0152,,,,,
12:15:57 PM,32600,3948264957.02,,,2755,45.9,32600,0.8170,3.26,0.1830,0.0152,,,,,
12:16:02 PM,32600,3948264962.02,,,2760,46.0,32600,0.8170,3.26,0.1830,0.0153,,,,,
12:16:07 PM,32500,3948264967.03,,,2765,46.1,32500,0.8145,3.25,0.1855,0.0155,,,,,
12:16:12 PM,32600,3948264972.03,,,2770,46.2,32600,0.8170,3.26,0.1830,0.0152,,,,,
12:16:17 PM,32500,3948264977.02,,,2775,46.3,32500,0.8145,3.25,0.1855,0.0154,,,,,
12:16:22 PM,32400,3948264982.02,,,2780,46.3,32400,0.8120,3.24,0.1880,0.0157,,,,,
12:16:27 PM,32500,3948264987.02,,,2785,46.4,32500,0.8145,3.25,0.1855,0.0155,time,0.95,0,0,0.05
12:16:32 PM,32600,3948264992.03,,,2790,46.5,32600,0.8170,3.26,0.1830,0.0153,50.92670547,0.05,0.225478607,,
12:16:37 PM,32600,3948264997.03,,,2795,46.6,32600,0.8170,3.26,0.1830,0.0152,49.54874687,28.42781035,,,
12:16:42 PM,32700,3948265002.03,,,2800,46.7,32700,0.8195,3.27,0.1805,0.0150,,,,,
12:16:47 PM,32500,3948265007.03,,,2805,46.8,32500,0.8145,3.25,0.1855,0.0155,,,,,
12:16:52 PM,32600,3948265012.03,,,2810,46.8,32600,0.8170,3.26,0.1830,0.0152,,,,,
12:16:57 PM,32700,3948265017.02,,,2815,46.9,32700,0.8195,3.27,0.1805,0.0150,,,,,
12:17:02 PM,32600,3948265022.02,,,2820,47.0,32600,0.8170,3.26,0.1830,0.0153,,,,,
12:17:07 PM,32500,3948265027.03,,,2825,47.1,32500,0.8145,3.25,0.1855,0.0155,,,,,
12:17:12 PM,32400,3948265032.02,,,2830,47.2,32400,0.8120,3.24,0.1880,0.0156,,,,,
12:17:17 PM,32400,3948265037.02,,,2835,47.3,32400,0.8120,3.24,0.1880,0.0157,,,,,
12:17:22 PM,32500,3948265042.03,,,2840,47.3,32500,0.8145,3.25,0.1855,0.0155,,,,,
12:17:27 PM,32700,3948265047.03,,,2845,47.4,32700,0.8195,3.27,0.1805,0.0150,,,,,
12:17:32 PM,32600,3948265052.02,,,2850,47.5,32600,0.8170,3.26,0.1830,0.0152,,,,,
12:17:37 PM,32600,3948265057.02,,,2855,47.6,32600,0.8170,3.26,0.1830,0.0152,,,,,
12:17:42 PM,32600,3948265062.03,,,2860,47.7,32600,0.8170,3.26,0.1830,0.0153,,,,,
12:17:47 PM,32500,3948265067.02,,,2865,47.8,32500,0.8145,3.25,0.1855,0.0154,,,,,
12:17:52 PM,32400,3948265072.02,,,2870,47.8,32400,0.8120,3.24,0.1880,0.0157,,,,,
12:17:57 PM,32500,3948265077.03,,,2875,47.9,32500,0.8145,3.25,0.1855,0.0155,,,,,
12:18:02 PM,32500,3948265082.03,,,2880,48.0,32500,0.8145,3.25,0.1855,0.0155,,,,,
12:18:07 PM,32700,3948265087.02,,,2885,48.1,32700,0.8195,3.27,0.1805,0.0150,,,,,
12:18:12 PM,32700,3948265092.03,,,2890,48.2,32700,0.8195,3.27,0.1805,0.0150,,,,,
12:18:17 PM,32600,3948265097.02,,,2895,48.3,32600,0.8170,3.26,0.1830,0.0152,,,,,
12:18:22 PM,32600,3948265102.02,,,2900,48.3,32600,0.8170,3.26,0.1830,0.0152,,,,,
12:18:27 PM,32600,3948265107.02,,,2905,48.4,32600,0.8170,3.26,0.1830,0.0152,,,,,
12:18:32 PM,32600,3948265112.02,,,2910,48.5,32600,0.8170,3.26,0.1830,0.0153,,,,,
12:18:37 PM,32600,3948265117.02,,,2915,48.6,32600,0.8170,3.26,0.1830,0.0153,,,,,
12:18:42 PM,32600,3948265122.03,,,2920,48.7,32600,0.8170,3.26,0.1830,0.0153,,,,,
12:18:47 PM,32700,3948265127.02,,,2925,48.8,32700,0.8195,3.27,0.1805,0.0150,,,,,
12:18:52 PM,32800,3948265132.02,,,2930,48.8,32800,0.8221,3.28,0.1779,0.0148,,,,,
12:18:57 PM,32900,3948265137.02,,,2935,48.9,32900,0.8246,3.29,0.1754,0.0146,,,,,
12:19:02 PM,32700,3948265142.03,,,2940,49.0,32700,0.8195,3.27,0.1805,0.0151,,,,,
12:19:07 PM,32600,3948265147.03,,,2945,49.1,32600,0.8170,3.26,0.1830,0.0152,,,,,
12:19:12 PM,32600,3948265152.03,,,2950,49.2,32600,0.8170,3.26,0.1830,0.0153,,,,,
12:19:17 PM,32700,3948265157.03,,,2955,49.3,32700,0.8195,3.27,0.1805,0.0150,,,,,
12:19:22 PM,32600,3948265162.03,,,2960,49.3,32600,0.8170,3.26,0.1830,0.0153,,,,,
12:19:27 PM,32700,3948265167.02,,,2965,49.4,32700,0.8195,3.27,0.1805,0.0150,,,,,
12:19:32 PM,32700,3948265172.02,,,2970,49.5,32700,0.8195,3.27,0.1805,0.0150,,,,,
12:19:37 PM,32700,3948265177.02,,,2975,49.6,32700,0.8195,3.27,0.1805,0.0150,,,,,
12:19:42 PM,32700,3948265182.03,,,2980,49.7,32700,0.8195,3.27,0.1805,0.0151,,,,,
12:19:47 PM,32700,3948265187.03,,,2985,49.8,32700,0.8195,3.27,0.1805,0.0150,,,,,
12:19:52 PM,32700,3948265192.03,,,2990,49.8,32700,0.8195,3.27,0.1805,0.0150,,,,,
12:19:57 PM,32600,3948265197.03,,,2995,49.9,32600,0.8170,3.26,0.1830,0.0152,,,,,
12:20:02 PM,32700,3948265202.03,,,3000,50.0,32700,0.8195,3.27,0.1805,0.0150,,,,,
12:20:07 PM,32900,3948265207.03,,,3005,50.1,32900,0.8246,3.29,0.1754,0.0146,,,,,
12:20:12 PM,32800,3948265212.03,,,3010,50.2,32800,0.8221,3.28,0.1779,0.0148,,,,,
12:20:17 PM,32800,3948265217.03,,,3015,50.3,32800,0.8221,3.28,0.1779,0.0148,,,,,
12:20:22 PM,32700,3948265222.03,,,3020,50.3,32700,0.8195,3.27,0.1805,0.0150,,,,,
12:20:27 PM,32800,3948265227.02,,,3025,50.4,32800,0.8221,3.28,0.1779,0.0148,,,,,
12:20:32 PM,32700,3948265232.02,,,3030,50.5,32700,0.8195,3.27,0.1805,0.0150,,,,,
12:20:37 PM,32700,3948265237.03,,,3035,50.6,32700,0.8195,3.27,0.1805,0.0151,,,,,
12:20:42 PM,32800,3948265242.02,,,3040,50.7,32800,0.8221,3.28,0.1779,0.0148,,,,,
12:20:47 PM,32700,3948265247.03,,,3045,50.8,32700,0.8195,3.27,0.1805,0.0151,,,,,
12:20:52 PM,32600,3948265252.02,,,3050,50.8,32600,0.8170,3.26,0.1830,0.0152,,,,,
12:20:57 PM,32700,3948265257.03,,,3055,50.9,32700,0.8195,3.27,0.1805,0.0150,,,,,
12:21:02 PM,32700,3948265262.03,,,3060,51.0,32700,0.8195,3.27,0.1805,0.0151,,,,,
12:21:07 PM,32800,3948265267.02,,,3065,51.1,32800,0.8221,3.28,0.1779,0.0148,,,,,
12:21:12 PM,32800,3948265272.03,,,3070,51.2,32800,0.8221,3.28,0.1779,0.0148,,,,,
12:21:17 PM,33000,3948265277.03,,,3075,51.3,33000,0.8271,3.30,0.1729,0.0144,,,,,
12:21:22 PM,32700,3948265282.03,,,3080,51.3,32700,0.8195,3.27,0.1805,0.0150,,,,,
12:21:27 PM,32600,3948265287.03,,,3085,51.4,32600,0.8170,3.26,0.1830,0.0152,,,,,
12:21:32 PM,32600,3948265292.03,,,3090,51.5,32600,0.8170,3.26,0.1830,0.0152,,,,,
12:21:37 PM,32900,3948265297.03,,,3095,51.6,32900,0.8246,3.29,0.1754,0.0146,,,,,
12:21:42 PM,32900,3948265302.03,,,3100,51.7,32900,0.8246,3.29,0.1754,0.0146,,,,,
12:21:47 PM,32900,3948265307.02,,,3105,51.8,32900,0.8246,3.29,0.1754,0.0146,,,,,
12:21:52 PM,32900,3948265312.02,,,3110,51.8,32900,0.8246,3.29,0.1754,0.0146,,,,,
12:21:57 PM,32900,3948265317.03,,,3115,51.9,32900,0.8246,3.29,0.1754,0.0146,,,,,
12:22:02 PM,32900,3948265322.03,,,3120,52.0,32900,0.8246,3.29,0.1754,0.0146,,,,,
12:22:07 PM,32700,3948265327.03,,,3125,52.1,32700,0.8195,3.27,0.1805,0.0150,,,,,
12:22:12 PM,32900,3948265332.02,,,3130,52.2,32900,0.8246,3.29,0.1754,0.0146,,,,,
12:22:17 PM,33100,3948265337.03,,,3135,52.3,33100,0.8296,3.31,0.1704,0.0142,,,,,
12:22:22 PM,33000,3948265342.02,,,3140,52.3,33000,0.8271,3.30,0.1729,0.0144,,,,,
12:22:27 PM,32900,3948265347.03,,,3145,52.4,32900,0.8246,3.29,0.1754,0.0146,,,,,
12:22:32 PM,33000,3948265352.03,,,3150,52.5,33000,0.8271,3.30,0.1729,0.0144,,,,,
12:22:37 PM,32900,3948265357.02,,,3155,52.6,32900,0.8246,3.29,0.1754,0.0146,,,,,
12:22:42 PM,32800,3948265362.03,,,3160,52.7,32800,0.8221,3.28,0.1779,0.0149,,,,,
12:22:47 PM,32900,3948265367.03,,,3165,52.8,32900,0.8246,3.29,0.1754,0.0146,,,,,
12:22:52 PM,33000,3948265372.03,,,3170,52.8,33000,0.8271,3.30,0.1729,0.0144,,,,,
12:22:57 PM,32900,3948265377.03,,,3175,52.9,32900,0.8246,3.29,0.1754,0.0146,,,,,
12:23:02 PM,32900,3948265382.03,,,3180,53.0,32900,0.8246,3.29,0.1754,0.0146,,,,,
12:23:07 PM,33100,3948265387.03,,,3185,53.1,33100,0.8296,3.31,0.1704,0.0142,,,,,
12:23:12 PM,33100,3948265392.02,,,3190,53.2,33100,0.8296,3.31,0.1704,0.0142,,,,,
12:23:17 PM,33000,3948265397.03,,,3195,53.3,33000,0.8271,3.30,0.1729,0.0144,,,,,
12:23:22 PM,33000,3948265402.03,,,3200,53.3,33000,0.8271,3.30,0.1729,0.0144,,,,,
12:23:27 PM,33100,3948265407.03,,,3205,53.4,33100,0.8296,3.31,0.1704,0.0142,,,,,
12:23:32 PM,33000,3948265412.03,,,3210,53.5,33000,0.8271,3.30,0.1729,0.0144,,,,,
12:23:37 PM,33000,3948265417.03,,,3215,53.6,33000,0.8271,3.30,0.1729,0.0144,,,,,
12:23:42 PM,33200,3948265422.02,,,3220,53.7,33200,0.8321,3.32,0.1679,0.0140,,,,,
12:23:47 PM,33200,3948265427.03,,,3225,53.8,33200,0.8321,3.32,0.1679,0.0140,,,,,
12:23:52 PM,33100,3948265432.03,,,3230,53.8,33100,0.8296,3.31,0.1704,0.0142,,,,,
12:23:57 PM,33000,3948265437.02,,,3235,53.9,33000,0.8271,3.30,0.1729,0.0144,,,,,
12:24:02 PM,32900,3948265442.03,,,3240,54.0,32900,0.8246,3.29,0.1754,0.0146,,,,,
12:24:07 PM,32900,3948265447.03,,,3245,54.1,32900,0.8246,3.29,0.1754,0.0146,,,,,
12:24:12 PM,32900,3948265452.03,,,3250,54.2,32900,0.8246,3.29,0.1754,0.0146,,,,,
12:24:17 PM,32900,3948265457.03,,,3255,54.3,32900,0.8246,3.29,0.1754,0.0146,,,,,
12:24:22 PM,32800,3948265462.02,,,3260,54.3,32800,0.8221,3.28,0.1779,0.0148,,,,,
12:24:27 PM,33000,3948265467.02,,,3265,54.4,33000,0.8271,3.30,0.1729,0.0144,,,,,
12:24:32 PM,33100,3948265472.03,,,3270,54.5,33100,0.8296,3.31,0.1704,0.0142,,,,,
12:24:37 PM,33100,3948265477.02,,,3275,54.6,33100,0.8296,3.31,0.1704,0.0142,,,,,
12:24:42 PM,32900,3948265482.02,,,3280,54.7,32900,0.8246,3.29,0.1754,0.0146,,,,,
12:24:47 PM,32900,3948265487.03,,,3285,54.8,32900,0.8246,3.29,0.1754,0.0146,,,,,
12:24:52 PM,32800,3948265492.02,,,3290,54.8,32800,0.8221,3.28,0.1779,0.0148,,,,,
12:24:57 PM,32900,3948265497.03,,,3295,54.9,32900,0.8246,3.29,0.1754,0.0146,,,,,
12:25:02 PM,32900,3948265502.03,,,3300,55.0,32900,0.8246,3.29,0.1754,0.0146,,,,,
12:25:07 PM,32900,3948265507.03,,,3305,55.1,32900,0.8246,3.29,0.1754,0.0146,,,,,
12:25:12 PM,32900,3948265512.03,,,3310,55.2,32900,0.8246,3.29,0.1754,0.0146,,,,,
12:25:17 PM,32800,3948265517.02,,,3315,55.3,32800,0.8221,3.28,0.1779,0.0148,,,,,
12:25:22 PM,32800,3948265522.02,,,3320,55.3,32800,0.8221,3.28,0.1779,0.0148,,,,,
12:25:27 PM,32900,3948265527.03,,,3325,55.4,32900,0.8246,3.29,0.1754,0.0146,,,,,
12:25:32 PM,32900,3948265532.03,,,3330,55.5,32900,0.8246,3.29,0.1754,0.0146,,,,,
12:25:37 PM,32900,3948265537.03,,,3335,55.6,32900,0.8246,3.29,0.1754,0.0146,,,,,
12:25:42 PM,33000,3948265542.03,,,3340,55.7,33000,0.8271,3.30,0.1729,0.0144,,,,,
12:25:47 PM,33100,3948265547.03,,,3345,55.8,33100,0.8296,3.31,0.1704,0.0142,,,,,
12:25:52 PM,33100,3948265552.03,,,3350,55.8,33100,0.8296,3.31,0.1704,0.0142,,,,,
12:25:57 PM,33100,3948265557.02,,,3355,55.9,33100,0.8296,3.31,0.1704,0.0142,,,,,
12:26:02 PM,33000,3948265562.03,,,3360,56.0,33000,0.8271,3.30,0.1729,0.0144,,,,,
12:26:07 PM,32900,3948265567.03,,,3365,56.1,32900,0.8246,3.29,0.1754,0.0146,,,,,
12:26:12 PM,33100,3948265572.03,,,3370,56.2,33100,0.8296,3.31,0.1704,0.0142,,,,,
12:26:17 PM,33100,3948265577.03,,,3375,56.3,33100,0.8296,3.31,0.1704,0.0142,,,,,
12:26:22 PM,32900,3948265582.03,,,3380,56.3,32900,0.8246,3.29,0.1754,0.0146,,,,,
12:26:27 PM,33000,3948265587.03,,,3385,56.4,33000,0.8271,3.30,0.1729,0.0144,,,,,
12:26:32 PM,32800,3948265592.03,,,3390,56.5,32800,0.8221,3.28,0.1779,0.0148,,,,,
12:26:37 PM,32800,3948265597.03,,,3395,56.6,32800,0.8221,3.28,0.1779,0.0148,,,,,
12:26:42 PM,33000,3948265602.03,,,3400,56.7,33000,0.8271,3.30,0.1729,0.0144,,,,,
12:26:47 PM,32900,3948265607.02,,,3405,56.8,32900,0.8246,3.29,0.1754,0.0146,,,,,
12:26:52 PM,33100,3948265612.03,,,3410,56.8,33100,0.8296,3.31,0.1704,0.0142,,,,,
12:26:57 PM,33000,3948265617.03,,,3415,56.9,33000,0.8271,3.30,0.1729,0.0144,,,,,
12:27:02 PM,33000,3948265622.03,,,3420,57.0,33000,0.8271,3.30,0.1729,0.0144,,,,,
12:27:07 PM,32800,3948265627.02,,,3425,57.1,32800,0.8221,3.28,0.1779,0.0148,,,,,
12:27:12 PM,33000,3948265632.03,,,3430,57.2,33000,0.8271,3.30,0.1729,0.0144,,,,,
12:27:17 PM,32900,3948265637.03,,,3435,57.3,32900,0.8246,3.29,0.1754,0.0146,,,,,
12:27:22 PM,33000,3948265642.03,,,3440,57.3,33000,0.8271,3.30,0.1729,0.0144,,,,,
12:27:27 PM,33000,3948265647.03,,,3445,57.4,33000,0.8271,3.30,0.1729,0.0144,,,,,
12:27:32 PM,33000,3948265652.03,,,3450,57.5,33000,0.8271,3.30,0.1729,0.0144,,,,,
12:27:37 PM,33000,3948265657.02,,,3455,57.6,33000,0.8271,3.30,0.1729,0.0144,,,,,
12:27:42 PM,33000,3948265662.02,,,3460,57.7,33000,0.8271,3.30,0.1729,0.0144,,,,,
12:27:47 PM,33100,3948265667.03,,,3465,57.8,33100,0.8296,3.31,0.1704,0.0142,,,,,
12:27:52 PM,33100,3948265672.04,,,3470,57.8,33100,0.8296,3.31,0.1704,0.0142,,,,,
12:27:57 PM,33200,3948265677.03,,,3475,57.9,33200,0.8321,3.32,0.1679,0.0140,,,,,
12:28:02 PM,33000,3948265682.04,,,3480,58.0,33000,0.8271,3.30,0.1729,0.0144,,,,,
12:28:07 PM,32900,3948265687.03,,,3485,58.1,32900,0.8246,3.29,0.1754,0.0146,,,,,
12:28:12 PM,32900,3948265692.02,,,3490,58.2,32900,0.8246,3.29,0.1754,0.0146,,,,,
12:28:17 PM,32900,3948265697.03,,,3495,58.3,32900,0.8246,3.29,0.1754,0.0147,,,,,
12:28:22 PM,33100,3948265702.04,,,3500,58.3,33100,0.8296,3.31,0.1704,0.0142,,,,,
12:28:27 PM,33100,3948265707.02,,,3505,58.4,33100,0.8296,3.31,0.1704,0.0142,,,,,
12:28:32 PM,33300,3948265712.02,,,3510,58.5,33300,0.8346,3.33,0.1654,0.0138,,,,,
12:28:37 PM,33000,3948265717.03,,,3515,58.6,33000,0.8271,3.30,0.1729,0.0144,,,,,
12:28:42 PM,33200,3948265722.03,,,3520,58.7,33200,0.8321,3.32,0.1679,0.0140,,,,,
12:28:47 PM,33100,3948265727.04,,,3525,58.8,33100,0.8296,3.31,0.1704,0.0142,,,,,
12:28:52 PM,33100,3948265732.03,,,3530,58.8,33100,0.8296,3.31,0.1704,0.0142,,,,,
12:28:57 PM,33200,3948265737.03,,,3535,58.9,33200,0.8321,3.32,0.1679,0.0140,,,,,
12:29:02 PM,33100,3948265742.03,,,3540,59.0,33100,0.8296,3.31,0.1704,0.0142,,,,,
12:29:07 PM,33200,3948265747.03,,,3545,59.1,33200,0.8321,3.32,0.1679,0.0140,,,,,
12:29:12 PM,33200,3948265752.04,,,3550,59.2,33200,0.8321,3.32,0.1679,0.0140,,,,,
12:29:17 PM,33000,3948265757.03,,,3555,59.3,33000,0.8271,3.30,0.1729,0.0144,,,,,
12:29:22 PM,33000,3948265762.03,,,3560,59.3,33000,0.8271,3.30,0.1729,0.0144,,,,,
12:29:27 PM,33300,3948265767.02,,,3565,59.4,33300,0.8346,3.33,0.1654,0.0138,,,,,
12:29:32 PM,33300,3948265772.04,,,3570,59.5,33300,0.8346,3.33,0.1654,0.0138,,,,,
12:29:37 PM,33300,3948265777.04,,,3575,59.6,33300,0.8346,3.33,0.1654,0.0138,,,,,
12:29:42 PM,33100,3948265782.04,,,3580,59.7,33100,0.8296,3.31,0.1704,0.0142,,,,,
12:29:47 PM,33200,3948265787.03,,,3585,59.8,33200,0.8321,3.32,0.1679,0.0140,,,,,
12:29:52 PM,33200,3948265792.03,,,3590,59.8,33200,0.8321,3.32,0.1679,0.0140,,,,,
12:29:57 PM,33100,3948265797.03,,,3595,59.9,33100,0.8296,3.31,0.1704,0.0142,,,,,
12:30:02 PM,33300,3948265802.03,,,3600,60.0,33300,0.8346,3.33,0.1654,0.0138,,,,,
12:30:07 PM,33200,3948265807.04,,,3605,60.1,33200,0.8321,3.32,0.1679,0.0140,,,,,
12:30:12 PM,33300,3948265812.02,,,3610,60.2,33300,0.8346,3.33,0.1654,0.0137,,,,,
12:30:17 PM,33200,3948265817.04,,,3615,60.3,33200,0.8321,3.32,0.1679,0.0140,,,,,
12:30:22 PM,33200,3948265822.03,,,3620,60.3,33200,0.8321,3.32,0.1679,0.0140,,,,,
12:30:27 PM,33100,3948265827.03,,,3625,60.4,33100,0.8296,3.31,0.1704,0.0142,,,,,
12:30:32 PM,33200,3948265832.04,,,3630,60.5,33200,0.8321,3.32,0.1679,0.0140,,,,,
12:30:37 PM,33200,3948265837.03,,,3635,60.6,33200,0.8321,3.32,0.1679,0.0140,,,,,
12:30:42 PM,33100,3948265842.03,,,3640,60.7,33100,0.8296,3.31,0.1704,0.0142,,,,,
12:30:47 PM,33200,3948265847.03,,,3645,60.8,33200,0.8321,3.32,0.1679,0.0140,,,,,
12:30:52 PM,33200,3948265852.04,,,3650,60.8,33200,0.8321,3.32,0.1679,0.0140,,,,,
12:30:57 PM,33200,3948265857.03,,,3655,60.9,33200,0.8321,3.32,0.1679,0.0140,,,,,
12:31:02 PM,33200,3948265862.03,,,3660,61.0,33200,0.8321,3.32,0.1679,0.0140,,,,,
12:31:07 PM,33300,3948265867.02,,,3665,61.1,33300,0.8346,3.33,0.1654,0.0138,,,,,
12:31:12 PM,33200,3948265872.04,,,3670,61.2,33200,0.8321,3.32,0.1679,0.0140,,,,,
12:31:17 PM,33100,3948265877.03,,,3675,61.3,33100,0.8296,3.31,0.1704,0.0142,,,,,
12:31:22 PM,33100,3948265882.03,,,3680,61.3,33100,0.8296,3.31,0.1704,0.0142,,,,,
12:31:27 PM,33200,3948265887.04,,,3685,61.4,33200,0.8321,3.32,0.1679,0.0140,,,,,
12:31:32 PM,33200,3948265892.03,,,3690,61.5,33200,0.8321,3.32,0.1679,0.0140,,,,,
12:31:37 PM,33100,3948265897.03,,,3695,61.6,33100,0.8296,3.31,0.1704,0.0142,,,,,
12:31:42 PM,33200,3948265902.03,,,3700,61.7,33200,0.8321,3.32,0.1679,0.0140,,,,,
12:31:47 PM,33200,3948265907.04,,,3705,61.8,33200,0.8321,3.32,0.1679,0.0140,,,,,
12:31:52 PM,33200,3948265912.04,,,3710,61.8,33200,0.8321,3.32,0.1679,0.0140,,,,,
12:31:57 PM,33200,3948265917.04,,,3715,61.9,33200,0.8321,3.32,0.1679,0.0140,,,,,
12:32:02 PM,33200,3948265922.03,,,3720,62.0,33200,0.8321,3.32,0.1679,0.0140,,,,,
12:32:07 PM,33200,3948265927.03,,,3725,62.1,33200,0.8321,3.32,0.1679,0.0140,,,,,
12:32:12 PM,33400,3948265932.03,,,3730,62.2,33400,0.8371,3.34,0.1629,0.0136,,,,,
12:32:17 PM,33200,3948265937.04,,,3735,62.3,33200,0.8321,3.32,0.1679,0.0140,,,,,
12:32:22 PM,33200,3948265942.03,,,3740,62.3,33200,0.8321,3.32,0.1679,0.0140,,,,,
12:32:27 PM,33400,3948265947.03,,,3745,62.4,33400,0.8371,3.34,0.1629,0.0136,,,,,
12:32:32 PM,33200,3948265952.03,,,3750,62.5,33200,0.8321,3.32,0.1679,0.0140,,,,,
12:32:37 PM,33000,3948265957.03,,,3755,62.6,33000,0.8271,3.30,0.1729,0.0144,,,,,
12:32:42 PM,33100,3948265962.03,,,3760,62.7,33100,0.8296,3.31,0.1704,0.0142,,,,,
12:32:47 PM,33000,3948265967.03,,,3765,62.8,33000,0.8271,3.30,0.1729,0.0144,,,,,
12:32:52 PM,33200,3948265972.03,,,3770,62.8,33200,0.8321,3.32,0.1679,0.0140,,,,,
12:32:57 PM,33200,3948265977.03,,,3775,62.9,33200,0.8321,3.32,0.1679,0.0140,,,,,
12:33:02 PM,33000,3948265982.03,,,3780,63.0,33000,0.8271,3.30,0.1729,0.0144,,,,,
12:33:07 PM,33100,3948265987.03,,,3785,63.1,33100,0.8296,3.31,0.1704,0.0142,,,,,
12:33:12 PM,33200,3948265992.03,,,3790,63.2,33200,0.8321,3.32,0.1679,0.0140,,,,,
12:33:17 PM,33300,3948265997.04,,,3795,63.3,33300,0.8346,3.33,0.1654,0.0138,,,,,
12:33:22 PM,33400,3948266002.03,,,3800,63.3,33400,0.8371,3.34,0.1629,0.0136,,,,,
12:33:27 PM,33200,3948266007.03,,,3805,63.4,33200,0.8321,3.32,0.1679,0.0140,,,,,
12:33:32 PM,33200,3948266012.04,,,3810,63.5,33200,0.8321,3.32,0.1679,0.0140,,,,,
12:33:37 PM,33300,3948266017.03,,,3815,63.6,33300,0.8346,3.33,0.1654,0.0138,,,,,
12:33:42 PM,33400,3948266022.03,,,3820,63.7,33400,0.8371,3.34,0.1629,0.0136,,,,,
12:33:47 PM,33400,3948266027.04,,,3825,63.8,33400,0.8371,3.34,0.1629,0.0136,,,,,
12:33:52 PM,33500,3948266032.03,,,3830,63.8,33500,0.8396,3.35,0.1604,0.0134,,,,,
12:33:57 PM,33300,3948266037.03,,,3835,63.9,33300,0.8346,3.33,0.1654,0.0138,,,,,
12:34:02 PM,33300,3948266042.04,,,3840,64.0,33300,0.8346,3.33,0.1654,0.0138,,,,,
12:34:07 PM,33300,3948266047.02,,,3845,64.1,33300,0.8346,3.33,0.1654,0.0138,,,,,
12:34:12 PM,33200,3948266052.03,,,3850,64.2,33200,0.8321,3.32,0.1679,0.0140,,,,,
12:34:17 PM,33200,3948266057.03,,,3855,64.3,33200,0.8321,3.32,0.1679,0.0140,,,,,
12:34:22 PM,33100,3948266062.03,,,3860,64.3,33100,0.8296,3.31,0.1704,0.0142,,,,,
12:34:27 PM,33200,3948266067.04,,,3865,64.4,33200,0.8321,3.32,0.1679,0.0140,,,,,
12:34:32 PM,33300,3948266072.03,,,3870,64.5,33300,0.8346,3.33,0.1654,0.0138,,,,,
12:34:37 PM,33400,3948266077.03,,,3875,64.6,33400,0.8371,3.34,0.1629,0.0136,,,,,
12:34:42 PM,33200,3948266082.03,,,3880,64.7,33200,0.8321,3.32,0.1679,0.0140,,,,,
12:34:47 PM,33200,3948266087.03,,,3885,64.8,33200,0.8321,3.32,0.1679,0.0140,,,,,
12:34:52 PM,33200,3948266092.03,,,3890,64.8,33200,0.8321,3.32,0.1679,0.0140,,,,,
12:34:57 PM,33300,3948266097.04,,,3895,64.9,33300,0.8346,3.33,0.1654,0.0138,,,,,
12:35:02 PM,33300,3948266102.02,,,3900,65.0,33300,0.8346,3.33,0.1654,0.0138,,,,,
12:35:07 PM,33300,3948266107.02,,,3905,65.1,33300,0.8346,3.33,0.1654,0.0138,,,,,
12:35:12 PM,33200,3948266112.04,,,3910,65.2,33200,0.8321,3.32,0.1679,0.0140,,,,,
12:35:17 PM,33100,3948266117.04,,,3915,65.3,33100,0.8296,3.31,0.1704,0.0142,,,,,
12:35:22 PM,33100,3948266122.04,,,3920,65.3,33100,0.8296,3.31,0.1704,0.0142,,,,,
12:35:27 PM,33000,3948266127.04,,,3925,65.4,33000,0.8271,3.30,0.1729,0.0144,,,,,
12:35:32 PM,33200,3948266132.04,,,3930,65.5,33200,0.8321,3.32,0.1679,0.0140,,,,,
12:35:37 PM,33300,3948266137.04,,,3935,65.6,33300,0.8346,3.33,0.1654,0.0138,,,,,
12:35:42 PM,33200,3948266142.04,,,3940,65.7,33200,0.8321,3.32,0.1679,0.0140,,,,,
12:35:47 PM,33300,3948266147.03,,,3945,65.8,33300,0.8346,3.33,0.1654,0.0138,,,,,
12:35:52 PM,33400,3948266152.03,,,3950,65.8,33400,0.8371,3.34,0.1629,0.0136,,,,,
12:35:57 PM,33300,3948266157.04,,,3955,65.9,33300,0.8346,3.33,0.1654,0.0138,,,,,
12:36:02 PM,33300,3948266162.04,,,3960,66.0,33300,0.8346,3.33,0.1654,0.0138,,,,,
12:36:07 PM,33200,3948266167.04,,,3965,66.1,33200,0.8321,3.32,0.1679,0.0140,,,,,
12:36:12 PM,33200,3948266172.03,,,3970,66.2,33200,0.8321,3.32,0.1679,0.0140,,,,,
12:36:17 PM,33300,3948266177.03,,,3975,66.3,33300,0.8346,3.33,0.1654,0.0138,,,,,
12:36:22 PM,33100,3948266182.04,,,3980,66.3,33100,0.8296,3.31,0.1704,0.0142,,,,,
12:36:27 PM,33200,3948266187.04,,,3985,66.4,33200,0.8321,3.32,0.1679,0.0140,,,,,
12:36:32 PM,33400,3948266192.03,,,3990,66.5,33400,0.8371,3.34,0.1629,0.0136,,,,,
12:36:37 PM,33200,3948266197.04,,,3995,66.6,33200,0.8321,3.32,0.1679,0.0140,,,,,
12:36:42 PM,33200,3948266202.04,,,4000,66.7,33200,0.8321,3.32,0.1679,0.0140,,,,,
12:36:47 PM,33300,3948266207.04,,,4005,66.8,33300,0.8346,3.33,0.1654,0.0138,,,,,
12:36:52 PM,33400,3948266212.04,,,4010,66.8,33400,0.8371,3.34,0.1629,0.0136,,,,,
12:36:57 PM,33300,3948266217.13,,,4015,66.9,33300,0.8346,3.33,0.1654,0.0140,,,,,
12:37:02 PM,33300,3948266222.04,,,4020,67.0,33300,0.8346,3.33,0.1654,0.0135,,,,,
12:37:07 PM,33300,3948266227.04,,,4025,67.1,33300,0.8346,3.33,0.1654,0.0138,,,,,
12:37:12 PM,33400,3948266232.04,,,4030,67.2,33400,0.8371,3.34,0.1629,0.0136,,,,,
12:37:17 PM,33400,3948266237.03,,,4035,67.3,33400,0.8371,3.34,0.1629,0.0136,,,,,
12:37:22 PM,33300,3948266242.04,,,4040,67.3,33300,0.8346,3.33,0.1654,0.0138,,,,,
12:37:27 PM,33300,3948266247.03,,,4045,67.4,33300,0.8346,3.33,0.1654,0.0138,,,,,
12:37:32 PM,33400,3948266252.04,,,4050,67.5,33400,0.8371,3.34,0.1629,0.0136,,,,,
12:37:37 PM,33500,3948266257.04,,,4055,67.6,33500,0.8396,3.35,0.1604,0.0134,,,,,
12:37:42 PM,33500,3948266262.04,,,4060,67.7,33500,0.8396,3.35,0.1604,0.0134,,,,,
12:37:47 PM,33600,3948266267.03,,,4065,67.8,33600,0.8421,3.36,0.1579,0.0132,,,,,
12:37:52 PM,33600,3948266272.04,,,4070,67.8,33600,0.8421,3.36,0.1579,0.0132,,,,,
12:37:57 PM,33500,3948266277.03,,,4075,67.9,33500,0.8396,3.35,0.1604,0.0133,,,,,
12:38:02 PM,33300,3948266282.04,,,4080,68.0,33300,0.8346,3.33,0.1654,0.0138,,,,,
12:38:07 PM,33300,3948266287.04,,,4085,68.1,33300,0.8346,3.33,0.1654,0.0138,,,,,
12:38:12 PM,33200,3948266292.04,,,4090,68.2,33200,0.8321,3.32,0.1679,0.0140,,,,,
12:38:17 PM,33200,3948266297.04,,,4095,68.3,33200,0.8321,3.32,0.1679,0.0140,,,,,
12:38:22 PM,33300,3948266302.03,,,4100,68.3,33300,0.8346,3.33,0.1654,0.0138,,,,,
12:38:27 PM,33300,3948266307.04,,,4105,68.4,33300,0.8346,3.33,0.1654,0.0138,,,,,
12:38:32 PM,33200,3948266312.04,,,4110,68.5,33200,0.8321,3.32,0.1679,0.0140,,,,,
12:38:37 PM,33300,3948266317.04,,,4115,68.6,33300,0.8346,3.33,0.1654,0.0138,,,,,
12:38:42 PM,33200,3948266322.03,,,4120,68.7,33200,0.8321,3.32,0.1679,0.0140,,,,,
12:38:47 PM,33200,3948266327.04,,,4125,68.8,33200,0.8321,3.32,0.1679,0.0140,,,,,
12:38:52 PM,33400,3948266332.04,,,4130,68.8,33400,0.8371,3.34,0.1629,0.0136,,,,,
12:38:57 PM,33300,3948266337.04,,,4135,68.9,33300,0.8346,3.33,0.1654,0.0138,,,,,
12:39:02 PM,33300,3948266342.04,,,4140,69.0,33300,0.8346,3.33,0.1654,0.0138,,,,,
12:39:07 PM,33400,3948266347.03,,,4145,69.1,33400,0.8371,3.34,0.1629,0.0136,,,,,
12:39:12 PM,33200,3948266352.04,,,4150,69.2,33200,0.8321,3.32,0.1679,0.0140,,,,,
12:39:17 PM,33300,3948266357.04,,,4155,69.3,33300,0.8346,3.33,0.1654,0.0138,,,,,
12:39:22 PM,33500,3948266362.04,,,4160,69.3,33500,0.8396,3.35,0.1604,0.0134,,,,,
12:39:27 PM,33500,3948266367.04,,,4165,69.4,33500,0.8396,3.35,0.1604,0.0134,,,,,
12:39:32 PM,33600,3948266372.04,,,4170,69.5,33600,0.8421,3.36,0.1579,0.0132,,,,,
12:39:37 PM,33600,3948266377.04,,,4175,69.6,33600,0.8421,3.36,0.1579,0.0132,,,,,
12:39:42 PM,33500,3948266382.04,,,4180,69.7,33500,0.8396,3.35,0.1604,0.0134,,,,,
12:39:47 PM,33400,3948266387.03,,,4185,69.8,33400,0.8371,3.34,0.1629,0.0136,,,,,
12:39:52 PM,33500,3948266392.04,,,4190,69.8,33500,0.8396,3.35,0.1604,0.0134,,,,,
12:39:57 PM,33400,3948266397.04,,,4195,69.9,33400,0.8371,3.34,0.1629,0.0136,,,,,
12:40:02 PM,33500,3948266402.04,,,4200,70.0,33500,0.8396,3.35,0.1604,0.0134,,,,,
12:40:07 PM,33600,3948266407.04,,,4205,70.1,33600,0.8421,3.36,0.1579,0.0132,,,,,
12:40:12 PM,33400,3948266412.04,,,4210,70.2,33400,0.8371,3.34,0.1629,0.0136,,,,,
12:40:17 PM,33400,3948266417.04,,,4215,70.3,33400,0.8371,3.34,0.1629,0.0136,,,,,
12:40:22 PM,33600,3948266422.04,,,4220,70.3,33600,0.8421,3.36,0.1579,0.0132,,,,,
12:40:27 PM,33300,3948266427.03,,,4225,70.4,33300,0.8346,3.33,0.1654,0.0138,,,,,
12:40:32 PM,33600,3948266432.04,,,4230,70.5,33600,0.8421,3.36,0.1579,0.0132,,,,,
12:40:37 PM,33500,3948266437.04,,,4235,70.6,33500,0.8396,3.35,0.1604,0.0134,,,,,
12:40:42 PM,33500,3948266442.03,,,4240,70.7,33500,0.8396,3.35,0.1604,0.0133,,,,,
12:40:47 PM,33500,3948266447.03,,,4245,70.8,33500,0.8396,3.35,0.1604,0.0134,,,,,
12:40:52 PM,33400,3948266452.03,,,4250,70.8,33400,0.8371,3.34,0.1629,0.0136,,,,,
12:40:57 PM,33500,3948266457.03,,,4255,70.9,33500,0.8396,3.35,0.1604,0.0134,,,,,
12:41:02 PM,33500,3948266462.04,,,4260,71.0,33500,0.8396,3.35,0.1604,0.0134,,,,,
12:41:07 PM,33400,3948266467.04,,,4265,71.1,33400,0.8371,3.34,0.1629,0.0136,,,,,
12:41:12 PM,33500,3948266472.03,,,4270,71.2,33500,0.8396,3.35,0.1604,0.0134,,,,,
12:41:17 PM,33600,3948266477.04,,,4275,71.3,33600,0.8421,3.36,0.1579,0.0132,,,,,
12:41:22 PM,33500,3948266482.04,,,4280,71.3,33500,0.8396,3.35,0.1604,0.0134,,,,,
12:41:27 PM,33400,3948266487.04,,,4285,71.4,33400,0.8371,3.34,0.1629,0.0136,,,,,
12:41:32 PM,33500,3948266492.04,,,4290,71.5,33500,0.8396,3.35,0.1604,0.0134,,,,,
12:41:37 PM,33300,3948266497.04,,,4295,71.6,33300,0.8346,3.33,0.1654,0.0138,,,,,
12:41:42 PM,33500,3948266502.04,,,4300,71.7,33500,0.8396,3.35,0.1604,0.0134,,,,,
12:41:47 PM,33600,3948266507.04,,,4305,71.8,33600,0.8421,3.36,0.1579,0.0132,,,,,
12:41:52 PM,33600,3948266512.04,,,4310,71.8,33600,0.8421,3.36,0.1579,0.0132,,,,,
12:41:57 PM,33600,3948266517.04,,,4315,71.9,33600,0.8421,3.36,0.1579,0.0131,,,,,
12:42:02 PM,33600,3948266522.04,,,4320,72.0,33600,0.8421,3.36,0.1579,0.0132,,,,,
12:42:07 PM,33600,3948266527.04,,,4325,72.1,33600,0.8421,3.36,0.1579,0.0132,,,,,
12:42:12 PM,33300,3948266532.04,,,4330,72.2,33300,0.8346,3.33,0.1654,0.0138,,,,,
12:42:17 PM,33300,3948266537.03,,,4335,72.3,33300,0.8346,3.33,0.1654,0.0138,,,,,
12:42:22 PM,33400,3948266542.04,,,4340,72.3,33400,0.8371,3.34,0.1629,0.0136,,,,,
12:42:27 PM,33500,3948266547.03,,,4345,72.4,33500,0.8396,3.35,0.1604,0.0133,,,,,
12:42:32 PM,33300,3948266552.04,,,4350,72.5,33300,0.8346,3.33,0.1654,0.0138,,,,,
12:42:37 PM,33500,3948266557.04,,,4355,72.6,33500,0.8396,3.35,0.1604,0.0134,,,,,
12:42:42 PM,33400,3948266562.04,,,4360,72.7,33400,0.8371,3.34,0.1629,0.0136,,,,,
12:42:47 PM,33500,3948266567.04,,,4365,72.8,33500,0.8396,3.35,0.1604,0.0134,,,,,
12:42:52 PM,33500,3948266572.04,,,4370,72.8,33500,0.8396,3.35,0.1604,0.0134,,,,,
12:42:57 PM,33300,3948266577.04,,,4375,72.9,33300,0.8346,3.33,0.1654,0.0138,,,,,
12:43:02 PM,33300,3948266582.04,,,4380,73.0,33300,0.8346,3.33,0.1654,0.0138,,,,,
12:43:07 PM,33500,3948266587.40,,,4385,73.1,33500,0.8396,3.35,0.1604,0.0143,,,,,
12:43:12 PM,33600,3948266592.39,,,4390,73.2,33600,0.8421,3.36,0.1579,0.0131,,,,,
12:43:17 PM,33400,3948266597.35,,,4395,73.3,33400,0.8371,3.34,0.1629,0.0135,,,,,
12:43:22 PM,33500,3948266602.28,,,4400,73.3,33500,0.8396,3.35,0.1604,0.0132,,,,,
12:43:27 PM,33400,3948266607.21,,,4405,73.4,33400,0.8371,3.34,0.1629,0.0134,,,,,
12:43:32 PM,33300,3948266612.20,,,4410,73.5,33300,0.8346,3.33,0.1654,0.0138,,,,,
12:43:37 PM,33300,3948266617.15,,,4415,73.6,33300,0.8346,3.33,0.1654,0.0137,,,,,
12:43:42 PM,33500,3948266622.10,,,4420,73.7,33500,0.8396,3.35,0.1604,0.0132,,,,,
12:43:47 PM,33500,3948266627.04,,,4425,73.8,33500,0.8396,3.35,0.1604,0.0132,,,,,
12:43:52 PM,33500,3948266632.04,,,4430,73.8,33500,0.8396,3.35,0.1604,0.0134,,,,,
12:43:57 PM,33500,3948266637.03,,,4435,73.9,33500,0.8396,3.35,0.1604,0.0133,,,,,
12:44:02 PM,33400,3948266642.04,,,4440,74.0,33400,0.8371,3.34,0.1629,0.0136,,,,,
12:44:07 PM,33300,3948266647.09,,,4445,74.1,33300,0.8346,3.33,0.1654,0.0139,,,,,
12:44:12 PM,33200,3948266652.04,,,4450,74.2,33200,0.8321,3.32,0.1679,0.0139,,,,,
12:44:17 PM,33400,3948266657.04,,,4455,74.3,33400,0.8371,3.34,0.1629,0.0136,,,,,
12:44:22 PM,33400,3948266662.04,,,4460,74.3,33400,0.8371,3.34,0.1629,0.0136,,,,,
12:44:27 PM,33600,3948266667.04,,,4465,74.4,33600,0.8421,3.36,0.1579,0.0132,,,,,
12:44:32 PM,33500,3948266672.04,,,4470,74.5,33500,0.8396,3.35,0.1604,0.0134,,,,,
12:44:37 PM,33500,3948266677.07,,,4475,74.6,33500,0.8396,3.35,0.1604,0.0134,,,,,
12:44:42 PM,33400,3948266682.06,,,4480,74.7,33400,0.8371,3.34,0.1629,0.0136,,,,,
12:44:47 PM,33600,3948266687.05,,,4485,74.8,33600,0.8421,3.36,0.1579,0.0131,,,,,
12:44:52 PM,33500,3948266692.04,,,4490,74.8,33500,0.8396,3.35,0.1604,0.0133,,,,,
12:44:57 PM,33700,3948266697.04,,,4495,74.9,33700,0.8446,3.37,0.1554,0.0130,,,,,
12:45:02 PM,33600,3948266702.15,,,4500,75.0,33600,0.8421,3.36,0.1579,0.0134,,,,,
12:45:07 PM,33500,3948266707.26,,,4505,75.1,33500,0.8396,3.35,0.1604,0.0137,,,,,
12:45:12 PM,33400,3948266712.21,,,4510,75.2,33400,0.8371,3.34,0.1629,0.0134,,,,,
12:45:17 PM,33500,3948266717.16,,,4515,75.3,33500,0.8396,3.35,0.1604,0.0133,,,,,
12:45:22 PM,33500,3948266722.11,,,4520,75.3,33500,0.8396,3.35,0.1604,0.0132,,,,,
12:45:27 PM,33500,3948266727.05,,,4525,75.4,33500,0.8396,3.35,0.1604,0.0132,,,,,
12:45:32 PM,33600,3948266732.04,,,4530,75.5,33600,0.8421,3.36,0.1579,0.0131,,,,,
12:45:37 PM,33600,3948266737.04,,,4535,75.6,33600,0.8421,3.36,0.1579,0.0132,,,,,
12:45:42 PM,33500,3948266742.04,,,4540,75.7,33500,0.8396,3.35,0.1604,0.0134,,,,,
12:45:47 PM,33600,3948266747.06,,,4545,75.8,33600,0.8421,3.36,0.1579,0.0132,,,,,
12:45:52 PM,33600,3948266752.06,,,4550,75.8,33600,0.8421,3.36,0.1579,0.0132,,,,,
12:45:57 PM,33500,3948266757.12,,,4555,75.9,33500,0.8396,3.35,0.1604,0.0135,,,,,
12:46:02 PM,33500,3948266762.20,,,4560,76.0,33500,0.8396,3.35,0.1604,0.0136,,,,,
12:46:07 PM,33500,3948266767.17,,,4565,76.1,33500,0.8396,3.35,0.1604,0.0133,,,,,
12:46:12 PM,33500,3948266772.17,,,4570,76.2,33500,0.8396,3.35,0.1604,0.0134,,,,,
12:46:17 PM,33500,3948266777.15,,,4575,76.3,33500,0.8396,3.35,0.1604,0.0133,,,,,
12:46:22 PM,33600,3948266782.09,,,4580,76.3,33600,0.8421,3.36,0.1579,0.0130,,,,,
12:46:27 PM,33400,3948266787.12,,,4585,76.4,33400,0.8371,3.34,0.1629,0.0137,,,,,
12:46:32 PM,33300,3948266792.25,,,4590,76.5,33300,0.8346,3.33,0.1654,0.0141,,,,,
12:46:37 PM,33400,3948266797.26,,,4595,76.6,33400,0.8371,3.34,0.1629,0.0136,,,,,
12:46:42 PM,33500,3948266802.32,,,4600,76.7,33500,0.8396,3.35,0.1604,0.0135,,,,,
12:46:47 PM,33600,3948266807.39,,,4605,76.8,33600,0.8421,3.36,0.1579,0.0133,,,,,
12:46:52 PM,33500,3948266812.50,,,4611,76.8,33500,0.8396,3.35,0.1604,0.0137,,,,,
12:46:58 PM,33800,3948266817.59,,,4616,76.9,33800,0.8471,3.38,0.1529,0.0130,,,,,
12:47:03 PM,33700,3948266822.60,,,4621,77.0,33700,0.8446,3.37,0.1554,0.0130,,,,,
12:47:08 PM,33700,3948266827.68,,,4626,77.1,33700,0.8446,3.37,0.1554,0.0132,,,,,
12:47:13 PM,33700,3948266832.72,,,4631,77.2,33700,0.8446,3.37,0.1554,0.0130,,,,,
12:47:18 PM,33500,3948266837.74,,,4636,77.3,33500,0.8396,3.35,0.1604,0.0134,,,,,
12:47:23 PM,33400,3948266842.77,,,4641,77.3,33400,0.8371,3.34,0.1629,0.0136,,,,,
12:47:28 PM,33500,3948266847.90,,,4646,77.4,33500,0.8396,3.35,0.1604,0.0137,,,,,
12:47:33 PM,33600,3948266853.02,,,4651,77.5,33600,0.8421,3.36,0.1579,0.0135,,,,,
12:47:38 PM,33700,3948266858.23,,,4656,77.6,33700,0.8446,3.37,0.1554,0.0135,,,,,
12:47:43 PM,33800,3948266863.40,,,4661,77.7,33800,0.8471,3.38,0.1529,0.0132,,,,,
12:47:49 PM,33800,3948266868.51,,,4667,77.8,33800,0.8471,3.38,0.1529,0.0130,,,,,
12:47:54 PM,33300,3948266873.66,,,4672,77.9,33300,0.8346,3.33,0.1654,0.0142,,,,,
12:47:59 PM,33500,3948266878.84,,,4677,77.9,33500,0.8396,3.35,0.1604,0.0138,,,,,
12:48:04 PM,33500,3948266883.96,,,4682,78.0,33500,0.8396,3.35,0.1604,0.0137,,,,,
12:48:09 PM,33500,3948266889.12,,,4687,78.1,33500,0.8396,3.35,0.1604,0.0138,,,,,
12:48:14 PM,33400,3948266894.15,,,4692,78.2,33400,0.8371,3.34,0.1629,0.0137,,,,,
12:48:19 PM,33500,3948266899.25,,,4697,78.3,33500,0.8396,3.35,0.1604,0.0136,,,,,
12:48:24 PM,33500,3948266904.35,,,4702,78.4,33500,0.8396,3.35,0.1604,0.0136,,,,,
12:48:30 PM,33600,3948266909.52,,,4708,78.5,33600,0.8421,3.36,0.1579,0.0136,,,,,
12:48:35 PM,33500,3948266914.56,,,4713,78.5,33500,0.8396,3.35,0.1604,0.0135,,,,,
12:48:40 PM,33500,3948266919.73,,,4718,78.6,33500,0.8396,3.35,0.1604,0.0138,,,,,
12:48:45 PM,33700,3948266924.86,,,4723,78.7,33700,0.8446,3.37,0.1554,0.0133,,,,,
12:48:50 PM,33500,3948266929.95,,,4728,78.8,33500,0.8396,3.35,0.1604,0.0136,,,,,
12:48:55 PM,33500,3948266935.16,,,4733,78.9,33500,0.8396,3.35,0.1604,0.0139,,,,,
12:49:00 PM,33500,3948266940.34,,,4738,79.0,33500,0.8396,3.35,0.1604,0.0138,,,,,
12:49:06 PM,33500,3948266945.53,,,4744,79.1,33500,0.8396,3.35,0.1604,0.0139,,,,,
12:49:11 PM,33500,3948266950.65,,,4749,79.1,33500,0.8396,3.35,0.1604,0.0137,,,,,
12:49:16 PM,33700,3948266955.78,,,4754,79.2,33700,0.8446,3.37,0.1554,0.0133,,,,,
12:49:21 PM,33600,3948266960.87,,,4759,79.3,33600,0.8421,3.36,0.1579,0.0134,,,,,
12:49:26 PM,33700,3948266966.02,,,4764,79.4,33700,0.8446,3.37,0.1554,0.0133,,,,,
12:49:31 PM,33600,3948266971.21,,,4769,79.5,33600,0.8421,3.36,0.1579,0.0137,,,,,
12:49:36 PM,33600,3948266976.43,,,4774,79.6,33600,0.8421,3.36,0.1579,0.0137,,,,,
12:49:42 PM,33500,3948266981.59,,,4780,79.7,33500,0.8396,3.35,0.1604,0.0138,,,,,
12:49:47 PM,33500,3948266987.03,,,4785,79.8,33500,0.8396,3.35,0.1604,0.0145,,,,,
12:49:52 PM,33500,3948266992.27,,,4790,79.8,33500,0.8396,3.35,0.1604,0.0140,,,,,
12:49:58 PM,33500,3948266997.56,,,4796,79.9,33500,0.8396,3.35,0.1604,0.0141,,,,,
12:50:03 PM,33400,3948267002.80,,,4801,80.0,33400,0.8371,3.34,0.1629,0.0142,,,,,
12:50:08 PM,33500,3948267008.08,,,4806,80.1,33500,0.8396,3.35,0.1604,0.0141,,,,,
12:50:13 PM,33600,3948267013.28,,,4811,80.2,33600,0.8421,3.36,0.1579,0.0137,,,,,
12:50:19 PM,33600,3948267018.52,,,4817,80.3,33600,0.8421,3.36,0.1579,0.0138,,,,,
12:50:24 PM,33700,3948267023.80,,,4822,80.4,33700,0.8446,3.37,0.1554,0.0137,,,,,
12:50:29 PM,33500,3948267029.01,,,4827,80.5,33500,0.8396,3.35,0.1604,0.0139,,,,,
12:50:34 PM,33600,3948267034.22,,,4832,80.5,33600,0.8421,3.36,0.1579,0.0137,,,,,
12:50:39 PM,33500,3948267039.32,,,4837,80.6,33500,0.8396,3.35,0.1604,0.0136,,,,,
12:50:45 PM,33500,3948267044.67,,,4843,80.7,33500,0.8396,3.35,0.1604,0.0143,,,,,
12:50:50 PM,33500,3948267049.84,,,4848,80.8,33500,0.8396,3.35,0.1604,0.0138,,,,,
12:50:55 PM,33400,3948267055.08,,,4853,80.9,33400,0.8371,3.34,0.1629,0.0142,,,,,
12:51:00 PM,33400,3948267060.30,,,4858,81.0,33400,0.8371,3.34,0.1629,0.0142,,,,,
12:51:06 PM,33300,3948267065.50,,,4864,81.1,33300,0.8346,3.33,0.1654,0.0143,,,,,
12:51:11 PM,33500,3948267070.77,,,4869,81.1,33500,0.8396,3.35,0.1604,0.0141,,,,,
12:51:16 PM,33600,3948267076.00,,,4874,81.2,33600,0.8421,3.36,0.1579,0.0138,,,,,
12:51:21 PM,33600,3948267081.24,,,4879,81.3,33600,0.8421,3.36,0.1579,0.0138,,,,,
12:51:27 PM,33500,3948267086.54,,,4885,81.4,33500,0.8396,3.35,0.1604,0.0142,,,,,
12:51:32 PM,33600,3948267091.80,,,4890,81.5,33600,0.8421,3.36,0.1579,0.0138,,,,,
12:51:37 PM,33600,3948267097.01,,,4895,81.6,33600,0.8421,3.36,0.1579,0.0137,,,,,
12:51:42 PM,33500,3948267102.25,,,4900,81.7,33500,0.8396,3.35,0.1604,0.0140,,,,,
12:51:47 PM,33500,3948267107.49,,,4905,81.8,33500,0.8396,3.35,0.1604,0.0140,,,,,
12:51:53 PM,33500,3948267112.75,,,4911,81.8,33500,0.8396,3.35,0.1604,0.0140,,,,,
12:51:58 PM,33600,3948267117.99,,,4916,81.9,33600,0.8421,3.36,0.1579,0.0138,,,,,
12:52:03 PM,33500,3948267123.25,,,4921,82.0,33500,0.8396,3.35,0.1604,0.0141,,,,,
12:52:09 PM,33500,3948267128.52,,,4927,82.1,33500,0.8396,3.35,0.1604,0.0141,,,,,
12:52:14 PM,33600,3948267133.82,,,4932,82.2,33600,0.8421,3.36,0.1579,0.0139,,,,,
12:52:19 PM,33500,3948267139.11,,,4937,82.3,33500,0.8396,3.35,0.1604,0.0141,,,,,
12:52:24 PM,33800,3948267144.45,,,4942,82.4,33800,0.8471,3.38,0.1529,0.0136,,,,,
12:52:30 PM,33700,3948267149.85,,,4948,82.5,33700,0.8446,3.37,0.1554,0.0140,,,,,
12:52:35 PM,33600,3948267155.20,,,4953,82.6,33600,0.8421,3.36,0.1579,0.0141,,,,,
12:52:40 PM,33600,3948267160.48,,,4958,82.6,33600,0.8421,3.36,0.1579,0.0139,,,,,
12:52:46 PM,33600,3948267165.80,,,4964,82.7,33600,0.8421,3.36,0.1579,0.0140,,,,,
12:52:51 PM,33700,3948267171.22,,,4969,82.8,33700,0.8446,3.37,0.1554,0.0140,,,,,
12:52:57 PM,33700,3948267176.59,,,4975,82.9,33700,0.8446,3.37,0.1554,0.0139,,,,,
12:53:02 PM,33400,3948267181.98,,,4980,83.0,33400,0.8371,3.34,0.1629,0.0146,,,,,
12:53:08 PM,33700,3948267187.72,,,4986,83.1,33700,0.8446,3.37,0.1554,0.0149,,,,,
12:53:13 PM,33700,3948267193.05,,,4991,83.2,33700,0.8446,3.37,0.1554,0.0138,,,,,
12:53:18 PM,33600,3948267198.47,,,4996,83.3,33600,0.8421,3.36,0.1579,0.0143,,,,,
12:53:24 PM,33500,3948267203.89,,,5002,83.4,33500,0.8396,3.35,0.1604,0.0145,,,,,
12:53:29 PM,33500,3948267209.35,,,5007,83.5,33500,0.8396,3.35,0.1604,0.0146,,,,,
12:53:35 PM,33800,3948267214.75,,,5013,83.5,33800,0.8471,3.38,0.1529,0.0138,,,,,
12:53:40 PM,33600,3948267220.05,,,5018,83.6,33600,0.8421,3.36,0.1579,0.0139,,,,,
12:53:45 PM,33500,3948267225.39,,,5023,83.7,33500,0.8396,3.35,0.1604,0.0143,,,,,
12:53:51 PM,33600,3948267230.79,,,5029,83.8,33600,0.8421,3.36,0.1579,0.0142,,,,,
12:53:56 PM,33600,3948267236.22,,,5034,83.9,33600,0.8421,3.36,0.1579,0.0143,,,,,
12:54:02 PM,33500,3948267241.60,,,5040,84.0,33500,0.8396,3.35,0.1604,0.0144,,,,,
12:54:07 PM,33500,3948267246.96,,,5045,84.1,33500,0.8396,3.35,0.1604,0.0143,,,,,
12:54:12 PM,33600,3948267252.39,,,5050,84.2,33600,0.8421,3.36,0.1579,0.0143,,,,,
12:54:18 PM,33500,3948267257.76,,,5056,84.3,33500,0.8396,3.35,0.1604,0.0144,,,,,
12:54:23 PM,33500,3948267263.19,,,5061,84.4,33500,0.8396,3.35,0.1604,0.0145,,,,,
12:54:29 PM,33500,3948267268.66,,,5067,84.4,33500,0.8396,3.35,0.1604,0.0146,,,,,
12:54:34 PM,33600,3948267274.08,,,5072,84.5,33600,0.8421,3.36,0.1579,0.0143,,,,,
12:54:39 PM,33600,3948267279.48,,,5077,84.6,33600,0.8421,3.36,0.1579,0.0142,,,,,
12:54:45 PM,33600,3948267284.88,,,5083,84.7,33600,0.8421,3.36,0.1579,0.0142,,,,,
12:54:50 PM,33800,3948267290.31,,,5088,84.8,33800,0.8471,3.38,0.1529,0.0138,,,,,
12:54:56 PM,33600,3948267295.72,,,5094,84.9,33600,0.8421,3.36,0.1579,0.0142,,,,,
12:55:01 PM,33900,3948267301.14,,,5099,85.0,33900,0.8496,3.39,0.1504,0.0136,,,,,
12:55:07 PM,33900,3948267306.53,,,5105,85.1,33900,0.8496,3.39,0.1504,0.0135,,,,,
12:55:12 PM,33600,3948267311.97,,,5110,85.2,33600,0.8421,3.36,0.1579,0.0143,,,,,
12:55:17 PM,33900,3948267317.42,,,5115,85.3,33900,0.8496,3.39,0.1504,0.0137,,,,,
12:55:23 PM,33800,3948267322.83,,,5121,85.3,33800,0.8471,3.38,0.1529,0.0138,,,,,
12:55:28 PM,33700,3948267328.30,,,5126,85.4,33700,0.8446,3.37,0.1554,0.0142,,,,,
12:55:34 PM,33800,3948267333.69,,,5132,85.5,33800,0.8471,3.38,0.1529,0.0137,,,,,
12:55:39 PM,33800,3948267339.09,,,5137,85.6,33800,0.8471,3.38,0.1529,0.0138,,,,,
12:55:44 PM,33800,3948267344.42,,,5142,85.7,33800,0.8471,3.38,0.1529,0.0136,,,,,
12:55:50 PM,33900,3948267349.86,,,5148,85.8,33900,0.8496,3.39,0.1504,0.0136,,,,,
12:55:55 PM,33800,3948267355.26,,,5153,85.9,33800,0.8471,3.38,0.1529,0.0138,,,,,
12:56:01 PM,33600,3948267360.67,,,5159,86.0,33600,0.8421,3.36,0.1579,0.0142,,,,,
12:56:06 PM,33600,3948267366.11,,,5164,86.1,33600,0.8421,3.36,0.1579,0.0143,,,,,
12:56:12 PM,33600,3948267371.55,,,5170,86.2,33600,0.8421,3.36,0.1579,0.0143,,,,,
12:56:17 PM,33600,3948267376.95,,,5175,86.2,33600,0.8421,3.36,0.1579,0.0142,,,,,
12:56:22 PM,33800,3948267382.30,,,5180,86.3,33800,0.8471,3.38,0.1529,0.0136,,,,,
12:56:28 PM,33800,3948267387.71,,,5186,86.4,33800,0.8471,3.38,0.1529,0.0138,,,,,
12:56:33 PM,33700,3948267393.14,,,5191,86.5,33700,0.8446,3.37,0.1554,0.0141,,,,,
12:56:39 PM,33800,3948267398.59,,,5197,86.6,33800,0.8471,3.38,0.1529,0.0139,,,,,
12:56:44 PM,33800,3948267404.01,,,5202,86.7,33800,0.8471,3.38,0.1529,0.0138,,,,,
12:56:49 PM,33800,3948267409.47,,,5207,86.8,33800,0.8471,3.38,0.1529,0.0139,,,,,
12:56:55 PM,33600,3948267414.97,,,5213,86.9,33600,0.8421,3.36,0.1579,0.0145,,,,,
12:57:00 PM,33600,3948267420.45,,,5218,87.0,33600,0.8421,3.36,0.1579,0.0144,,,,,
12:57:06 PM,33600,3948267425.99,,,5224,87.1,33600,0.8421,3.36,0.1579,0.0146,,,,,
12:57:12 PM,33700,3948267431.54,,,5230,87.2,33700,0.8446,3.37,0.1554,0.0144,,,,,
12:57:17 PM,33600,3948267437.00,,,5235,87.3,33600,0.8421,3.36,0.1579,0.0144,,,,,
12:57:23 PM,33600,3948267442.57,,,5241,87.3,33600,0.8421,3.36,0.1579,0.0147,,,,,
12:57:28 PM,33800,3948267448.10,,,5246,87.4,33800,0.8471,3.38,0.1529,0.0141,,,,,
12:57:34 PM,33800,3948267453.62,,,5252,87.5,33800,0.8471,3.38,0.1529,0.0141,,,,,
12:57:39 PM,33600,3948267459.11,,,5257,87.6,33600,0.8421,3.36,0.1579,0.0145,,,,,
12:57:45 PM,33500,3948267464.60,,,5263,87.7,33500,0.8396,3.35,0.1604,0.0147,,,,,
12:57:50 PM,33800,3948267470.12,,,5268,87.8,33800,0.8471,3.38,0.1529,0.0141,,,,,
12:57:56 PM,33400,3948267475.73,,,5274,87.9,33400,0.8371,3.34,0.1629,0.0152,,,,,
12:58:01 PM,33600,3948267481.26,,,5279,88.0,33600,0.8421,3.36,0.1579,0.0146,,,,,
12:58:07 PM,33600,3948267486.86,,,5285,88.1,33600,0.8421,3.36,0.1579,0.0147,,,,,
12:58:12 PM,33600,3948267492.38,,,5290,88.2,33600,0.8421,3.36,0.1579,0.0145,,,,,
12:58:18 PM,33800,3948267497.84,,,5296,88.3,33800,0.8471,3.38,0.1529,0.0139,,,,,
12:58:23 PM,33600,3948267503.32,,,5301,88.4,33600,0.8421,3.36,0.1579,0.0144,,,,,
12:58:29 PM,33800,3948267508.98,,,5307,88.4,33800,0.8471,3.38,0.1529,0.0144,,,,,
12:58:35 PM,34000,3948267514.52,,,5313,88.5,34000,0.8521,3.40,0.1479,0.0137,,,,,
12:58:40 PM,33800,3948267520.08,,,5318,88.6,33800,0.8471,3.38,0.1529,0.0142,,,,,
12:58:46 PM,33800,3948267525.60,,,5324,88.7,33800,0.8471,3.38,0.1529,0.0141,,,,,
12:58:51 PM,33800,3948267531.17,,,5329,88.8,33800,0.8471,3.38,0.1529,0.0142,,,,,
12:58:57 PM,33800,3948267536.78,,,5335,88.9,33800,0.8471,3.38,0.1529,0.0143,,,,,
12:59:02 PM,33800,3948267542.40,,,5340,89.0,33800,0.8471,3.38,0.1529,0.0143,,,,,
12:59:08 PM,33900,3948267548.00,,,5346,89.1,33900,0.8496,3.39,0.1504,0.0140,,,,,
12:59:13 PM,33900,3948267553.50,,,5352,89.2,33900,0.8496,3.39,0.1504,0.0138,,,,,
12:59:19 PM,33700,3948267559.12,,,5357,89.3,33700,0.8446,3.37,0.1554,0.0145,,,,,
12:59:25 PM,33800,3948267564.70,,,5363,89.4,33800,0.8471,3.38,0.1529,0.0142,,,,,
12:59:30 PM,33800,3948267570.26,,,5368,89.5,33800,0.8471,3.38,0.1529,0.0142,,,,,
12:59:36 PM,33600,3948267575.85,,,5374,89.6,33600,0.8421,3.36,0.1579,0.0147,,,,,
12:59:41 PM,33600,3948267581.48,,,5379,89.7,33600,0.8421,3.36,0.1579,0.0148,,,,,
12:59:47 PM,33600,3948267587.17,,,5385,89.8,33600,0.8421,3.36,0.1579,0.0150,,,,,
12:59:53 PM,33800,3948267592.81,,,5391,89.8,33800,0.8471,3.38,0.1529,0.0144,,,,,
12:59:58 PM,33800,3948267598.47,,,5396,89.9,33800,0.8471,3.38,0.1529,0.0144,,,,,
1:00:04 PM,34000,3948267604.15,,,5402,90.0,34000,0.8521,3.40,0.1479,0.0140,,,,,
1:00:10 PM,33900,3948267609.81,,,5408,90.1,33900,0.8496,3.39,0.1504,0.0142,,,,,
1:00:15 PM,33800,3948267615.46,,,5413,90.2,33800,0.8471,3.38,0.1529,0.0144,,,,,
1:00:21 PM,33800,3948267621.09,,,5419,90.3,33800,0.8471,3.38,0.1529,0.0144,,,,,
1:00:27 PM,33900,3948267626.71,,,5425,90.4,33900,0.8496,3.39,0.1504,0.0141,,,,,
1:00:32 PM,33800,3948267632.37,,,5430,90.5,33800,0.8471,3.38,0.1529,0.0144,,,,,
1:00:38 PM,33800,3948267637.97,,,5436,90.6,33800,0.8471,3.38,0.1529,0.0143,,,,,
1:00:44 PM,33800,3948267643.55,,,5442,90.7,33800,0.8471,3.38,0.1529,0.0142,,,,,
1:00:49 PM,33900,3948267649.10,,,5447,90.8,33900,0.8496,3.39,0.1504,0.0139,,,,,
1:00:55 PM,34000,3948267654.82,,,5453,90.9,34000,0.8521,3.40,0.1479,0.0141,,,,,
1:01:00 PM,33900,3948267660.48,,,5458,91.0,33900,0.8496,3.39,0.1504,0.0142,,,,,
1:01:06 PM,33600,3948267666.11,,,5464,91.1,33600,0.8421,3.36,0.1579,0.0148,,,,,
1:01:12 PM,33700,3948267671.81,,,5470,91.2,33700,0.8446,3.37,0.1554,0.0148,,,,,
1:01:17 PM,33800,3948267677.47,,,5475,91.3,33800,0.8471,3.38,0.1529,0.0144,,,,,
1:01:23 PM,33600,3948267683.14,,,5481,91.4,33600,0.8421,3.36,0.1579,0.0149,,,,,
1:01:29 PM,33700,3948267688.76,,,5487,91.4,33700,0.8446,3.37,0.1554,0.0145,,,,,
1:01:34 PM,33700,3948267694.50,,,5493,91.5,33700,0.8446,3.37,0.1554,0.0149,,,,,
1:01:40 PM,34000,3948267700.15,,,5498,91.6,34000,0.8521,3.40,0.1479,0.0139,,,,,
1:01:46 PM,33900,3948267705.85,,,5504,91.7,33900,0.8496,3.39,0.1504,0.0143,,,,,
1:01:51 PM,33800,3948267711.49,,,5509,91.8,33800,0.8471,3.38,0.1529,0.0144,,,,,
1:01:57 PM,33800,3948267717.21,,,5515,91.9,33800,0.8471,3.38,0.1529,0.0146,,,,,
1:02:03 PM,33800,3948267722.91,,,5521,92.0,33800,0.8471,3.38,0.1529,0.0145,,,,,
1:02:09 PM,33800,3948267728.71,,,5527,92.1,33800,0.8471,3.38,0.1529,0.0148,,,,,
1:02:14 PM,33800,3948267734.36,,,5532,92.2,33800,0.8471,3.38,0.1529,0.0144,,,,,
1:02:20 PM,33900,3948267740.05,,,5538,92.3,33900,0.8496,3.39,0.1504,0.0143,,,,,
1:02:26 PM,33700,3948267745.70,,,5544,92.4,33700,0.8446,3.37,0.1554,0.0146,,,,,
1:02:31 PM,33800,3948267751.40,,,5549,92.5,33800,0.8471,3.38,0.1529,0.0145,,,,,
1:02:37 PM,33800,3948267757.14,,,5555,92.6,33800,0.8471,3.38,0.1529,0.0146,,,,,
1:02:43 PM,33800,3948267762.85,,,5561,92.7,33800,0.8471,3.38,0.1529,0.0145,,,,,
1:02:49 PM,33600,3948267768.57,,,5567,92.8,33600,0.8421,3.36,0.1579,0.0150,,,,,
1:02:54 PM,33800,3948267774.27,,,5572,92.9,33800,0.8471,3.38,0.1529,0.0145,,,,,
1:03:00 PM,33800,3948267780.06,,,5578,93.0,33800,0.8471,3.38,0.1529,0.0148,,,,,
1:03:06 PM,33600,3948267786.23,,,5584,93.1,33600,0.8421,3.36,0.1579,0.0162,,,,,
1:03:12 PM,33600,3948267792.03,,,5590,93.2,33600,0.8421,3.36,0.1579,0.0153,,,,,
1:03:18 PM,33800,3948267797.78,,,5596,93.3,33800,0.8471,3.38,0.1529,0.0147,,,,,
1:03:24 PM,33900,3948267803.55,,,5602,93.4,33900,0.8496,3.39,0.1504,0.0144,,,,,
1:03:29 PM,33800,3948267809.36,,,5607,93.5,33800,0.8471,3.38,0.1529,0.0148,,,,,
1:03:35 PM,33800,3948267815.16,,,5613,93.6,33800,0.8471,3.38,0.1529,0.0148,,,,,
1:03:41 PM,33800,3948267820.97,,,5619,93.6,33800,0.8471,3.38,0.1529,0.0148,,,,,
1:03:47 PM,33800,3948267826.71,,,5625,93.7,33800,0.8471,3.38,0.1529,0.0146,,,,,
1:03:52 PM,33800,3948267832.48,,,5630,93.8,33800,0.8471,3.38,0.1529,0.0147,,,,,
1:03:58 PM,33800,3948267838.26,,,5636,93.9,33800,0.8471,3.38,0.1529,0.0147,,,,,
1:04:04 PM,33700,3948267843.99,,,5642,94.0,33700,0.8446,3.37,0.1554,0.0149,,,,,
1:04:10 PM,33800,3948267849.82,,,5648,94.1,33800,0.8471,3.38,0.1529,0.0148,,,,,
1:04:16 PM,33900,3948267855.59,,,5654,94.2,33900,0.8496,3.39,0.1504,0.0144,,,,,
1:04:21 PM,33600,3948267861.43,,,5659,94.3,33600,0.8421,3.36,0.1579,0.0154,,,,,
1:04:27 PM,33700,3948267867.21,,,5665,94.4,33700,0.8446,3.37,0.1554,0.0150,,,,,
1:04:33 PM,33900,3948267873.00,,,5671,94.5,33900,0.8496,3.39,0.1504,0.0145,,,,,
1:04:39 PM,33900,3948267878.81,,,5677,94.6,33900,0.8496,3.39,0.1504,0.0145,,,,,
1:04:45 PM,34000,3948267884.62,,,5683,94.7,34000,0.8521,3.40,0.1479,0.0143,,,,,
1:04:50 PM,34100,3948267890.38,,,5688,94.8,34100,0.8546,3.41,0.1454,0.0140,,,,,
1:04:56 PM,33900,3948267896.12,,,5694,94.9,33900,0.8496,3.39,0.1504,0.0144,,,,,
1:05:02 PM,33800,3948267901.89,,,5700,95.0,33800,0.8471,3.38,0.1529,0.0147,,,,,
1:05:08 PM,33900,3948267907.68,,,5706,95.1,33900,0.8496,3.39,0.1504,0.0145,,,,,
1:05:13 PM,33800,3948267913.45,,,5711,95.2,33800,0.8471,3.38,0.1529,0.0147,,,,,
1:05:19 PM,33800,3948267919.28,,,5717,95.3,33800,0.8471,3.38,0.1529,0.0148,,,,,
1:05:25 PM,33700,3948267925.08,,,5723,95.4,33700,0.8446,3.37,0.1554,0.0150,,,,,
1:05:31 PM,33500,3948267930.90,,,5729,95.5,33500,0.8396,3.35,0.1604,0.0155,,,,,
1:05:37 PM,33700,3948267936.73,,,5735,95.6,33700,0.8446,3.37,0.1554,0.0151,,,,,
1:05:43 PM,33800,3948267942.56,,,5741,95.7,33800,0.8471,3.38,0.1529,0.0149,,,,,
1:05:48 PM,33800,3948267948.41,,,5746,95.8,33800,0.8471,3.38,0.1529,0.0149,,,,,
1:05:54 PM,33800,3948267954.29,,,5752,95.9,33800,0.8471,3.38,0.1529,0.0150,,,,,
1:06:00 PM,33800,3948267960.22,,,5758,96.0,33800,0.8471,3.38,0.1529,0.0151,,,,,
1:06:06 PM,33800,3948267966.15,,,5764,96.1,33800,0.8471,3.38,0.1529,0.0151,,,,,
1:06:12 PM,33800,3948267971.99,,,5770,96.2,33800,0.8471,3.38,0.1529,0.0149,,,,,
1:06:18 PM,33700,3948267977.84,,,5776,96.3,33700,0.8446,3.37,0.1554,0.0151,,,,,
1:06:24 PM,33600,3948267983.68,,,5782,96.4,33600,0.8421,3.36,0.1579,0.0154,,,,,
1:06:30 PM,33800,3948267989.57,,,5788,96.5,33800,0.8471,3.38,0.1529,0.0150,,,,,
1:06:35 PM,33800,3948267995.46,,,5793,96.6,33800,0.8471,3.38,0.1529,0.0150,,,,,
1:06:41 PM,34000,3948268001.35,,,5799,96.7,34000,0.8521,3.40,0.1479,0.0145,,,,,
1:06:47 PM,33900,3948268007.31,,,5805,96.8,33900,0.8496,3.39,0.1504,0.0149,,,,,
1:06:53 PM,33900,3948268013.13,,,5811,96.9,33900,0.8496,3.39,0.1504,0.0146,,,,,
1:06:59 PM,34000,3948268019.08,,,5817,97.0,34000,0.8521,3.40,0.1479,0.0147,,,,,
1:07:05 PM,33900,3948268024.98,,,5823,97.0,33900,0.8496,3.39,0.1504,0.0148,,,,,
1:07:11 PM,33600,3948268030.90,,,5829,97.1,33600,0.8421,3.36,0.1579,0.0156,,,,,
1:07:17 PM,33600,3948268036.82,,,5835,97.2,33600,0.8421,3.36,0.1579,0.0156,,,,,
1:07:23 PM,33900,3948268042.75,,,5841,97.3,33900,0.8496,3.39,0.1504,0.0149,,,,,
1:07:29 PM,34000,3948268048.63,,,5847,97.4,34000,0.8521,3.40,0.1479,0.0145,,,,,
1:07:35 PM,33900,3948268054.54,,,5853,97.5,33900,0.8496,3.39,0.1504,0.0148,,,,,
1:07:40 PM,33900,3948268060.40,,,5858,97.6,33900,0.8496,3.39,0.1504,0.0147,,,,,
1:07:46 PM,33800,3948268066.28,,,5864,97.7,33800,0.8471,3.38,0.1529,0.0150,,,,,
1:07:52 PM,33700,3948268072.14,,,5870,97.8,33700,0.8446,3.37,0.1554,0.0152,,,,,
1:07:58 PM,33900,3948268078.11,,,5876,97.9,33900,0.8496,3.39,0.1504,0.0150,,,,,
1:08:04 PM,33800,3948268084.09,,,5882,98.0,33800,0.8471,3.38,0.1529,0.0152,,,,,
1:08:10 PM,33700,3948268090.06,,,5888,98.1,33700,0.8446,3.37,0.1554,0.0155,,,,,
1:08:16 PM,33800,3948268095.99,,,5894,98.2,33800,0.8471,3.38,0.1529,0.0151,,,,,
1:08:22 PM,33800,3948268102.00,,,5900,98.3,33800,0.8471,3.38,0.1529,0.0153,,,,,
1:08:28 PM,33800,3948268107.94,,,5906,98.4,33800,0.8471,3.38,0.1529,0.0151,,,,,
1:08:34 PM,33900,3948268113.95,,,5912,98.5,33900,0.8496,3.39,0.1504,0.0151,,,,,
1:08:40 PM,33900,3948268119.84,,,5918,98.6,33900,0.8496,3.39,0.1504,0.0148,,,,,
1:08:46 PM,33900,3948268125.77,,,5924,98.7,33900,0.8496,3.39,0.1504,0.0149,,,,,
1:08:52 PM,33700,3948268131.67,,,5930,98.8,33700,0.8446,3.37,0.1554,0.0153,,,,,
1:08:58 PM,33700,3948268137.72,,,5936,98.9,33700,0.8446,3.37,0.1554,0.0157,,,,,
1:09:04 PM,33800,3948268143.70,,,5942,99.0,33800,0.8471,3.38,0.1529,0.0152,,,,,
1:09:10 PM,33800,3948268149.72,,,5948,99.1,33800,0.8471,3.38,0.1529,0.0153,,,,,
1:09:16 PM,33800,3948268155.68,,,5954,99.2,33800,0.8471,3.38,0.1529,0.0152,,,,,
1:09:22 PM,33800,3948268161.70,,,5960,99.3,33800,0.8471,3.38,0.1529,0.0153,,,,,
1:09:28 PM,33800,3948268167.71,,,5966,99.4,33800,0.8471,3.38,0.1529,0.0153,,,,,
1:09:34 PM,33600,3948268173.67,,,5972,99.5,33600,0.8421,3.36,0.1579,0.0157,,,,,
1:09:40 PM,33800,3948268179.60,,,5978,99.6,33800,0.8471,3.38,0.1529,0.0151,,,,,
1:09:46 PM,33900,3948268185.53,,,5984,99.7,33900,0.8496,3.39,0.1504,0.0149,,,,,
1:09:52 PM,33900,3948268191.50,,,5990,99.8,33900,0.8496,3.39,0.1504,0.0150,,,,,
1:09:58 PM,33800,3948268197.51,,,5996,99.9,33800,0.8471,3.38,0.1529,0.0153,,,,,
1:10:03 PM,34000,3948268203.45,,,6001,100.0,34000,0.8521,3.40,0.1479,0.0146,,,,,
1:10:09 PM,33700,3948268209.42,,,6007,100.1,33700,0.8446,3.37,0.1554,0.0155,,,,,
1:10:15 PM,34000,3948268215.47,,,6013,100.2,34000,0.8521,3.40,0.1479,0.0149,,,,,
1:10:22 PM,34100,3948268221.54,,,6020,100.3,34100,0.8546,3.41,0.1454,0.0147,,,,,
1:10:28 PM,34000,3948268227.59,,,6026,100.4,34000,0.8521,3.40,0.1479,0.0149,,,,,
1:10:34 PM,33900,3948268233.64,,,6032,100.5,33900,0.8496,3.39,0.1504,0.0152,,,,,
1:10:40 PM,33900,3948268239.61,,,6038,100.6,33900,0.8496,3.39,0.1504,0.0150,,,,,
1:10:46 PM,33800,3948268245.64,,,6044,100.7,33800,0.8471,3.38,0.1529,0.0154,,,,,
1:10:52 PM,33800,3948268251.69,,,6050,100.8,33800,0.8471,3.38,0.1529,0.0154,,,,,
1:10:58 PM,33800,3948268257.73,,,6056,100.9,33800,0.8471,3.38,0.1529,0.0154,,,,,
1:11:04 PM,33800,3948268263.81,,,6062,101.0,33800,0.8471,3.38,0.1529,0.0155,,,,,
1:11:10 PM,33900,3948268269.89,,,6068,101.1,33900,0.8496,3.39,0.1504,0.0152,,,,,
1:11:16 PM,33800,3948268275.90,,,6074,101.2,33800,0.8471,3.38,0.1529,0.0153,,,,,
1:11:22 PM,34000,3948268281.98,,,6080,101.3,34000,0.8521,3.40,0.1479,0.0150,,,,,
1:11:28 PM,33900,3948268288.07,,,6086,101.4,33900,0.8496,3.39,0.1504,0.0153,,,,,
1:11:34 PM,33800,3948268294.09,,,6092,101.5,33800,0.8471,3.38,0.1529,0.0153,,,,,
1:11:40 PM,33800,3948268300.07,,,6098,101.6,33800,0.8471,3.38,0.1529,0.0152,,,,,
1:11:46 PM,33700,3948268306.15,,,6104,101.7,33700,0.8446,3.37,0.1554,0.0157,,,,,
1:11:52 PM,33700,3948268312.14,,,6110,101.8,33700,0.8446,3.37,0.1554,0.0155,,,,,
1:11:58 PM,33700,3948268318.15,,,6116,101.9,33700,0.8446,3.37,0.1554,0.0156,,,,,
1:12:04 PM,33900,3948268324.22,,,6122,102.0,33900,0.8496,3.39,0.1504,0.0152,,,,,
1:12:10 PM,34000,3948268330.26,,,6128,102.1,34000,0.8521,3.40,0.1479,0.0149,,,,,
1:12:16 PM,34000,3948268336.34,,,6134,102.2,34000,0.8521,3.40,0.1479,0.0150,,,,,
1:12:22 PM,33900,3948268342.48,,,6140,102.3,33900,0.8496,3.39,0.1504,0.0154,,,,,
1:12:29 PM,33900,3948268348.57,,,6147,102.4,33900,0.8496,3.39,0.1504,0.0153,,,,,
1:12:35 PM,33600,3948268354.63,,,6153,102.5,33600,0.8421,3.36,0.1579,0.0159,,,,,
1:12:41 PM,33700,3948268360.70,,,6159,102.6,33700,0.8446,3.37,0.1554,0.0157,,,,,
1:12:47 PM,33900,3948268366.81,,,6165,102.7,33900,0.8496,3.39,0.1504,0.0153,,,,,
1:12:53 PM,33800,3948268372.94,,,6171,102.8,33800,0.8471,3.38,0.1529,0.0156,,,,,
1:12:59 PM,33900,3948268379.06,,,6177,103.0,33900,0.8496,3.39,0.1504,0.0153,,,,,
1:13:05 PM,33900,3948268385.21,,,6183,103.1,33900,0.8496,3.39,0.1504,0.0154,,,,,
1:13:12 PM,34100,3948268391.61,,,6190,103.2,34100,0.8546,3.41,0.1454,0.0155,,,,,
1:13:18 PM,33900,3948268397.75,,,6196,103.3,33900,0.8496,3.39,0.1504,0.0154,,,,,
1:13:24 PM,33800,3948268403.86,,,6202,103.4,33800,0.8471,3.38,0.1529,0.0156,,,,,
1:13:30 PM,34000,3948268410.02,,,6208,103.5,34000,0.8521,3.40,0.1479,0.0152,,,,,
1:13:36 PM,34000,3948268416.17,,,6214,103.6,34000,0.8521,3.40,0.1479,0.0152,,,,,
1:13:42 PM,33900,3948268422.28,,,6220,103.7,33900,0.8496,3.39,0.1504,0.0153,,,,,
1:13:48 PM,33900,3948268428.40,,,6226,103.8,33900,0.8496,3.39,0.1504,0.0153,,,,,
1:13:54 PM,33700,3948268434.47,,,6232,103.9,33700,0.8446,3.37,0.1554,0.0157,,,,,
1:14:01 PM,33700,3948268440.56,,,6239,104.0,33700,0.8446,3.37,0.1554,0.0158,,,,,
1:14:07 PM,33900,3948268446.71,,,6245,104.1,33900,0.8496,3.39,0.1504,0.0154,,,,,
1:14:13 PM,34100,3948268452.82,,,6251,104.2,34100,0.8546,3.41,0.1454,0.0148,,,,,
1:14:19 PM,34100,3948268458.94,,,6257,104.3,34100,0.8546,3.41,0.1454,0.0148,,,,,
1:14:25 PM,34100,3948268465.12,,,6263,104.4,34100,0.8546,3.41,0.1454,0.0150,,,,,
1:14:31 PM,34100,3948268471.25,,,6269,104.5,34100,0.8546,3.41,0.1454,0.0149,,,,,
1:14:37 PM,33800,3948268477.43,,,6275,104.6,33800,0.8471,3.38,0.1529,0.0157,,,,,
1:14:44 PM,33800,3948268483.59,,,6282,104.7,33800,0.8471,3.38,0.1529,0.0157,,,,,
1:14:50 PM,33900,3948268489.72,,,6288,104.8,33900,0.8496,3.39,0.1504,0.0154,,,,,
1:14:56 PM,33800,3948268495.96,,,6294,104.9,33800,0.8471,3.38,0.1529,0.0159,,,,,
1:15:02 PM,33900,3948268502.19,,,6300,105.0,33900,0.8496,3.39,0.1504,0.0156,,,,,
1:15:08 PM,33900,3948268508.44,,,6306,105.1,33900,0.8496,3.39,0.1504,0.0156,,,,,
1:15:15 PM,33900,3948268514.63,,,6313,105.2,33900,0.8496,3.39,0.1504,0.0155,,,,,
1:15:21 PM,33900,3948268520.83,,,6319,105.3,33900,0.8496,3.39,0.1504,0.0156,,,,,
1:15:27 PM,33900,3948268527.01,,,6325,105.4,33900,0.8496,3.39,0.1504,0.0155,,,,,
1:15:33 PM,33700,3948268533.22,,,6331,105.5,33700,0.8446,3.37,0.1554,0.0161,,,,,
1:15:39 PM,33800,3948268539.42,,,6337,105.6,33800,0.8471,3.38,0.1529,0.0158,,,,,
1:15:46 PM,34100,3948268545.59,,,6344,105.7,34100,0.8546,3.41,0.1454,0.0149,,,,,
1:15:52 PM,34100,3948268551.68,,,6350,105.8,34100,0.8546,3.41,0.1454,0.0148,,,,,
1:15:58 PM,33800,3948268557.87,,,6356,105.9,33800,0.8471,3.38,0.1529,0.0158,,,,,
1:16:04 PM,34000,3948268564.07,,,6362,106.0,34000,0.8521,3.40,0.1479,0.0153,,,,,
1:16:10 PM,34100,3948268570.27,,,6368,106.1,34100,0.8546,3.41,0.1454,0.0150,,,,,
1:16:17 PM,34100,3948268576.52,,,6375,106.2,34100,0.8546,3.41,0.1454,0.0151,,,,,
1:16:23 PM,34000,3948268582.74,,,6381,106.3,34000,0.8521,3.40,0.1479,0.0153,,,,,
1:16:29 PM,33900,3948268588.98,,,6387,106.4,33900,0.8496,3.39,0.1504,0.0156,,,,,
1:16:35 PM,33900,3948268595.25,,,6393,106.6,33900,0.8496,3.39,0.1504,0.0157,,,,,
1:16:41 PM,34000,3948268601.46,,,6399,106.7,34000,0.8521,3.40,0.1479,0.0153,,,,,
1:16:48 PM,33900,3948268607.63,,,6406,106.8,33900,0.8496,3.39,0.1504,0.0155,,,,,
1:16:54 PM,34000,3948268613.88,,,6412,106.9,34000,0.8521,3.40,0.1479,0.0154,,,,,
1:17:00 PM,34100,3948268620.18,,,6418,107.0,34100,0.8546,3.41,0.1454,0.0153,,,,,
1:17:06 PM,33900,3948268626.43,,,6424,107.1,33900,0.8496,3.39,0.1504,0.0157,,,,,
1:17:13 PM,34000,3948268632.68,,,6431,107.2,34000,0.8521,3.40,0.1479,0.0154,,,,,
1:17:19 PM,34100,3948268638.89,,,6437,107.3,34100,0.8546,3.41,0.1454,0.0150,,,,,
1:17:25 PM,33900,3948268645.19,,,6443,107.4,33900,0.8496,3.39,0.1504,0.0158,,,,,
1:17:31 PM,33900,3948268651.50,,,6450,107.5,33900,0.8496,3.39,0.1504,0.0158,,,,,
1:17:38 PM,33700,3948268657.79,,,6456,107.6,33700,0.8446,3.37,0.1554,0.0163,,,,,
1:17:44 PM,34000,3948268664.06,,,6462,107.7,34000,0.8521,3.40,0.1479,0.0155,,,,,
1:17:50 PM,34100,3948268670.29,,,6468,107.8,34100,0.8546,3.41,0.1454,0.0151,,,,,
1:17:57 PM,34100,3948268676.61,,,6475,107.9,34100,0.8546,3.41,0.1454,0.0153,,,,,
1:18:03 PM,34000,3948268682.86,,,6481,108.0,34000,0.8521,3.40,0.1479,0.0154,,,,,
1:18:09 PM,34100,3948268689.13,,,6487,108.1,34100,0.8546,3.41,0.1454,0.0152,,,,,
1:18:15 PM,34100,3948268695.42,,,6493,108.2,34100,0.8546,3.41,0.1454,0.0152,,,,,
1:18:22 PM,34000,3948268701.69,,,6500,108.3,34000,0.8521,3.40,0.1479,0.0155,,,,,
1:18:28 PM,33900,3948268708.00,,,6506,108.4,33900,0.8496,3.39,0.1504,0.0158,,,,,
1:18:34 PM,34100,3948268714.34,,,6512,108.5,34100,0.8546,3.41,0.1454,0.0154,,,,,
1:18:41 PM,34100,3948268720.61,,,6519,108.6,34100,0.8546,3.41,0.1454,0.0152,,,,,
1:18:47 PM,34000,3948268726.97,,,6525,108.7,34000,0.8521,3.40,0.1479,0.0157,,,,,
1:18:53 PM,33900,3948268733.34,,,6531,108.9,33900,0.8496,3.39,0.1504,0.0160,,,,,
1:19:00 PM,34100,3948268739.70,,,6538,109.0,34100,0.8546,3.41,0.1454,0.0154,,,,,
1:19:06 PM,33900,3948268746.08,,,6544,109.1,33900,0.8496,3.39,0.1504,0.0160,,,,,
1:19:12 PM,33900,3948268752.47,,,6550,109.2,33900,0.8496,3.39,0.1504,0.0160,,,,,
1:19:19 PM,33700,3948268758.87,,,6557,109.3,33700,0.8446,3.37,0.1554,0.0166,,,,,
1:19:25 PM,34100,3948268765.26,,,6563,109.4,34100,0.8546,3.41,0.1454,0.0155,,,,,
1:19:32 PM,33900,3948268771.62,,,6570,109.5,33900,0.8496,3.39,0.1504,0.0159,,,,,
1:19:38 PM,34000,3948268777.95,,,6576,109.6,34000,0.8521,3.40,0.1479,0.0156,,,,,
1:19:44 PM,34000,3948268784.37,,,6582,109.7,34000,0.8521,3.40,0.1479,0.0158,,,,,
1:19:51 PM,33900,3948268790.74,,,6589,109.8,33900,0.8496,3.39,0.1504,0.0160,,,,,
1:19:57 PM,33600,3948268797.35,,,6595,109.9,33600,0.8421,3.36,0.1579,0.0174,,,,,
1:20:04 PM,33900,3948268803.75,,,6602,110.0,33900,0.8496,3.39,0.1504,0.0160,,,,,
1:20:10 PM,33900,3948268810.12,,,6608,110.1,33900,0.8496,3.39,0.1504,0.0160,,,,,
1:20:17 PM,33900,3948268816.55,,,6615,110.2,33900,0.8496,3.39,0.1504,0.0161,,,,,
1:20:23 PM,34100,3948268822.87,,,6621,110.3,34100,0.8546,3.41,0.1454,0.0153,,,,,
1:20:29 PM,34100,3948268829.25,,,6627,110.5,34100,0.8546,3.41,0.1454,0.0155,,,,,
1:20:36 PM,33900,3948268835.68,,,6634,110.6,33900,0.8496,3.39,0.1504,0.0161,,,,,
1:20:42 PM,34000,3948268842.08,,,6640,110.7,34000,0.8521,3.40,0.1479,0.0158,,,,,
1:20:49 PM,33900,3948268848.56,,,6647,110.8,33900,0.8496,3.39,0.1504,0.0162,,,,,
1:20:55 PM,33900,3948268854.92,,,6653,110.9,33900,0.8496,3.39,0.1504,0.0160,,,,,
1:21:01 PM,34000,3948268861.43,,,6659,111.0,34000,0.8521,3.40,0.1479,0.0160,,,,,
1:21:08 PM,33900,3948268867.92,,,6666,111.1,33900,0.8496,3.39,0.1504,0.0163,,,,,
1:21:14 PM,33900,3948268874.30,,,6672,111.2,33900,0.8496,3.39,0.1504,0.0160,,,,,
1:21:21 PM,33700,3948268880.73,,,6679,111.3,33700,0.8446,3.37,0.1554,0.0166,,,,,
1:21:27 PM,33700,3948268887.03,,,6685,111.4,33700,0.8446,3.37,0.1554,0.0163,,,,,
1:21:33 PM,33800,3948268893.42,,,6691,111.5,33800,0.8471,3.38,0.1529,0.0163,,,,,
1:21:40 PM,34000,3948268899.72,,,6698,111.6,34000,0.8521,3.40,0.1479,0.0155,,,,,
1:21:46 PM,34000,3948268906.15,,,6704,111.7,34000,0.8521,3.40,0.1479,0.0158,,,,,
1:21:53 PM,34100,3948268912.52,,,6711,111.8,34100,0.8546,3.41,0.1454,0.0154,,,,,
1:22:00 PM,33900,3948268919.60,,,6718,112.0,33900,0.8496,3.39,0.1504,0.0177,,,,,
1:22:06 PM,33900,3948268926.08,,,6724,112.1,33900,0.8496,3.39,0.1504,0.0163,,,,,
1:22:13 PM,34000,3948268932.56,,,6731,112.2,34000,0.8521,3.40,0.1479,0.0160,,,,,
1:22:19 PM,33900,3948268939.04,,,6737,112.3,33900,0.8496,3.39,0.1504,0.0162,,,,,
1:22:26 PM,34000,3948268945.50,,,6744,112.4,34000,0.8521,3.40,0.1479,0.0159,,,,,
1:22:32 PM,33900,3948268951.91,,,6750,112.5,33900,0.8496,3.39,0.1504,0.0160,,,,,
1:22:38 PM,34000,3948268958.30,,,6756,112.6,34000,0.8521,3.40,0.1479,0.0157,,,,,
1:22:45 PM,33900,3948268964.83,,,6763,112.7,33900,0.8496,3.39,0.1504,0.0164,,,,,
1:22:51 PM,34000,3948268971.27,,,6769,112.8,34000,0.8521,3.40,0.1479,0.0159,,,,,
1:22:58 PM,33900,3948268977.79,,,6776,112.9,33900,0.8496,3.39,0.1504,0.0163,,,,,
1:23:04 PM,34000,3948268984.32,,,6782,113.0,34000,0.8521,3.40,0.1479,0.0161,,,,,
1:23:11 PM,33900,3948268991.20,,,6789,113.2,33900,0.8496,3.39,0.1504,0.0172,,,,,
1:23:18 PM,34000,3948268997.70,,,6796,113.3,34000,0.8521,3.40,0.1479,0.0160,,,,,
1:23:24 PM,34000,3948269004.18,,,6802,113.4,34000,0.8521,3.40,0.1479,0.0160,,,,,
1:23:31 PM,34100,3948269010.63,,,6809,113.5,34100,0.8546,3.41,0.1454,0.0156,,,,,
1:23:37 PM,34100,3948269017.12,,,6815,113.6,34100,0.8546,3.41,0.1454,0.0157,,,,,
1:23:44 PM,34200,3948269023.63,,,6822,113.7,34200,0.8571,3.42,0.1429,0.0155,,,,,
1:23:50 PM,34100,3948269030.31,,,6828,113.8,34100,0.8546,3.41,0.1454,0.0162,,,,,
1:23:57 PM,34000,3948269036.86,,,6835,113.9,34000,0.8521,3.40,0.1479,0.0161,,,,,
1:24:03 PM,33900,3948269043.37,,,6841,114.0,33900,0.8496,3.39,0.1504,0.0163,,,,,
1:24:10 PM,33900,3948269049.89,,,6848,114.1,33900,0.8496,3.39,0.1504,0.0164,,,,,
1:24:16 PM,34100,3948269056.41,,,6854,114.2,34100,0.8546,3.41,0.1454,0.0158,,,,,
1:24:23 PM,34200,3948269062.90,,,6861,114.3,34200,0.8571,3.42,0.1429,0.0154,,,,,
1:24:29 PM,34200,3948269069.48,,,6867,114.5,34200,0.8571,3.42,0.1429,0.0157,,,,,
1:24:36 PM,34200,3948269076.04,,,6874,114.6,34200,0.8571,3.42,0.1429,0.0156,,,,,
1:24:43 PM,34100,3948269082.58,,,6881,114.7,34100,0.8546,3.41,0.1454,0.0158,,,,,
1:24:49 PM,34000,3948269089.15,,,6887,114.8,34000,0.8521,3.40,0.1479,0.0162,,,,,
1:24:56 PM,33900,3948269095.68,,,6894,114.9,33900,0.8496,3.39,0.1504,0.0164,,,,,
1:25:02 PM,33900,3948269102.24,,,6900,115.0,33900,0.8496,3.39,0.1504,0.0164,,,,,
1:25:09 PM,34000,3948269108.76,,,6907,115.1,34000,0.8521,3.40,0.1479,0.0161,,,,,
1:25:15 PM,33900,3948269115.29,,,6913,115.2,33900,0.8496,3.39,0.1504,0.0164,,,,,
1:25:22 PM,33700,3948269121.85,,,6920,115.3,33700,0.8446,3.37,0.1554,0.0170,,,,,
1:25:28 PM,33800,3948269128.44,,,6926,115.4,33800,0.8471,3.38,0.1529,0.0168,,,,,
1:25:35 PM,33900,3948269134.99,,,6933,115.5,33900,0.8496,3.39,0.1504,0.0164,,,,,
1:25:42 PM,33800,3948269141.53,,,6940,115.7,33800,0.8471,3.38,0.1529,0.0167,,,,,
1:25:48 PM,33900,3948269148.06,,,6946,115.8,33900,0.8496,3.39,0.1504,0.0164,,,,,
1:25:55 PM,33900,3948269154.60,,,6953,115.9,33900,0.8496,3.39,0.1504,0.0164,,,,,
1:26:01 PM,34000,3948269161.21,,,6959,116.0,34000,0.8521,3.40,0.1479,0.0163,,,,,
1:26:08 PM,34000,3948269167.75,,,6966,116.1,34000,0.8521,3.40,0.1479,0.0161,,,,,
1:26:14 PM,34100,3948269174.38,,,6972,116.2,34100,0.8546,3.41,0.1454,0.0161,,,,,
1:26:21 PM,34000,3948269180.99,,,6979,116.3,34000,0.8521,3.40,0.1479,0.0163,,,,,
1:26:28 PM,33900,3948269187.54,,,6986,116.4,33900,0.8496,3.39,0.1504,0.0164,,,,,
1:26:34 PM,34000,3948269194.16,,,6992,116.5,34000,0.8521,3.40,0.1479,0.0163,,,,,
1:26:41 PM,34000,3948269200.72,,,6999,116.6,34000,0.8521,3.40,0.1479,0.0161,,,,,
1:26:47 PM,34100,3948269207.35,,,7005,116.8,34100,0.8546,3.41,0.1454,0.0161,,,,,
1:26:54 PM,34200,3948269213.91,,,7012,116.9,34200,0.8571,3.42,0.1429,0.0156,,,,,
1:27:01 PM,34100,3948269220.53,,,7019,117.0,34100,0.8546,3.41,0.1454,0.0160,,,,,
1:27:07 PM,34100,3948269227.25,,,7025,117.1,34100,0.8546,3.41,0.1454,0.0163,,,,,
1:27:14 PM,34200,3948269233.85,,,7032,117.2,34200,0.8571,3.42,0.1429,0.0157,,,,,
1:27:21 PM,34100,3948269240.56,,,7039,117.3,34100,0.8546,3.41,0.1454,0.0163,,,,,
1:27:27 PM,34100,3948269247.35,,,7045,117.4,34100,0.8546,3.41,0.1454,0.0165,,,,,
1:27:34 PM,34100,3948269254.07,,,7052,117.5,34100,0.8546,3.41,0.1454,0.0163,,,,,
1:27:41 PM,33900,3948269260.68,,,7059,117.6,33900,0.8496,3.39,0.1504,0.0166,,,,,
1:27:47 PM,33800,3948269267.35,,,7065,117.8,33800,0.8471,3.38,0.1529,0.0170,,,,,
1:27:54 PM,33800,3948269273.92,,,7072,117.9,33800,0.8471,3.38,0.1529,0.0167,,,,,
1:28:01 PM,34000,3948269280.60,,,7079,118.0,34000,0.8521,3.40,0.1479,0.0165,,,,,
1:28:07 PM,33700,3948269287.37,,,7085,118.1,33700,0.8446,3.37,0.1554,0.0175,,,,,
1:28:14 PM,34000,3948269294.09,,,7092,118.2,34000,0.8521,3.40,0.1479,0.0166,,,,,
1:28:21 PM,34000,3948269300.87,,,7099,118.3,34000,0.8521,3.40,0.1479,0.0167,,,,,
1:28:28 PM,34000,3948269307.63,,,7106,118.4,34000,0.8521,3.40,0.1479,0.0167,,,,,
1:28:34 PM,34100,3948269314.34,,,7112,118.5,34100,0.8546,3.41,0.1454,0.0162,,,,,
1:28:41 PM,34200,3948269321.00,,,7119,118.7,34200,0.8571,3.42,0.1429,0.0159,,,,,
1:28:48 PM,34100,3948269327.69,,,7126,118.8,34100,0.8546,3.41,0.1454,0.0162,,,,,
1:28:54 PM,34100,3948269334.42,,,7132,118.9,34100,0.8546,3.41,0.1454,0.0163,,,,,
1:29:01 PM,33900,3948269341.14,,,7139,119.0,33900,0.8496,3.39,0.1504,0.0168,,,,,
1:29:08 PM,33900,3948269347.88,,,7146,119.1,33900,0.8496,3.39,0.1504,0.0169,,,,,
1:29:15 PM,34100,3948269354.55,,,7153,119.2,34100,0.8546,3.41,0.1454,0.0162,,,,,
1:29:21 PM,34000,3948269361.32,,,7159,119.3,34000,0.8521,3.40,0.1479,0.0167,,,,,
1:29:28 PM,34100,3948269368.05,,,7166,119.4,34100,0.8546,3.41,0.1454,0.0163,,,,,
1:29:35 PM,34000,3948269374.70,,,7173,119.5,34000,0.8521,3.40,0.1479,0.0164,,,,,
1:29:41 PM,33900,3948269381.30,,,7179,119.7,33900,0.8496,3.39,0.1504,0.0165,,,,,
1:29:48 PM,33900,3948269387.95,,,7186,119.8,33900,0.8496,3.39,0.1504,0.0167,,,,,
1:29:55 PM,34100,3948269394.69,,,7193,119.9,34100,0.8546,3.41,0.1454,0.0163,,,,,
1:30:01 PM,34100,3948269401.50,,,7200,120.0,34100,0.8546,3.41,0.1454,0.0165,,,,,
1:30:08 PM,34100,3948269408.36,,,7206,120.1,34100,0.8546,3.41,0.1454,0.0166,,,,,
1:30:15 PM,34200,3948269415.24,,,7213,120.2,34200,0.8571,3.42,0.1429,0.0164,,,,,
1:30:22 PM,34300,3948269422.07,,,7220,120.3,34300,0.8596,3.43,0.1404,0.0160,,,,,
1:30:29 PM,33900,3948269428.85,,,7227,120.4,33900,0.8496,3.39,0.1504,0.0170,,,,,
1:30:36 PM,34100,3948269435.75,,,7234,120.6,34100,0.8546,3.41,0.1454,0.0167,,,,,
1:30:43 PM,34100,3948269442.61,,,7241,120.7,34100,0.8546,3.41,0.1454,0.0166,,,,,
1:30:49 PM,34000,3948269449.35,,,7247,120.8,34000,0.8521,3.40,0.1479,0.0166,,,,,
1:30:56 PM,33900,3948269456.13,,,7254,120.9,33900,0.8496,3.39,0.1504,0.0170,,,,,
1:31:03 PM,33900,3948269462.96,,,7261,121.0,33900,0.8496,3.39,0.1504,0.0171,,,,,
1:31:10 PM,33900,3948269469.78,,,7268,121.1,33900,0.8496,3.39,0.1504,0.0171,,,,,
1:31:17 PM,34000,3948269476.60,,,7275,121.2,34000,0.8521,3.40,0.1479,0.0168,,,,,
1:31:24 PM,34100,3948269483.52,,,7282,121.4,34100,0.8546,3.41,0.1454,0.0168,,,,,
1:31:30 PM,34100,3948269490.31,,,7288,121.5,34100,0.8546,3.41,0.1454,0.0165,,,,,
1:31:37 PM,34100,3948269497.15,,,7295,121.6,34100,0.8546,3.41,0.1454,0.0166,,,,,
1:31:44 PM,34000,3948269503.92,,,7302,121.7,34000,0.8521,3.40,0.1479,0.0167,,,,,
1:31:51 PM,34100,3948269510.75,,,7309,121.8,34100,0.8546,3.41,0.1454,0.0166,,,,,
1:31:58 PM,34000,3948269517.56,,,7316,121.9,34000,0.8521,3.40,0.1479,0.0168,,,,,
1:32:04 PM,34100,3948269524.42,,,7322,122.0,34100,0.8546,3.41,0.1454,0.0166,,,,,
1:32:11 PM,34000,3948269531.43,,,7329,122.2,34000,0.8521,3.40,0.1479,0.0173,,,,,
1:32:18 PM,33900,3948269538.33,,,7336,122.3,33900,0.8496,3.39,0.1504,0.0173,,,,,
1:32:25 PM,33900,3948269545.22,,,7343,122.4,33900,0.8496,3.39,0.1504,0.0173,,,,,
1:32:32 PM,34000,3948269552.09,,,7350,122.5,34000,0.8521,3.40,0.1479,0.0169,,,,,
1:32:39 PM,34000,3948269558.97,,,7357,122.6,34000,0.8521,3.40,0.1479,0.0169,,,,,
1:32:46 PM,34000,3948269565.85,,,7364,122.7,34000,0.8521,3.40,0.1479,0.0169,,,,,
1:32:53 PM,34000,3948269572.71,,,7371,122.8,34000,0.8521,3.40,0.1479,0.0169,,,,,
1:33:00 PM,34000,3948269579.73,,,7378,123.0,34000,0.8521,3.40,0.1479,0.0173,,,,,
1:33:07 PM,34000,3948269587.12,,,7385,123.1,34000,0.8521,3.40,0.1479,0.0182,,,,,
1:33:14 PM,34100,3948269594.04,,,7392,123.2,34100,0.8546,3.41,0.1454,0.0168,,,,,
1:33:21 PM,34000,3948269600.90,,,7399,123.3,34000,0.8521,3.40,0.1479,0.0169,,,,,
1:33:28 PM,33700,3948269607.87,,,7406,123.4,33700,0.8446,3.37,0.1554,0.0180,,,,,
1:33:35 PM,33900,3948269614.79,,,7413,123.5,33900,0.8496,3.39,0.1504,0.0174,,,,,
1:33:42 PM,33800,3948269621.67,,,7420,123.7,33800,0.8471,3.38,0.1529,0.0175,,,,,
1:33:49 PM,33900,3948269628.53,,,7427,123.8,33900,0.8496,3.39,0.1504,0.0172,,,,,
1:33:56 PM,34100,3948269635.57,,,7434,123.9,34100,0.8546,3.41,0.1454,0.0170,,,,,
1:34:02 PM,34100,3948269642.43,,,7440,124.0,34100,0.8546,3.41,0.1454,0.0166,,,,,
1:34:09 PM,34000,3948269649.41,,,7447,124.1,34000,0.8521,3.40,0.1479,0.0172,,,,,
1:34:16 PM,34000,3948269656.32,,,7454,124.2,34000,0.8521,3.40,0.1479,0.0170,,,,,
1:34:23 PM,34000,3948269663.21,,,7461,124.4,34000,0.8521,3.40,0.1479,0.0170,,,,,
1:34:30 PM,33800,3948269670.08,,,7468,124.5,33800,0.8471,3.38,0.1529,0.0175,,,,,
1:34:37 PM,34000,3948269677.00,,,7475,124.6,34000,0.8521,3.40,0.1479,0.0171,,,,,
1:34:44 PM,33900,3948269683.91,,,7482,124.7,33900,0.8496,3.39,0.1504,0.0173,,,,,
1:34:51 PM,33900,3948269690.92,,,7489,124.8,33900,0.8496,3.39,0.1504,0.0176,,,,,
1:34:58 PM,34000,3948269697.88,,,7496,124.9,34000,0.8521,3.40,0.1479,0.0171,,,,,
1:35:05 PM,34000,3948269704.94,,,7503,125.0,34000,0.8521,3.40,0.1479,0.0174,,,,,
1:35:12 PM,34000,3948269711.89,,,7510,125.2,34000,0.8521,3.40,0.1479,0.0171,,,,,
1:35:19 PM,34000,3948269718.78,,,7517,125.3,34000,0.8521,3.40,0.1479,0.0170,,,,,
1:35:26 PM,33900,3948269725.65,,,7524,125.4,33900,0.8496,3.39,0.1504,0.0172,,,,,
1:35:33 PM,33900,3948269732.51,,,7531,125.5,33900,0.8496,3.39,0.1504,0.0172,,,,,
1:35:40 PM,34000,3948269739.60,,,7538,125.6,34000,0.8521,3.40,0.1479,0.0175,,,,,
1:35:47 PM,34100,3948269746.80,,,7545,125.7,34100,0.8546,3.41,0.1454,0.0175,,,,,
,,,,,,,,,,,,,,,,
,,,,,,,,,,,,,,,,
,,,,,,,,,,,,,,,,
,,,,,,,,,,,,,,,,
,,,,,,,,,,,,,,,,
,,,,,,,,,,,,,,,,
,,,,,,,,,,,,,,,,
,,,,,,,,,,,,,,,,
,,,,,,,,,,,,,,,,
,,,,,,,,,,,,,,,,
,,,,,,,,,,,,,,,,
,,,,,,,,,,,,,,,,
,,,,,,,,,,,,,,,,
,,,,,,,,,,,,,,,,
,,,,,,,,,,,,,,,,
,,,,,,,,,,,,,,,,
,,,,,,,,,,,,,,,,
,,,,,,,,,,,,,,,,
,,,,,,,,,,,,,,,,
,,,,,,,,,,,,,,,,
,,,,,,,,,,,,,,,,
,,,,,,,,,,,,,,,,
,,,,,,,,,,,,,,,,
,,,,,,,,,,,,,,,,
,,,,,,,,,,,,,,,,
,,,,,,,,,,,,,,,,
,,,,,,,,,,,,,,,,
,,,,,,,,,,,,,,,,
,,,,,,,,,,,,,,,,
,,,,,,,,,,,,,,,,
,,,,,,,,,,,,,,,,
,,,,,,,,,,,,,,,,
,,,,,,,,,,,,,,,,
,,,,,,,,,,,,,,,,
,,,,,,,,,,,,,,,,
,,,,,,,,,,,,,,,,
,,,,,,,,,,,,,,,,
,,,,,,,,,,,,,,,,
,,,,,,,,,,,,,,,,
,,,,,,,,,,,,,,,,
,,,,,,,,,,,,,,,,
,,,,,,,,,,,,,,,,
,,,,,,,,,,,,,,,,
,,,,,,,,,,,,,,,,
,,,,,,,,,,,,,,,,
,,,,,,,,,,,,,,,,
