Raw data,,,C0,40000,time (s),time (mins),CO2,C/C0,C (%),1-C/C0,Integration,,Unit conversion,,,
37:32.9,0,3953381853,,0.04,0,0.0,0,0.0000,0.00,1.0000,,,P,101325,Pa,
37:37.9,0,3953381858,,,5,0.1,0,0.0000,0.00,1.0000,0.0833,,R,8.314,J/molK,
37:42.9,0,3953381863,,,10,0.2,0,0.0000,0.00,1.0000,0.0834,,v,50,ml/min,
37:47.9,0,3953381868,,,15,0.2,0,0.0000,0.00,1.0000,0.0833,,T,296.15,K,
37:52.9,0,3953381873,,,20,0.3,0,0.0000,0.00,1.0000,0.0833,,PV/RT,2057.618517,,
37:57.9,0,3953381878,,,25,0.4,0,0.0000,0.00,1.0000,0.0834,,,,,
38:02.9,0,3953381883,,,30,0.5,0,0.0000,0.00,1.0000,0.0833,,,,,
38:07.9,0,3953381888,,,35,0.6,0,0.0000,0.00,1.0000,0.0832,,,,,
38:12.9,0,3953381893,,,40,0.7,0,0.0000,0.00,1.0000,0.0835,,,,,
38:17.9,0,3953381898,,,45,0.7,0,0.0000,0.00,1.0000,0.0832,,,,,
38:22.9,0,3953381903,,,50,0.8,0,0.0000,0.00,1.0000,0.0835,,,,,
38:27.9,0,3953381908,,,55,0.9,0,0.0000,0.00,1.0000,0.0833,,,,,
38:32.9,0,3953381913,,,60,1.0,0,0.0000,0.00,1.0000,0.0832,,,,,
38:37.9,0,3953381918,,,65,1.1,0,0.0000,0.00,1.0000,0.0834,,,,,
38:42.9,0,3953381923,,,70,1.2,0,0.0000,0.00,1.0000,0.0834,,,,,
38:47.9,0,3953381928,,,75,1.2,0,0.0000,0.00,1.0000,0.0832,,,,,
38:52.9,0,3953381933,,,80,1.3,0,0.0000,0.00,1.0000,0.0834,,,,,
38:57.9,0,3953381938,,,85,1.4,0,0.0000,0.00,1.0000,0.0833,,,,,
39:02.9,0,3953381943,,,90,1.5,0,0.0000,0.00,1.0000,0.0834,,,,,
39:07.9,0,3953381948,,,95,1.6,0,0.0000,0.00,1.0000,0.0832,,,,,
39:12.9,0,3953381953,,,100,1.7,0,0.0000,0.00,1.0000,0.0833,,,,,
39:17.9,0,3953381958,,,105,1.8,0,0.0000,0.00,1.0000,0.0835,,,,,
39:22.9,0,3953381963,,,110,1.8,0,0.0000,0.00,1.0000,0.0833,,,,,
39:27.9,0,3953381968,,,115,1.9,0,0.0000,0.00,1.0000,0.0834,,,,,
39:32.9,0,3953381973,,,120,2.0,0,0.0000,0.00,1.0000,0.0832,,,,,
39:37.9,0,3953381978,,,125,2.1,0,0.0000,0.00,1.0000,0.0833,,,,,
39:42.9,0,3953381983,,,130,2.2,0,0.0000,0.00,1.0000,0.0834,,,,,
39:47.9,0,3953381988,,,135,2.2,0,0.0000,0.00,1.0000,0.0832,,,,,
39:52.9,0,3953381993,,,140,2.3,0,0.0000,0.00,1.0000,0.0833,,,,,
39:57.9,0,3953381998,,,145,2.4,0,0.0000,0.00,1.0000,0.0834,,,,,
40:02.9,0,3953382003,,,150,2.5,0,0.0000,0.00,1.0000,0.0834,,,,,
40:07.9,0,3953382008,,,155,2.6,0,0.0000,0.00,1.0000,0.0834,,,,,
40:12.9,0,3953382013,,,160,2.7,0,0.0000,0.00,1.0000,0.0834,,,,,
40:17.9,0,3953382018,,,165,2.7,0,0.0000,0.00,1.0000,0.0832,,,,,
40:22.9,0,3953382023,,,170,2.8,0,0.0000,0.00,1.0000,0.0833,,,,,
40:27.9,0,3953382028,,,175,2.9,0,0.0000,0.00,1.0000,0.0834,,,,,
40:32.9,0,3953382033,,,180,3.0,0,0.0000,0.00,1.0000,0.0833,,,,,
40:37.9,0,3953382038,,,185,3.1,0,0.0000,0.00,1.0000,0.0834,,,,,
40:42.9,0,3953382043,,,190,3.2,0,0.0000,0.00,1.0000,0.0833,,,,,
40:47.9,0,3953382048,,,195,3.2,0,0.0000,0.00,1.0000,0.0832,,,,,
40:52.9,0,3953382053,,,200,3.3,0,0.0000,0.00,1.0000,0.0836,,,,,
40:57.9,0,3953382058,,,205,3.4,0,0.0000,0.00,1.0000,0.0832,,,,,
41:02.9,0,3953382063,,,210,3.5,0,0.0000,0.00,1.0000,0.0835,,,,,
41:07.9,0,3953382068,,,215,3.6,0,0.0000,0.00,1.0000,0.0832,,,,,
41:12.9,0,3953382073,,,220,3.7,0,0.0000,0.00,1.0000,0.0834,,,,,
41:17.9,0,3953382078,,,225,3.7,0,0.0000,0.00,1.0000,0.0833,,,,,
41:22.9,0,3953382083,,,230,3.8,0,0.0000,0.00,1.0000,0.0832,,,,,
41:27.9,0,3953382088,,,235,3.9,0,0.0000,0.00,1.0000,0.0836,,,,,
41:32.9,0,3953382093,,,240,4.0,0,0.0000,0.00,1.0000,0.0833,,,,,
41:37.9,0,3953382098,,,245,4.1,0,0.0000,0.00,1.0000,0.0831,,,,,
41:42.9,0,3953382103,,,250,4.2,0,0.0000,0.00,1.0000,0.0834,,,,,
41:47.9,0,3953382108,,,255,4.3,0,0.0000,0.00,1.0000,0.0834,,,,,
41:52.9,0,3953382113,,,260,4.3,0,0.0000,0.00,1.0000,0.0834,,,,,
41:57.9,0,3953382118,,,265,4.4,0,0.0000,0.00,1.0000,0.0832,,,,,
42:02.9,0,3953382123,,,270,4.5,0,0.0000,0.00,1.0000,0.0833,,,,,
42:07.9,0,3953382128,,,275,4.6,0,0.0000,0.00,1.0000,0.0833,,,,,
42:12.9,0,3953382133,,,280,4.7,0,0.0000,0.00,1.0000,0.0835,,,,,
42:17.9,0,3953382138,,,285,4.7,0,0.0000,0.00,1.0000,0.0832,,,,,
42:22.9,0,3953382143,,,290,4.8,0,0.0000,0.00,1.0000,0.0835,,,,,
42:27.9,0,3953382148,,,295,4.9,0,0.0000,0.00,1.0000,0.0833,,,,,
42:32.9,0,3953382153,,,300,5.0,0,0.0000,0.00,1.0000,0.0833,,,,,
42:37.9,0,3953382158,,,305,5.1,0,0.0000,0.00,1.0000,0.0834,,,,,
42:42.9,0,3953382163,,,310,5.2,0,0.0000,0.00,1.0000,0.0833,,,,,
42:47.9,0,3953382168,,,315,5.3,0,0.0000,0.00,1.0000,0.0835,,,,,
42:52.9,0,3953382173,,,320,5.3,0,0.0000,0.00,1.0000,0.0833,,,,,
42:57.9,0,3953382178,,,325,5.4,0,0.0000,0.00,1.0000,0.0834,,,,,
43:02.9,0,3953382183,,,330,5.5,0,0.0000,0.00,1.0000,0.0832,,,,,
43:07.9,0,3953382188,,,335,5.6,0,0.0000,0.00,1.0000,0.0835,,,,,
43:12.9,0,3953382193,,,340,5.7,0,0.0000,0.00,1.0000,0.0834,,,,,
43:17.9,0,3953382198,,,345,5.8,0,0.0000,0.00,1.0000,0.0833,,,,,
43:22.9,0,3953382203,,,350,5.8,0,0.0000,0.00,1.0000,0.0831,,,,,
43:27.9,0,3953382208,,,355,5.9,0,0.0000,0.00,1.0000,0.0834,,,,,
43:32.9,0,3953382213,,,360,6.0,0,0.0000,0.00,1.0000,0.0834,,,,,
43:37.9,0,3953382218,,,365,6.1,0,0.0000,0.00,1.0000,0.0833,,,,,
43:42.9,0,3953382223,,,370,6.2,0,0.0000,0.00,1.0000,0.0833,,,,,
43:47.9,0,3953382228,,,375,6.2,0,0.0000,0.00,1.0000,0.0833,,,,,
43:52.9,0,3953382233,,,380,6.3,0,0.0000,0.00,1.0000,0.0833,,,,,
43:57.9,0,3953382238,,,385,6.4,0,0.0000,0.00,1.0000,0.0834,,,,,
44:02.9,0,3953382243,,,390,6.5,0,0.0000,0.00,1.0000,0.0834,,,,,
44:07.9,0,3953382248,,,395,6.6,0,0.0000,0.00,1.0000,0.0831,,,,,
44:12.9,0,3953382253,,,400,6.7,0,0.0000,0.00,1.0000,0.0835,,,,,
44:17.9,0,3953382258,,,405,6.7,0,0.0000,0.00,1.0000,0.0834,,,,,
44:22.9,0,3953382263,,,410,6.8,0,0.0000,0.00,1.0000,0.0832,,,,,
44:27.9,0,3953382268,,,415,6.9,0,0.0000,0.00,1.0000,0.0836,,,,,
44:32.9,0,3953382273,,,420,7.0,0,0.0000,0.00,1.0000,0.0834,,,,,
44:37.9,0,3953382278,,,425,7.1,0,0.0000,0.00,1.0000,0.0833,,,,,
44:42.9,0,3953382283,,,430,7.2,0,0.0000,0.00,1.0000,0.0833,,,,,
44:47.9,0,3953382288,,,435,7.2,0,0.0000,0.00,1.0000,0.0832,,,,,
44:52.9,0,3953382293,,,440,7.3,0,0.0000,0.00,1.0000,0.0835,,,,,
44:57.9,0,3953382298,,,445,7.4,0,0.0000,0.00,1.0000,0.0833,,,,,
45:02.9,0,3953382303,,,450,7.5,0,0.0000,0.00,1.0000,0.0832,,,,,
45:07.9,0,3953382308,,,455,7.6,0,0.0000,0.00,1.0000,0.0836,,,,,
45:12.9,0,3953382313,,,460,7.7,0,0.0000,0.00,1.0000,0.0833,,,,,
45:17.9,0,3953382318,,,465,7.7,0,0.0000,0.00,1.0000,0.0832,,,,,
45:22.9,0,3953382323,,,470,7.8,0,0.0000,0.00,1.0000,0.0835,,,,,
45:27.9,0,3953382328,,,475,7.9,0,0.0000,0.00,1.0000,0.0833,,,,,
45:32.9,0,3953382333,,,480,8.0,0,0.0000,0.00,1.0000,0.0832,,,,,
45:37.9,0,3953382338,,,485,8.1,0,0.0000,0.00,1.0000,0.0834,,,,,
45:42.9,0,3953382343,,,490,8.2,0,0.0000,0.00,1.0000,0.0833,,,,,
45:47.9,0,3953382348,,,495,8.3,0,0.0000,0.00,1.0000,0.0834,,,,,
45:52.9,0,3953382353,,,500,8.3,0,0.0000,0.00,1.0000,0.0833,,,,,
45:57.9,0,3953382358,,,505,8.4,0,0.0000,0.00,1.0000,0.0832,,,,,
46:02.9,0,3953382363,,,510,8.5,0,0.0000,0.00,1.0000,0.0835,,,,,
46:07.9,0,3953382368,,,515,8.6,0,0.0000,0.00,1.0000,0.0834,,,,,
46:12.9,0,3953382373,,,520,8.7,0,0.0000,0.00,1.0000,0.0831,,,,,
46:17.9,0,3953382378,,,525,8.7,0,0.0000,0.00,1.0000,0.0833,,,,,
46:22.9,0,3953382383,,,530,8.8,0,0.0000,0.00,1.0000,0.0834,,,,,
46:27.9,0,3953382388,,,535,8.9,0,0.0000,0.00,1.0000,0.0834,,,,,
46:32.9,0,3953382393,,,540,9.0,0,0.0000,0.00,1.0000,0.0833,,,,,
46:37.9,0,3953382398,,,545,9.1,0,0.0000,0.00,1.0000,0.0834,,,,,
46:42.9,0,3953382403,,,550,9.2,0,0.0000,0.00,1.0000,0.0834,,,,,
46:47.9,0,3953382408,,,555,9.3,0,0.0000,0.00,1.0000,0.0833,,,,,
46:52.9,0,3953382413,,,560,9.3,0,0.0000,0.00,1.0000,0.0833,,,,,
46:57.9,0,3953382418,,,565,9.4,0,0.0000,0.00,1.0000,0.0832,,,,,
47:02.9,0,3953382423,,,570,9.5,0,0.0000,0.00,1.0000,0.0834,,,,,
47:07.9,0,3953382428,,,575,9.6,0,0.0000,0.00,1.0000,0.0834,,,,,
47:12.9,0,3953382433,,,580,9.7,0,0.0000,0.00,1.0000,0.0833,,,,,
47:17.9,0,3953382438,,,585,9.7,0,0.0000,0.00,1.0000,0.0833,,,,,
47:22.9,0,3953382443,,,590,9.8,0,0.0000,0.00,1.0000,0.0833,,,,,
47:27.9,0,3953382448,,,595,9.9,0,0.0000,0.00,1.0000,0.0836,,,,,
47:32.9,0,3953382453,,,600,10.0,0,0.0000,0.00,1.0000,0.0833,,,,,
47:37.9,0,3953382458,,,605,10.1,0,0.0000,0.00,1.0000,0.0832,,,,,
47:42.9,0,3953382463,,,610,10.2,0,0.0000,0.00,1.0000,0.0834,,,,,
47:47.9,0,3953382468,,,615,10.3,0,0.0000,0.00,1.0000,0.0834,,,,,
47:52.9,0,3953382473,,,620,10.3,0,0.0000,0.00,1.0000,0.0833,,,,,
47:57.9,0,3953382478,,,625,10.4,0,0.0000,0.00,1.0000,0.0834,,,,,
48:02.9,0,3953382483,,,630,10.5,0,0.0000,0.00,1.0000,0.0834,,,,,
48:07.9,0,3953382488,,,635,10.6,0,0.0000,0.00,1.0000,0.0831,,,,,
48:12.9,0,3953382493,,,640,10.7,0,0.0000,0.00,1.0000,0.0835,,,,,
48:17.9,0,3953382498,,,645,10.8,0,0.0000,0.00,1.0000,0.0834,,,,,
48:22.9,0,3953382503,,,650,10.8,0,0.0000,0.00,1.0000,0.0834,,,,,
48:27.9,0,3953382508,,,655,10.9,0,0.0000,0.00,1.0000,0.0831,,,,,
48:32.9,0,3953382513,,,660,11.0,0,0.0000,0.00,1.0000,0.0835,,,,,
48:37.9,0,3953382518,,,665,11.1,0,0.0000,0.00,1.0000,0.0833,,,,,
48:42.9,0,3953382523,,,670,11.2,0,0.0000,0.00,1.0000,0.0833,,,,,
48:47.9,0,3953382528,,,675,11.3,0,0.0000,0.00,1.0000,0.0834,,,,,
48:52.9,0,3953382533,,,680,11.3,0,0.0000,0.00,1.0000,0.0833,,,,,
48:57.9,0,3953382538,,,685,11.4,0,0.0000,0.00,1.0000,0.0834,,,,,
49:02.9,0,3953382543,,,690,11.5,0,0.0000,0.00,1.0000,0.0834,,,,,
49:07.9,0,3953382548,,,695,11.6,0,0.0000,0.00,1.0000,0.0833,,,,,
49:12.9,0,3953382553,,,700,11.7,0,0.0000,0.00,1.0000,0.0834,,,,,
49:17.9,0,3953382558,,,705,11.8,0,0.0000,0.00,1.0000,0.0832,,,,,
49:22.9,0,3953382563,,,710,11.8,0,0.0000,0.00,1.0000,0.0834,,,,,
49:27.9,0,3953382568,,,715,11.9,0,0.0000,0.00,1.0000,0.0833,,,,,
49:32.9,0,3953382573,,,720,12.0,0,0.0000,0.00,1.0000,0.0832,,,,,
49:37.9,0,3953382578,,,725,12.1,0,0.0000,0.00,1.0000,0.0833,,,,,
49:42.9,0,3953382583,,,730,12.2,0,0.0000,0.00,1.0000,0.0832,,,,,
49:47.9,0,3953382588,,,735,12.2,0,0.0000,0.00,1.0000,0.0834,,,,,
49:52.9,0,3953382593,,,740,12.3,0,0.0000,0.00,1.0000,0.0834,,,,,
49:57.9,0,3953382598,,,745,12.4,0,0.0000,0.00,1.0000,0.0834,,,,,
50:02.9,0,3953382603,,,750,12.5,0,0.0000,0.00,1.0000,0.0833,,,,,
50:07.9,0,3953382608,,,755,12.6,0,0.0000,0.00,1.0000,0.0833,,,,,
50:12.9,0,3953382613,,,760,12.7,0,0.0000,0.00,1.0000,0.0832,,,,,
50:17.9,0,3953382618,,,765,12.8,0,0.0000,0.00,1.0000,0.0833,,,,,
50:22.9,0,3953382623,,,770,12.8,0,0.0000,0.00,1.0000,0.0833,,,,,
50:27.9,0,3953382628,,,775,12.9,0,0.0000,0.00,1.0000,0.0834,,,,,
50:32.9,0,3953382633,,,780,13.0,0,0.0000,0.00,1.0000,0.0833,,,,,
50:37.9,0,3953382638,,,785,13.1,0,0.0000,0.00,1.0000,0.0833,,,,,
50:42.9,0,3953382643,,,790,13.2,0,0.0000,0.00,1.0000,0.0831,,,,,
50:47.9,0,3953382648,,,795,13.2,0,0.0000,0.00,1.0000,0.0833,,,,,
50:52.9,0,3953382653,,,800,13.3,0,0.0000,0.00,1.0000,0.0834,,,,,
50:57.9,0,3953382658,,,805,13.4,0,0.0000,0.00,1.0000,0.0836,,,,,
51:02.9,0,3953382663,,,810,13.5,0,0.0000,0.00,1.0000,0.0833,,,,,
51:07.9,0,3953382668,,,815,13.6,0,0.0000,0.00,1.0000,0.0834,,,,,
51:12.9,0,3953382673,,,820,13.7,0,0.0000,0.00,1.0000,0.0833,,,,,
51:17.9,0,3953382678,,,825,13.8,0,0.0000,0.00,1.0000,0.0834,,,,,
51:22.9,0,3953382683,,,830,13.8,0,0.0000,0.00,1.0000,0.0833,,,,,
51:27.9,0,3953382688,,,835,13.9,0,0.0000,0.00,1.0000,0.0833,,,,,
51:32.9,0,3953382693,,,840,14.0,0,0.0000,0.00,1.0000,0.0833,,,,,
51:37.9,0,3953382698,,,845,14.1,0,0.0000,0.00,1.0000,0.0834,,,,,
51:42.9,0,3953382703,,,850,14.2,0,0.0000,0.00,1.0000,0.0831,,,,,
51:47.9,0,3953382708,,,855,14.3,0,0.0000,0.00,1.0000,0.0836,,,,,
51:52.9,0,3953382713,,,860,14.3,0,0.0000,0.00,1.0000,0.0833,,,,,
51:57.9,0,3953382718,,,865,14.4,0,0.0000,0.00,1.0000,0.0833,,,,,
52:02.9,0,3953382723,,,870,14.5,0,0.0000,0.00,1.0000,0.0832,,,,,
52:07.9,0,3953382728,,,875,14.6,0,0.0000,0.00,1.0000,0.0834,,,,,
52:12.9,0,3953382733,,,880,14.7,0,0.0000,0.00,1.0000,0.0834,,,,,
52:17.9,0,3953382738,,,885,14.8,0,0.0000,0.00,1.0000,0.0833,,,,,
52:22.9,0,3953382743,,,890,14.8,0,0.0000,0.00,1.0000,0.0833,,,,,
52:27.9,0,3953382748,,,895,14.9,0,0.0000,0.00,1.0000,0.0832,,,,,
52:32.9,0,3953382753,,,900,15.0,0,0.0000,0.00,1.0000,0.0834,,,,,
52:37.9,0,3953382758,,,905,15.1,0,0.0000,0.00,1.0000,0.0834,,,,,
52:42.9,0,3953382763,,,910,15.2,0,0.0000,0.00,1.0000,0.0834,,,,,
52:47.9,0,3953382768,,,915,15.3,0,0.0000,0.00,1.0000,0.0833,,,,,
52:52.9,0,3953382773,,,920,15.3,0,0.0000,0.00,1.0000,0.0834,,,,,
52:57.9,0,3953382778,,,925,15.4,0,0.0000,0.00,1.0000,0.0833,,,,,
53:02.9,0,3953382783,,,930,15.5,0,0.0000,0.00,1.0000,0.0832,,,,,
53:07.9,0,3953382788,,,935,15.6,0,0.0000,0.00,1.0000,0.0835,,,,,
53:12.9,0,3953382793,,,940,15.7,0,0.0000,0.00,1.0000,0.0834,,,,,
53:17.9,0,3953382798,,,945,15.8,0,0.0000,0.00,1.0000,0.0833,,,,,
53:22.9,0,3953382803,,,950,15.8,0,0.0000,0.00,1.0000,0.0833,,,,,
53:27.9,0,3953382808,,,955,15.9,0,0.0000,0.00,1.0000,0.0833,,,,,
53:32.9,0,3953382813,,,960,16.0,0,0.0000,0.00,1.0000,0.0835,,,,,
53:37.9,0,3953382818,,,965,16.1,0,0.0000,0.00,1.0000,0.0833,,,,,
53:42.9,0,3953382823,,,970,16.2,0,0.0000,0.00,1.0000,0.0833,,,,,
53:47.9,0,3953382828,,,975,16.3,0,0.0000,0.00,1.0000,0.0834,,,,,
53:52.9,0,3953382833,,,980,16.3,0,0.0000,0.00,1.0000,0.0833,,,,,
53:57.9,0,3953382838,,,985,16.4,0,0.0000,0.00,1.0000,0.0831,,,,,
54:02.9,0,3953382843,,,990,16.5,0,0.0000,0.00,1.0000,0.0835,,,,,
54:07.9,0,3953382848,,,995,16.6,0,0.0000,0.00,1.0000,0.0833,,,,,
54:12.9,0,3953382853,,,1000,16.7,0,0.0000,0.00,1.0000,0.0835,,,,,
54:17.9,0,3953382858,,,1005,16.8,0,0.0000,0.00,1.0000,0.0832,,,,,
54:22.9,0,3953382863,,,1010,16.8,0,0.0000,0.00,1.0000,0.0834,,,,,
54:27.9,0,3953382868,,,1015,16.9,0,0.0000,0.00,1.0000,0.0832,,,,,
54:32.9,0,3953382873,,,1020,17.0,0,0.0000,0.00,1.0000,0.0834,,,,,
54:37.9,0,3953382878,,,1025,17.1,0,0.0000,0.00,1.0000,0.0835,,,,,
54:42.9,0,3953382883,,,1030,17.2,0,0.0000,0.00,1.0000,0.0832,,,,,
54:47.9,0,3953382888,,,1035,17.3,0,0.0000,0.00,1.0000,0.0834,,,,,
54:52.9,0,3953382893,,,1040,17.3,0,0.0000,0.00,1.0000,0.0834,,,,,
54:57.9,0,3953382898,,,1045,17.4,0,0.0000,0.00,1.0000,0.0833,,,,,
55:02.9,0,3953382903,,,1050,17.5,0,0.0000,0.00,1.0000,0.0833,,,,,
55:07.9,0,3953382908,,,1055,17.6,0,0.0000,0.00,1.0000,0.0834,,,,,
55:12.9,0,3953382913,,,1060,17.7,0,0.0000,0.00,1.0000,0.0833,,,,,
55:17.9,0,3953382918,,,1065,17.7,0,0.0000,0.00,1.0000,0.0832,,,,,
55:22.9,0,3953382923,,,1070,17.8,0,0.0000,0.00,1.0000,0.0835,,,,,
55:27.9,0,3953382928,,,1075,17.9,0,0.0000,0.00,1.0000,0.0833,,,,,
55:32.9,0,3953382933,,,1080,18.0,0,0.0000,0.00,1.0000,0.0833,,,,,
55:37.9,0,3953382938,,,1085,18.1,0,0.0000,0.00,1.0000,0.0833,,,,,
55:42.9,0,3953382943,,,1090,18.2,0,0.0000,0.00,1.0000,0.0834,,,,,
55:47.9,0,3953382948,,,1095,18.3,0,0.0000,0.00,1.0000,0.0833,,,,,
55:52.9,0,3953382953,,,1100,18.3,0,0.0000,0.00,1.0000,0.0833,,,,,
55:57.9,0,3953382958,,,1105,18.4,0,0.0000,0.00,1.0000,0.0833,,,,,
56:02.9,0,3953382963,,,1110,18.5,0,0.0000,0.00,1.0000,0.0833,,,,,
56:07.9,0,3953382968,,,1115,18.6,0,0.0000,0.00,1.0000,0.0834,,,,,
56:12.9,0,3953382973,,,1120,18.7,0,0.0000,0.00,1.0000,0.0833,,,,,
56:17.9,0,3953382978,,,1125,18.7,0,0.0000,0.00,1.0000,0.0831,,,,,
56:22.9,0,3953382983,,,1130,18.8,0,0.0000,0.00,1.0000,0.0835,,,,,
56:27.9,0,3953382988,,,1135,18.9,0,0.0000,0.00,1.0000,0.0832,,,,,
56:32.9,0,3953382993,,,1140,19.0,0,0.0000,0.00,1.0000,0.0835,,,,,
56:37.9,0,3953382998,,,1145,19.1,0,0.0000,0.00,1.0000,0.0832,,,,,
56:42.9,0,3953383003,,,1150,19.2,0,0.0000,0.00,1.0000,0.0834,,,,,
56:47.9,0,3953383008,,,1155,19.3,0,0.0000,0.00,1.0000,0.0834,,,,,
56:52.9,0,3953383013,,,1160,19.3,0,0.0000,0.00,1.0000,0.0833,,,,,
56:57.9,0,3953383018,,,1165,19.4,0,0.0000,0.00,1.0000,0.0834,,,,,
57:02.9,0,3953383023,,,1170,19.5,0,0.0000,0.00,1.0000,0.0833,,,,,
57:07.9,0,3953383028,,,1175,19.6,0,0.0000,0.00,1.0000,0.0833,,,,,
57:12.9,0,3953383033,,,1180,19.7,0,0.0000,0.00,1.0000,0.0834,,,,,
57:17.9,0,3953383038,,,1185,19.8,0,0.0000,0.00,1.0000,0.0832,,,,,
57:22.9,0,3953383043,,,1190,19.8,0,0.0000,0.00,1.0000,0.0833,,,,,
57:27.9,0,3953383048,,,1195,19.9,0,0.0000,0.00,1.0000,0.0834,,,,,
57:32.9,0,3953383053,,,1200,20.0,0,0.0000,0.00,1.0000,0.0832,,,,,
57:37.9,0,3953383058,,,1205,20.1,0,0.0000,0.00,1.0000,0.0834,,,,,
57:42.9,0,3953383063,,,1210,20.2,0,0.0000,0.00,1.0000,0.0832,,,,,
57:47.9,0,3953383068,,,1215,20.3,0,0.0000,0.00,1.0000,0.0833,,,,,
57:52.9,0,3953383073,,,1220,20.3,0,0.0000,0.00,1.0000,0.0833,,,,,
57:57.9,0,3953383078,,,1225,20.4,0,0.0000,0.00,1.0000,0.0833,,,,,
58:02.9,0,3953383083,,,1230,20.5,0,0.0000,0.00,1.0000,0.0836,,,,,
58:07.9,0,3953383088,,,1235,20.6,0,0.0000,0.00,1.0000,0.0833,,,,,
58:12.9,200,3953383093,,,1240,20.7,200,0.0050,0.02,0.9950,0.0830,,,,,
58:17.9,300,3953383098,,,1245,20.8,300,0.0075,0.03,0.9925,0.0827,,,,,
58:22.9,400,3953383103,,,1250,20.8,400,0.0100,0.04,0.9900,0.0825,,,,,
58:27.9,500,3953383108,,,1255,20.9,500,0.0125,0.05,0.9875,0.0823,,,,,
58:32.9,600,3953383113,,,1260,21.0,600,0.0150,0.06,0.9850,0.0821,,,,,
58:37.9,700,3953383118,,,1265,21.1,700,0.0175,0.07,0.9825,0.0817,,,,,
58:42.9,700,3953383123,,,1270,21.2,700,0.0175,0.07,0.9825,0.0819,,,,,
58:47.9,800,3953383128,,,1275,21.3,800,0.0200,0.08,0.9800,0.0817,,,,,
58:52.9,1000,3953383133,,,1280,21.3,1000,0.0250,0.10,0.9750,0.0812,,,,,
58:57.9,1200,3953383138,,,1285,21.4,1200,0.0300,0.12,0.9700,0.0808,,,,,
59:02.9,1400,3953383143,,,1290,21.5,1400,0.0350,0.14,0.9650,0.0803,,,,,
59:07.9,1700,3953383148,,,1295,21.6,1700,0.0425,0.17,0.9575,0.0799,,,,,
59:12.9,1900,3953383153,,,1300,21.7,1900,0.0475,0.19,0.9525,0.0794,time,0.05,2000,0.002,0.95
59:17.9,2200,3953383158,,,1305,21.8,2200,0.0550,0.22,0.9450,0.0788,21.69,0.95,0.03,,
59:22.9,2500,3953383163,,,1310,21.8,2500,0.0625,0.25,0.9375,0.0782,208.67,21.67,,,
59:27.9,2900,3953383168,,,1315,21.9,2900,0.0725,0.29,0.9275,0.0772,,,,,
59:32.9,3200,3953383173,,,1320,22.0,3200,0.0800,0.32,0.9200,0.0766,,,,,
59:37.9,3600,3953383178,,,1325,22.1,3600,0.0900,0.36,0.9100,0.0759,,,,,
59:42.9,4000,3953383183,,,1330,22.2,4000,0.1000,0.40,0.9000,0.0751,,,,,
59:47.9,4400,3953383188,,,1335,22.2,4400,0.1100,0.44,0.8900,0.0741,,,,,
59:52.9,4800,3953383193,,,1340,22.3,4800,0.1200,0.48,0.8800,0.0735,,,,,
59:57.9,5200,3953383198,,,1345,22.4,5200,0.1300,0.52,0.8700,0.0725,,,,,
00:02.9,5500,3953383203,,,1350,22.5,5500,0.1375,0.55,0.8625,0.0719,,,,,
00:07.9,5800,3953383208,,,1355,22.6,5800,0.1450,0.58,0.8550,0.0712,,,,,
00:12.9,6200,3953383213,,,1360,22.7,6200,0.1550,0.62,0.8450,0.0703,,,,,
00:17.9,6600,3953383218,,,1365,22.8,6600,0.1650,0.66,0.8350,0.0696,,,,,
00:22.9,7000,3953383223,,,1370,22.8,7000,0.1750,0.70,0.8250,0.0688,,,,,
00:27.9,7300,3953383228,,,1375,22.9,7300,0.1825,0.73,0.8175,0.0680,,,,,
00:32.9,7700,3953383233,,,1380,23.0,7700,0.1925,0.77,0.8075,0.0673,,,,,
00:37.9,7900,3953383238,,,1385,23.1,7900,0.1975,0.79,0.8025,0.0668,,,,,
00:42.9,8200,3953383243,,,1390,23.2,8200,0.2050,0.82,0.7950,0.0663,,,,,
00:47.9,8500,3953383248,,,1395,23.3,8500,0.2125,0.85,0.7875,0.0657,,,,,
00:52.9,8900,3953383253,,,1400,23.3,8900,0.2225,0.89,0.7775,0.0648,,,,,
00:57.9,9200,3953383258,,,1405,23.4,9200,0.2300,0.92,0.7700,0.0641,,,,,
01:02.9,9600,3953383263,,,1410,23.5,9600,0.2400,0.96,0.7600,0.0634,,,,,
01:07.9,9800,3953383268,,,1415,23.6,9800,0.2450,0.98,0.7550,0.0628,,,,,
01:12.9,10100,3953383273,,,1420,23.7,10100,0.2525,1.01,0.7475,0.0623,,,,,
01:17.9,10300,3953383278,,,1425,23.8,10300,0.2575,1.03,0.7425,0.0618,,,,,
01:22.9,10600,3953383283,,,1430,23.8,10600,0.2650,1.06,0.7350,0.0613,,,,,
01:27.9,11100,3953383288,,,1435,23.9,11100,0.2775,1.11,0.7225,0.0602,,,,,
01:32.9,11400,3953383293,,,1440,24.0,11400,0.2850,1.14,0.7150,0.0596,,,,,
01:37.9,11700,3953383298,,,1445,24.1,11700,0.2925,1.17,0.7075,0.0590,,,,,
01:42.9,11900,3953383303,,,1450,24.2,11900,0.2975,1.19,0.7025,0.0585,,,,,
01:47.9,12200,3953383308,,,1455,24.3,12200,0.3050,1.22,0.6950,0.0580,,,,,
01:52.9,12500,3953383313,,,1460,24.3,12500,0.3125,1.25,0.6875,0.0572,,,,,
01:57.9,13000,3953383318,,,1465,24.4,13000,0.3250,1.30,0.6750,0.0562,,,,,
02:02.9,13200,3953383323,,,1470,24.5,13200,0.3300,1.32,0.6700,0.0559,,,,,
02:07.9,13500,3953383328,,,1475,24.6,13500,0.3375,1.35,0.6625,0.0551,,,,,
02:12.9,13700,3953383333,,,1480,24.7,13700,0.3425,1.37,0.6575,0.0549,,,,,
02:17.9,14000,3953383338,,,1485,24.8,14000,0.3500,1.40,0.6500,0.0540,,,,,
02:22.9,14300,3953383343,,,1490,24.8,14300,0.3575,1.43,0.6425,0.0536,,,,,
02:27.9,14600,3953383348,,,1495,24.9,14600,0.3650,1.46,0.6350,0.0530,,,,,
02:32.9,14900,3953383353,,,1500,25.0,14900,0.3725,1.49,0.6275,0.0522,,,,,
02:37.9,15100,3953383358,,,1505,25.1,15100,0.3775,1.51,0.6225,0.0519,,,,,
02:42.9,15300,3953383363,,,1510,25.2,15300,0.3825,1.53,0.6175,0.0514,,,,,
02:47.9,15700,3953383368,,,1515,25.3,15700,0.3925,1.57,0.6075,0.0506,,,,,
02:52.9,15900,3953383373,,,1520,25.3,15900,0.3975,1.59,0.6025,0.0502,,,,,
02:57.9,16100,3953383378,,,1525,25.4,16100,0.4025,1.61,0.5975,0.0499,,,,,
03:02.9,16400,3953383383,,,1530,25.5,16400,0.4100,1.64,0.5900,0.0492,,,,,
03:07.9,16700,3953383388,,,1535,25.6,16700,0.4175,1.67,0.5825,0.0486,,,,,
03:12.9,16900,3953383393,,,1540,25.7,16900,0.4225,1.69,0.5775,0.0481,,,,,
03:17.9,17100,3953383398,,,1545,25.8,17100,0.4275,1.71,0.5725,0.0476,,,,,
03:22.9,17400,3953383403,,,1550,25.8,17400,0.4350,1.74,0.5650,0.0472,,,,,
03:27.9,17500,3953383408,,,1555,25.9,17500,0.4375,1.75,0.5625,0.0468,,,,,
03:32.9,17700,3953383413,,,1560,26.0,17700,0.4425,1.77,0.5575,0.0465,,,,,
03:37.9,17900,3953383418,,,1565,26.1,17900,0.4475,1.79,0.5525,0.0461,,,,,
03:42.9,18200,3953383423,,,1570,26.2,18200,0.4550,1.82,0.5450,0.0453,,,,,
03:47.9,18600,3953383428,,,1575,26.3,18600,0.4650,1.86,0.5350,0.0446,,,,,
03:52.9,18700,3953383433,,,1580,26.3,18700,0.4675,1.87,0.5325,0.0444,,,,,
03:57.9,18900,3953383438,,,1585,26.4,18900,0.4725,1.89,0.5275,0.0439,,,,,
04:02.9,19200,3953383443,,,1590,26.5,19200,0.4800,1.92,0.5200,0.0434,,,,,
04:07.9,19300,3953383448,,,1595,26.6,19300,0.4825,1.93,0.5175,0.0431,,,,,
04:12.9,19600,3953383453,,,1600,26.7,19600,0.4900,1.96,0.5100,0.0424,,,,,
04:17.9,19700,3953383458,,,1605,26.8,19700,0.4925,1.97,0.5075,0.0423,,,,,
04:22.9,19800,3953383463,,,1610,26.8,19800,0.4950,1.98,0.5050,0.0421,,,,,
04:27.9,20000,3953383468,,,1615,26.9,20000,0.5000,2.00,0.5000,0.0417,,,,,
04:32.9,20300,3953383473,,,1620,27.0,20300,0.5075,2.03,0.4925,0.0411,,,,,
04:37.9,20500,3953383478,,,1625,27.1,20500,0.5125,2.05,0.4875,0.0405,,,,,
04:42.9,20700,3953383483,,,1630,27.2,20700,0.5175,2.07,0.4825,0.0403,,,,,
04:47.9,20900,3953383488,,,1635,27.3,20900,0.5225,2.09,0.4775,0.0397,,,,,
04:52.9,21100,3953383493,,,1640,27.3,21100,0.5275,2.11,0.4725,0.0394,,,,,
04:57.9,21200,3953383498,,,1645,27.4,21200,0.5300,2.12,0.4700,0.0392,,,,,
05:02.9,21300,3953383503,,,1650,27.5,21300,0.5325,2.13,0.4675,0.0389,,,,,
05:07.9,21300,3953383508,,,1655,27.6,21300,0.5325,2.13,0.4675,0.0389,,,,,
05:12.9,21500,3953383513,,,1660,27.7,21500,0.5375,2.15,0.4625,0.0385,,,,,
05:17.9,21600,3953383518,,,1665,27.8,21600,0.5400,2.16,0.4600,0.0383,,,,,
05:22.9,21800,3953383523,,,1670,27.8,21800,0.5450,2.18,0.4550,0.0380,,,,,
05:27.9,22000,3953383528,,,1675,27.9,22000,0.5500,2.20,0.4500,0.0376,,,,,
05:32.9,22100,3953383533,,,1680,28.0,22100,0.5525,2.21,0.4475,0.0373,,,,,
05:37.9,22300,3953383538,,,1685,28.1,22300,0.5575,2.23,0.4425,0.0368,,,,,
05:42.9,22300,3953383543,,,1690,28.2,22300,0.5575,2.23,0.4425,0.0369,,,,,
05:47.9,22500,3953383548,,,1695,28.3,22500,0.5625,2.25,0.4375,0.0364,,,,,
05:52.9,22800,3953383553,,,1700,28.3,22800,0.5700,2.28,0.4300,0.0358,,,,,
05:57.9,22900,3953383558,,,1705,28.4,22900,0.5725,2.29,0.4275,0.0356,,,,,
06:02.9,22900,3953383563,,,1710,28.5,22900,0.5725,2.29,0.4275,0.0357,,,,,
06:07.9,23200,3953383568,,,1715,28.6,23200,0.5800,2.32,0.4200,0.0349,,,,,
06:12.9,23300,3953383573,,,1720,28.7,23300,0.5825,2.33,0.4175,0.0348,,,,,
06:17.9,23500,3953383578,,,1725,28.8,23500,0.5875,2.35,0.4125,0.0344,,,,,
06:22.9,23600,3953383583,,,1730,28.8,23600,0.5900,2.36,0.4100,0.0342,,,,,
06:27.9,23700,3953383588,,,1735,28.9,23700,0.5925,2.37,0.4075,0.0339,,,,,
06:32.9,23700,3953383593,,,1740,29.0,23700,0.5925,2.37,0.4075,0.0340,,,,,
06:37.9,24000,3953383598,,,1745,29.1,24000,0.6000,2.40,0.4000,0.0333,,,,,
06:42.9,24000,3953383603,,,1750,29.2,24000,0.6000,2.40,0.4000,0.0334,,,,,
06:47.9,24200,3953383608,,,1755,29.3,24200,0.6050,2.42,0.3950,0.0329,,,,,
06:52.9,24300,3953383613,,,1760,29.3,24300,0.6075,2.43,0.3925,0.0327,,,,,
06:57.9,24400,3953383618,,,1765,29.4,24400,0.6100,2.44,0.3900,0.0325,,,,,
07:02.9,24600,3953383623,,,1770,29.5,24600,0.6150,2.46,0.3850,0.0320,,,,,
07:07.9,24600,3953383628,,,1775,29.6,24600,0.6150,2.46,0.3850,0.0322,,,,,
07:12.9,24700,3953383633,,,1780,29.7,24700,0.6175,2.47,0.3825,0.0318,,,,,
07:17.9,24800,3953383638,,,1785,29.8,24800,0.6200,2.48,0.3800,0.0316,,,,,
07:22.9,24800,3953383643,,,1790,29.8,24800,0.6200,2.48,0.3800,0.0317,,,,,
07:27.9,25000,3953383648,,,1795,29.9,25000,0.6250,2.50,0.3750,0.0313,,,,,
07:32.9,25100,3953383653,,,1800,30.0,25100,0.6275,2.51,0.3725,0.0310,,,,,
07:37.9,25100,3953383658,,,1805,30.1,25100,0.6275,2.51,0.3725,0.0311,,,,,
07:42.9,25200,3953383663,,,1810,30.2,25200,0.6300,2.52,0.3700,0.0308,,,,,
07:47.9,25400,3953383668,,,1815,30.3,25400,0.6350,2.54,0.3650,0.0305,,,,,
07:52.9,25400,3953383673,,,1820,30.3,25400,0.6350,2.54,0.3650,0.0304,,,,,
07:57.9,25600,3953383678,,,1825,30.4,25600,0.6400,2.56,0.3600,0.0300,,,,,
08:02.9,25800,3953383683,,,1830,30.5,25800,0.6450,2.58,0.3550,0.0295,,,,,
08:07.9,26000,3953383688,,,1835,30.6,26000,0.6500,2.60,0.3500,0.0292,,,,,
08:12.9,25800,3953383693,,,1840,30.7,25800,0.6450,2.58,0.3550,0.0296,,,,,
08:17.9,26000,3953383698,,,1845,30.8,26000,0.6500,2.60,0.3500,0.0291,,,,,
08:22.9,26100,3953383703,,,1850,30.8,26100,0.6525,2.61,0.3475,0.0289,,,,,
08:27.9,26200,3953383708,,,1855,30.9,26200,0.6550,2.62,0.3450,0.0288,,,,,
08:32.9,26300,3953383713,,,1860,31.0,26300,0.6575,2.63,0.3425,0.0285,,,,,
08:37.9,26400,3953383718,,,1865,31.1,26400,0.6600,2.64,0.3400,0.0284,,,,,
08:42.9,26400,3953383723,,,1870,31.2,26400,0.6600,2.64,0.3400,0.0283,,,,,
08:47.9,26500,3953383728,,,1875,31.3,26500,0.6625,2.65,0.3375,0.0281,,,,,
08:52.9,26700,3953383733,,,1880,31.3,26700,0.6675,2.67,0.3325,0.0277,,,,,
08:57.9,26700,3953383738,,,1885,31.4,26700,0.6675,2.67,0.3325,0.0277,,,,,
09:02.9,26800,3953383743,,,1890,31.5,26800,0.6700,2.68,0.3300,0.0275,,,,,
09:07.9,27000,3953383748,,,1895,31.6,27000,0.6750,2.70,0.3250,0.0271,,,,,
09:12.9,26900,3953383753,,,1900,31.7,26900,0.6725,2.69,0.3275,0.0273,,,,,
09:17.9,27000,3953383758,,,1905,31.8,27000,0.6750,2.70,0.3250,0.0271,,,,,
09:22.9,27100,3953383763,,,1910,31.8,27100,0.6775,2.71,0.3225,0.0269,,,,,
09:27.9,27100,3953383768,,,1915,31.9,27100,0.6775,2.71,0.3225,0.0268,,,,,
09:32.9,27200,3953383773,,,1920,32.0,27200,0.6800,2.72,0.3200,0.0267,,,,,
09:37.9,27200,3953383778,,,1925,32.1,27200,0.6800,2.72,0.3200,0.0266,,,,,
09:42.9,27400,3953383783,,,1930,32.2,27400,0.6850,2.74,0.3150,0.0263,,,,,
09:47.9,27400,3953383788,,,1935,32.3,27400,0.6850,2.74,0.3150,0.0262,,,,,
09:52.9,27300,3953383793,,,1940,32.3,27300,0.6825,2.73,0.3175,0.0265,,,,,
09:57.9,27500,3953383798,,,1945,32.4,27500,0.6875,2.75,0.3125,0.0260,,,,,
10:02.9,27700,3953383803,,,1950,32.5,27700,0.6925,2.77,0.3075,0.0256,,,,,
10:07.9,27800,3953383808,,,1955,32.6,27800,0.6950,2.78,0.3050,0.0254,,,,,
10:12.9,27800,3953383813,,,1960,32.7,27800,0.6950,2.78,0.3050,0.0254,,,,,
10:17.9,27700,3953383818,,,1965,32.8,27700,0.6925,2.77,0.3075,0.0257,,,,,
10:22.9,27700,3953383823,,,1970,32.8,27700,0.6925,2.77,0.3075,0.0256,,,,,
10:27.9,28000,3953383828,,,1975,32.9,28000,0.7000,2.80,0.3000,0.0250,,,,,
10:32.9,28000,3953383833,,,1980,33.0,28000,0.7000,2.80,0.3000,0.0250,,,,,
10:37.9,28000,3953383838,,,1985,33.1,28000,0.7000,2.80,0.3000,0.0250,,,,,
10:42.9,28000,3953383843,,,1990,33.2,28000,0.7000,2.80,0.3000,0.0250,,,,,
10:47.9,28100,3953383848,,,1995,33.3,28100,0.7025,2.81,0.2975,0.0248,,,,,
10:52.9,28200,3953383853,,,2000,33.3,28200,0.7050,2.82,0.2950,0.0246,,,,,
10:57.9,28200,3953383858,,,2005,33.4,28200,0.7050,2.82,0.2950,0.0246,,,,,
11:02.9,28400,3953383863,,,2010,33.5,28400,0.7100,2.84,0.2900,0.0241,,,,,
11:07.9,28300,3953383868,,,2015,33.6,28300,0.7075,2.83,0.2925,0.0244,,,,,
11:12.9,28400,3953383873,,,2020,33.7,28400,0.7100,2.84,0.2900,0.0242,,,,,
11:17.9,28600,3953383878,,,2025,33.8,28600,0.7150,2.86,0.2850,0.0238,,,,,
11:22.9,28600,3953383883,,,2030,33.8,28600,0.7150,2.86,0.2850,0.0237,,,,,
11:27.9,28400,3953383888,,,2035,33.9,28400,0.7100,2.84,0.2900,0.0241,,,,,
11:32.9,28600,3953383893,,,2040,34.0,28600,0.7150,2.86,0.2850,0.0238,,,,,
11:37.9,28700,3953383898,,,2045,34.1,28700,0.7175,2.87,0.2825,0.0235,,,,,
11:42.9,28800,3953383903,,,2050,34.2,28800,0.7200,2.88,0.2800,0.0234,,,,,
11:47.9,28700,3953383908,,,2055,34.3,28700,0.7175,2.87,0.2825,0.0236,,,,,
11:52.9,28800,3953383913,,,2060,34.3,28800,0.7200,2.88,0.2800,0.0233,,,,,
11:57.9,28900,3953383918,,,2065,34.4,28900,0.7225,2.89,0.2775,0.0232,,,,,
12:02.9,28800,3953383923,,,2070,34.5,28800,0.7200,2.88,0.2800,0.0233,,,,,
12:07.9,28800,3953383928,,,2075,34.6,28800,0.7200,2.88,0.2800,0.0233,,,,,
12:12.9,28900,3953383933,,,2080,34.7,28900,0.7225,2.89,0.2775,0.0231,,,,,
12:17.9,29100,3953383938,,,2085,34.8,29100,0.7275,2.91,0.2725,0.0227,,,,,
12:22.9,29100,3953383943,,,2090,34.8,29100,0.7275,2.91,0.2725,0.0227,,,,,
12:27.9,29200,3953383948,,,2095,34.9,29200,0.7300,2.92,0.2700,0.0225,,,,,
12:32.9,29300,3953383953,,,2100,35.0,29300,0.7325,2.93,0.2675,0.0223,,,,,
12:37.9,29300,3953383958,,,2105,35.1,29300,0.7325,2.93,0.2675,0.0223,,,,,
12:42.9,29500,3953383963,,,2110,35.2,29500,0.7375,2.95,0.2625,0.0219,,,,,
12:47.9,29500,3953383968,,,2115,35.3,29500,0.7375,2.95,0.2625,0.0219,,,,,
12:52.9,29400,3953383973,,,2120,35.3,29400,0.7350,2.94,0.2650,0.0221,,,,,
12:57.9,29600,3953383978,,,2125,35.4,29600,0.7400,2.96,0.2600,0.0216,,,,,
13:02.9,29600,3953383983,,,2130,35.5,29600,0.7400,2.96,0.2600,0.0216,,,,,
13:07.9,29500,3953383988,,,2135,35.6,29500,0.7375,2.95,0.2625,0.0219,,,,,
13:12.9,29600,3953383993,,,2140,35.7,29600,0.7400,2.96,0.2600,0.0217,,,,,
13:17.9,29600,3953383998,,,2145,35.8,29600,0.7400,2.96,0.2600,0.0216,,,,,
13:22.9,29600,3953384003,,,2150,35.8,29600,0.7400,2.96,0.2600,0.0217,,,,,
13:27.9,29700,3953384008,,,2155,35.9,29700,0.7425,2.97,0.2575,0.0215,,,,,
13:32.9,29700,3953384013,,,2160,36.0,29700,0.7425,2.97,0.2575,0.0214,,,,,
13:37.9,29800,3953384018,,,2165,36.1,29800,0.7450,2.98,0.2550,0.0213,,,,,
13:42.9,29900,3953384023,,,2170,36.2,29900,0.7475,2.99,0.2525,0.0210,,,,,
13:47.9,30000,3953384028,,,2175,36.3,30000,0.7500,3.00,0.2500,0.0208,,,,,
13:52.9,30000,3953384033,,,2180,36.3,30000,0.7500,3.00,0.2500,0.0208,,,,,
13:57.9,29900,3953384038,,,2185,36.4,29900,0.7475,2.99,0.2525,0.0211,,,,,
14:02.9,29900,3953384043,,,2190,36.5,29900,0.7475,2.99,0.2525,0.0211,,,,,
14:07.9,30000,3953384048,,,2195,36.6,30000,0.7500,3.00,0.2500,0.0208,,,,,
14:12.9,29900,3953384053,,,2200,36.7,29900,0.7475,2.99,0.2525,0.0211,,,,,
14:17.9,30000,3953384058,,,2205,36.8,30000,0.7500,3.00,0.2500,0.0209,,,,,
14:22.9,30000,3953384063,,,2210,36.8,30000,0.7500,3.00,0.2500,0.0208,,,,,
14:27.9,30300,3953384068,,,2215,36.9,30300,0.7575,3.03,0.2425,0.0202,,,,,
14:32.9,30200,3953384073,,,2220,37.0,30200,0.7550,3.02,0.2450,0.0204,,,,,
14:37.9,30100,3953384078,,,2225,37.1,30100,0.7525,3.01,0.2475,0.0206,,,,,
14:42.9,30100,3953384083,,,2230,37.2,30100,0.7525,3.01,0.2475,0.0206,,,,,
14:47.9,30200,3953384088,,,2235,37.3,30200,0.7550,3.02,0.2450,0.0204,,,,,
14:52.9,30200,3953384093,,,2240,37.3,30200,0.7550,3.02,0.2450,0.0204,,,,,
14:57.9,30200,3953384098,,,2245,37.4,30200,0.7550,3.02,0.2450,0.0204,,,,,
15:02.9,30200,3953384103,,,2250,37.5,30200,0.7550,3.02,0.2450,0.0204,,,,,
15:07.9,30300,3953384108,,,2255,37.6,30300,0.7575,3.03,0.2425,0.0202,,,,,
15:12.9,30500,3953384113,,,2260,37.7,30500,0.7625,3.05,0.2375,0.0198,,,,,
15:17.9,30600,3953384118,,,2265,37.8,30600,0.7650,3.06,0.2350,0.0196,,,,,
15:22.9,30500,3953384123,,,2270,37.8,30500,0.7625,3.05,0.2375,0.0198,,,,,
15:27.9,30500,3953384128,,,2275,37.9,30500,0.7625,3.05,0.2375,0.0198,,,,,
15:32.9,30500,3953384133,,,2280,38.0,30500,0.7625,3.05,0.2375,0.0198,,,,,
15:37.9,30500,3953384138,,,2285,38.1,30500,0.7625,3.05,0.2375,0.0198,,,,,
15:42.9,30600,3953384143,,,2290,38.2,30600,0.7650,3.06,0.2350,0.0196,,,,,
15:47.9,30600,3953384148,,,2295,38.3,30600,0.7650,3.06,0.2350,0.0195,,,,,
15:52.9,30700,3953384153,,,2300,38.3,30700,0.7675,3.07,0.2325,0.0194,,,,,
15:57.9,30600,3953384158,,,2305,38.4,30600,0.7650,3.06,0.2350,0.0196,,,,,
16:02.9,30600,3953384163,,,2310,38.5,30600,0.7650,3.06,0.2350,0.0196,,,,,
16:07.9,30700,3953384168,,,2315,38.6,30700,0.7675,3.07,0.2325,0.0194,,,,,
16:12.9,30700,3953384173,,,2320,38.7,30700,0.7675,3.07,0.2325,0.0194,,,,,
16:17.9,30700,3953384178,,,2325,38.8,30700,0.7675,3.07,0.2325,0.0194,,,,,
16:22.9,30800,3953384183,,,2330,38.8,30800,0.7700,3.08,0.2300,0.0192,,,,,
16:27.9,30800,3953384188,,,2335,38.9,30800,0.7700,3.08,0.2300,0.0192,,,,,
16:32.9,30800,3953384193,,,2340,39.0,30800,0.7700,3.08,0.2300,0.0192,,,,,
16:37.9,30900,3953384198,,,2345,39.1,30900,0.7725,3.09,0.2275,0.0190,,,,,
16:42.9,30900,3953384203,,,2350,39.2,30900,0.7725,3.09,0.2275,0.0190,,,,,
16:47.9,31000,3953384208,,,2355,39.3,31000,0.7750,3.10,0.2250,0.0188,,,,,
16:52.9,31000,3953384213,,,2360,39.3,31000,0.7750,3.10,0.2250,0.0188,,,,,
16:57.9,31000,3953384218,,,2365,39.4,31000,0.7750,3.10,0.2250,0.0187,,,,,
17:02.9,31000,3953384223,,,2370,39.5,31000,0.7750,3.10,0.2250,0.0187,,,,,
17:07.9,31100,3953384228,,,2375,39.6,31100,0.7775,3.11,0.2225,0.0185,,,,,
17:12.9,31100,3953384233,,,2380,39.7,31100,0.7775,3.11,0.2225,0.0186,,,,,
17:17.9,31100,3953384238,,,2385,39.8,31100,0.7775,3.11,0.2225,0.0186,,,,,
17:22.9,31200,3953384243,,,2390,39.8,31200,0.7800,3.12,0.2200,0.0183,,,,,
17:27.9,31200,3953384248,,,2395,39.9,31200,0.7800,3.12,0.2200,0.0184,,,,,
17:32.9,31200,3953384253,,,2400,40.0,31200,0.7800,3.12,0.2200,0.0184,,,,,
17:37.9,31300,3953384258,,,2405,40.1,31300,0.7825,3.13,0.2175,0.0181,,,,,
17:42.9,31300,3953384263,,,2410,40.2,31300,0.7825,3.13,0.2175,0.0182,,,,,
17:47.9,31300,3953384268,,,2415,40.3,31300,0.7825,3.13,0.2175,0.0181,,,,,
17:52.9,31200,3953384273,,,2420,40.3,31200,0.7800,3.12,0.2200,0.0183,,,,,
17:57.9,31100,3953384278,,,2425,40.4,31100,0.7775,3.11,0.2225,0.0186,,,,,
18:02.9,31200,3953384283,,,2430,40.5,31200,0.7800,3.12,0.2200,0.0183,,,,,
18:07.9,31100,3953384288,,,2435,40.6,31100,0.7775,3.11,0.2225,0.0185,,,,,
18:12.9,31200,3953384293,,,2440,40.7,31200,0.7800,3.12,0.2200,0.0183,,,,,
18:17.9,31100,3953384298,,,2445,40.8,31100,0.7775,3.11,0.2225,0.0185,,,,,
18:22.9,31300,3953384303,,,2450,40.8,31300,0.7825,3.13,0.2175,0.0181,,,,,
18:27.9,31400,3953384308,,,2455,40.9,31400,0.7850,3.14,0.2150,0.0179,,,,,
18:32.9,31400,3953384313,,,2460,41.0,31400,0.7850,3.14,0.2150,0.0179,,,,,
18:37.9,31400,3953384318,,,2465,41.1,31400,0.7850,3.14,0.2150,0.0179,,,,,
18:42.9,31300,3953384323,,,2470,41.2,31300,0.7825,3.13,0.2175,0.0181,,,,,
18:47.9,31300,3953384328,,,2475,41.3,31300,0.7825,3.13,0.2175,0.0181,,,,,
18:52.9,31400,3953384333,,,2480,41.3,31400,0.7850,3.14,0.2150,0.0179,,,,,
18:57.9,31500,3953384338,,,2485,41.4,31500,0.7875,3.15,0.2125,0.0177,,,,,
19:02.9,31500,3953384343,,,2490,41.5,31500,0.7875,3.15,0.2125,0.0177,,,,,
19:07.9,31500,3953384348,,,2495,41.6,31500,0.7875,3.15,0.2125,0.0177,,,,,
19:12.9,31500,3953384353,,,2500,41.7,31500,0.7875,3.15,0.2125,0.0177,,,,,
19:17.9,31600,3953384358,,,2505,41.8,31600,0.7900,3.16,0.2100,0.0175,,,,,
19:22.9,31500,3953384363,,,2510,41.8,31500,0.7875,3.15,0.2125,0.0177,,,,,
19:27.9,31500,3953384368,,,2515,41.9,31500,0.7875,3.15,0.2125,0.0177,,,,,
19:32.9,31500,3953384373,,,2520,42.0,31500,0.7875,3.15,0.2125,0.0177,,,,,
19:37.9,31500,3953384378,,,2525,42.1,31500,0.7875,3.15,0.2125,0.0177,,,,,
19:42.9,31400,3953384383,,,2530,42.2,31400,0.7850,3.14,0.2150,0.0179,,,,,
19:47.9,31600,3953384388,,,2535,42.3,31600,0.7900,3.16,0.2100,0.0175,,,,,
19:52.9,31600,3953384393,,,2540,42.3,31600,0.7900,3.16,0.2100,0.0175,,,,,
19:57.9,31500,3953384398,,,2545,42.4,31500,0.7875,3.15,0.2125,0.0177,,,,,
20:02.9,31600,3953384403,,,2550,42.5,31600,0.7900,3.16,0.2100,0.0175,,,,,
20:07.9,31600,3953384408,,,2555,42.6,31600,0.7900,3.16,0.2100,0.0175,,,,,
20:12.9,31600,3953384413,,,2560,42.7,31600,0.7900,3.16,0.2100,0.0175,,,,,
20:17.9,31700,3953384418,,,2565,42.8,31700,0.7925,3.17,0.2075,0.0173,,,,,
20:22.9,31700,3953384423,,,2570,42.8,31700,0.7925,3.17,0.2075,0.0173,,,,,
20:27.9,31700,3953384428,,,2575,42.9,31700,0.7925,3.17,0.2075,0.0173,,,,,
20:32.9,31800,3953384433,,,2580,43.0,31800,0.7950,3.18,0.2050,0.0171,,,,,
20:37.9,31700,3953384438,,,2585,43.1,31700,0.7925,3.17,0.2075,0.0173,,,,,
20:42.9,31700,3953384443,,,2590,43.2,31700,0.7925,3.17,0.2075,0.0173,,,,,
20:47.9,31600,3953384448,,,2595,43.3,31600,0.7900,3.16,0.2100,0.0175,,,,,
20:52.9,31700,3953384453,,,2600,43.3,31700,0.7925,3.17,0.2075,0.0173,,,,,
20:57.9,31700,3953384458,,,2605,43.4,31700,0.7925,3.17,0.2075,0.0173,,,,,
21:02.9,31800,3953384463,,,2610,43.5,31800,0.7950,3.18,0.2050,0.0171,,,,,
21:07.9,31900,3953384468,,,2615,43.6,31900,0.7975,3.19,0.2025,0.0169,,,,,
21:12.9,31700,3953384473,,,2620,43.7,31700,0.7925,3.17,0.2075,0.0173,,,,,
21:17.9,32000,3953384478,,,2625,43.8,32000,0.8000,3.20,0.2000,0.0167,,,,,
21:22.9,31800,3953384483,,,2630,43.8,31800,0.7950,3.18,0.2050,0.0170,,,,,
21:27.9,31700,3953384488,,,2635,43.9,31700,0.7925,3.17,0.2075,0.0173,,,,,
21:32.9,31800,3953384493,,,2640,44.0,31800,0.7950,3.18,0.2050,0.0170,,,,,
21:37.9,31800,3953384498,,,2645,44.1,31800,0.7950,3.18,0.2050,0.0171,,,,,
21:42.9,31800,3953384503,,,2650,44.2,31800,0.7950,3.18,0.2050,0.0171,,,,,
21:47.9,31900,3953384508,,,2655,44.3,31900,0.7975,3.19,0.2025,0.0169,,,,,
21:52.9,32100,3953384513,,,2660,44.3,32100,0.8025,3.21,0.1975,0.0164,,,,,
21:57.9,32000,3953384518,,,2665,44.4,32000,0.8000,3.20,0.2000,0.0167,,,,,
22:02.9,31900,3953384523,,,2670,44.5,31900,0.7975,3.19,0.2025,0.0169,,,,,
22:07.9,32100,3953384528,,,2675,44.6,32100,0.8025,3.21,0.1975,0.0165,,,,,
22:12.9,32100,3953384533,,,2680,44.7,32100,0.8025,3.21,0.1975,0.0164,,,,,
22:17.9,32100,3953384538,,,2685,44.8,32100,0.8025,3.21,0.1975,0.0165,,,,,
22:22.9,32000,3953384543,,,2690,44.8,32000,0.8000,3.20,0.2000,0.0166,,,,,
22:27.9,32200,3953384548,,,2695,44.9,32200,0.8050,3.22,0.1950,0.0163,,,,,
22:32.9,32100,3953384553,,,2700,45.0,32100,0.8025,3.21,0.1975,0.0164,,,,,
22:37.9,32200,3953384558,,,2705,45.1,32200,0.8050,3.22,0.1950,0.0163,,,,,
22:42.9,31900,3953384563,,,2710,45.2,31900,0.7975,3.19,0.2025,0.0169,,,,,
22:47.9,31900,3953384568,,,2715,45.3,31900,0.7975,3.19,0.2025,0.0169,,,,,
22:52.9,32000,3953384573,,,2720,45.3,32000,0.8000,3.20,0.2000,0.0166,,,,,
22:57.9,32100,3953384578,,,2725,45.4,32100,0.8025,3.21,0.1975,0.0165,,,,,
23:02.9,32200,3953384583,,,2730,45.5,32200,0.8050,3.22,0.1950,0.0163,,,,,
23:07.9,32100,3953384588,,,2735,45.6,32100,0.8025,3.21,0.1975,0.0165,,,,,
23:12.9,31900,3953384593,,,2740,45.7,31900,0.7975,3.19,0.2025,0.0169,,,,,
23:17.9,32100,3953384598,,,2745,45.8,32100,0.8025,3.21,0.1975,0.0165,,,,,
23:22.9,32100,3953384603,,,2750,45.8,32100,0.8025,3.21,0.1975,0.0165,,,,,
23:27.9,32200,3953384608,,,2755,45.9,32200,0.8050,3.22,0.1950,0.0162,,,,,
23:32.9,32200,3953384613,,,2760,46.0,32200,0.8050,3.22,0.1950,0.0163,,,,,
23:37.9,32200,3953384618,,,2765,46.1,32200,0.8050,3.22,0.1950,0.0162,,,,,
23:42.9,32200,3953384623,,,2770,46.2,32200,0.8050,3.22,0.1950,0.0162,,,,,
23:47.9,32200,3953384628,,,2775,46.3,32200,0.8050,3.22,0.1950,0.0163,,,,,
23:52.9,32200,3953384633,,,2780,46.3,32200,0.8050,3.22,0.1950,0.0163,,,,,
23:57.9,32400,3953384638,,,2785,46.4,32400,0.8100,3.24,0.1900,0.0158,,,,,
24:02.9,32200,3953384643,,,2790,46.5,32200,0.8050,3.22,0.1950,0.0163,,,,,
24:07.9,32400,3953384648,,,2795,46.6,32400,0.8100,3.24,0.1900,0.0158,,,,,
24:12.9,32400,3953384653,,,2800,46.7,32400,0.8100,3.24,0.1900,0.0158,,,,,
24:17.9,32200,3953384658,,,2805,46.8,32200,0.8050,3.22,0.1950,0.0162,,,,,
24:22.9,32300,3953384663,,,2810,46.8,32300,0.8075,3.23,0.1925,0.0160,,,,,
24:27.9,32300,3953384668,,,2815,46.9,32300,0.8075,3.23,0.1925,0.0160,,,,,
24:32.9,32300,3953384673,,,2820,47.0,32300,0.8075,3.23,0.1925,0.0160,,,,,
24:37.9,32200,3953384678,,,2825,47.1,32200,0.8050,3.22,0.1950,0.0163,,,,,
24:42.9,32300,3953384683,,,2830,47.2,32300,0.8075,3.23,0.1925,0.0160,,,,,
24:47.9,32400,3953384688,,,2835,47.3,32400,0.8100,3.24,0.1900,0.0158,,,,,
24:52.9,32400,3953384693,,,2840,47.3,32400,0.8100,3.24,0.1900,0.0159,,,,,
24:57.9,32500,3953384698,,,2845,47.4,32500,0.8125,3.25,0.1875,0.0156,,,,,
25:02.9,32500,3953384703,,,2850,47.5,32500,0.8125,3.25,0.1875,0.0156,,,,,
25:07.9,32400,3953384708,,,2855,47.6,32400,0.8100,3.24,0.1900,0.0159,,,,,
25:12.9,32600,3953384713,,,2860,47.7,32600,0.8150,3.26,0.1850,0.0154,,,,,
25:17.9,32400,3953384718,,,2865,47.8,32400,0.8100,3.24,0.1900,0.0158,,,,,
25:22.9,32400,3953384723,,,2870,47.8,32400,0.8100,3.24,0.1900,0.0158,,,,,
25:27.9,32400,3953384728,,,2875,47.9,32400,0.8100,3.24,0.1900,0.0158,,,,,
25:32.9,32400,3953384733,,,2880,48.0,32400,0.8100,3.24,0.1900,0.0159,,,,,
25:37.9,32300,3953384738,,,2885,48.1,32300,0.8075,3.23,0.1925,0.0161,,,,,
25:42.9,32400,3953384743,,,2890,48.2,32400,0.8100,3.24,0.1900,0.0158,,,,,
25:47.9,32500,3953384748,,,2895,48.3,32500,0.8125,3.25,0.1875,0.0156,,,,,
25:52.9,32500,3953384753,,,2900,48.3,32500,0.8125,3.25,0.1875,0.0156,,,,,
25:57.9,32600,3953384758,,,2905,48.4,32600,0.8150,3.26,0.1850,0.0154,,,,,
26:02.9,32600,3953384763,,,2910,48.5,32600,0.8150,3.26,0.1850,0.0154,,,,,
26:07.9,32500,3953384768,,,2915,48.6,32500,0.8125,3.25,0.1875,0.0156,,,,,
26:12.9,32500,3953384773,,,2920,48.7,32500,0.8125,3.25,0.1875,0.0156,,,,,
26:17.9,32400,3953384778,,,2925,48.8,32400,0.8100,3.24,0.1900,0.0158,,,,,
26:22.9,32500,3953384783,,,2930,48.8,32500,0.8125,3.25,0.1875,0.0156,,,,,
26:27.9,32400,3953384788,,,2935,48.9,32400,0.8100,3.24,0.1900,0.0158,,,,,
26:32.9,32500,3953384793,,,2940,49.0,32500,0.8125,3.25,0.1875,0.0156,,,,,
26:37.9,32400,3953384798,,,2945,49.1,32400,0.8100,3.24,0.1900,0.0158,,,,,
26:42.9,32400,3953384803,,,2950,49.2,32400,0.8100,3.24,0.1900,0.0158,,,,,
26:47.9,32600,3953384808,,,2955,49.3,32600,0.8150,3.26,0.1850,0.0154,,,,,
26:52.9,32700,3953384813,,,2960,49.3,32700,0.8175,3.27,0.1825,0.0152,,,,,
26:57.9,32500,3953384818,,,2965,49.4,32500,0.8125,3.25,0.1875,0.0156,,,,,
27:02.9,32600,3953384823,,,2970,49.5,32600,0.8150,3.26,0.1850,0.0154,,,,,
27:07.9,32600,3953384828,,,2975,49.6,32600,0.8150,3.26,0.1850,0.0154,,,,,
27:12.9,32700,3953384833,,,2980,49.7,32700,0.8175,3.27,0.1825,0.0152,,,,,
27:17.9,32600,3953384838,,,2985,49.8,32600,0.8150,3.26,0.1850,0.0154,,,,,
27:22.9,32500,3953384843,,,2990,49.8,32500,0.8125,3.25,0.1875,0.0156,,,,,
27:27.9,32600,3953384848,,,2995,49.9,32600,0.8150,3.26,0.1850,0.0154,,,,,
27:32.9,32600,3953384853,,,3000,50.0,32600,0.8150,3.26,0.1850,0.0154,,,,,
27:37.9,32700,3953384858,,,3005,50.1,32700,0.8175,3.27,0.1825,0.0152,,,,,
27:42.9,32600,3953384863,,,3010,50.2,32600,0.8150,3.26,0.1850,0.0154,,,,,
27:47.9,32500,3953384868,,,3015,50.3,32500,0.8125,3.25,0.1875,0.0156,,,,,
27:52.9,32600,3953384873,,,3020,50.3,32600,0.8150,3.26,0.1850,0.0154,,,,,
27:57.9,32700,3953384878,,,3025,50.4,32700,0.8175,3.27,0.1825,0.0152,,,,,
28:02.9,32600,3953384883,,,3030,50.5,32600,0.8150,3.26,0.1850,0.0155,,,,,
28:07.9,32500,3953384888,,,3035,50.6,32500,0.8125,3.25,0.1875,0.0156,,,,,
28:12.9,32700,3953384893,,,3040,50.7,32700,0.8175,3.27,0.1825,0.0152,,,,,
28:17.9,32700,3953384898,,,3045,50.8,32700,0.8175,3.27,0.1825,0.0152,,,,,
28:22.9,32700,3953384903,,,3050,50.8,32700,0.8175,3.27,0.1825,0.0152,,,,,
28:27.9,32800,3953384908,,,3055,50.9,32800,0.8200,3.28,0.1800,0.0150,,,,,
28:32.9,32700,3953384913,,,3060,51.0,32700,0.8175,3.27,0.1825,0.0152,,,,,
28:37.9,32700,3953384918,,,3065,51.1,32700,0.8175,3.27,0.1825,0.0152,,,,,
28:42.9,32700,3953384923,,,3070,51.2,32700,0.8175,3.27,0.1825,0.0152,,,,,
28:47.9,32500,3953384928,,,3075,51.3,32500,0.8125,3.25,0.1875,0.0156,,,,,
28:52.9,32600,3953384933,,,3080,51.3,32600,0.8150,3.26,0.1850,0.0154,,,,,
28:57.9,32600,3953384938,,,3085,51.4,32600,0.8150,3.26,0.1850,0.0154,,,,,
29:02.9,32600,3953384943,,,3090,51.5,32600,0.8150,3.26,0.1850,0.0154,,,,,
29:07.9,32700,3953384948,,,3095,51.6,32700,0.8175,3.27,0.1825,0.0152,,,,,
29:12.9,33000,3953384953,,,3100,51.7,33000,0.8250,3.30,0.1750,0.0146,,,,,
29:17.9,32900,3953384958,,,3105,51.8,32900,0.8225,3.29,0.1775,0.0148,,,,,
29:22.9,32900,3953384963,,,3110,51.8,32900,0.8225,3.29,0.1775,0.0148,,,,,
29:27.9,32900,3953384968,,,3115,51.9,32900,0.8225,3.29,0.1775,0.0148,,,,,
29:32.9,32700,3953384973,,,3120,52.0,32700,0.8175,3.27,0.1825,0.0152,,,,,
29:37.9,32800,3953384978,,,3125,52.1,32800,0.8200,3.28,0.1800,0.0150,time,0.95,0,0,0.05
29:42.9,32900,3953384983,,,3130,52.2,32900,0.8225,3.29,0.1775,0.0148,56.42211629,0.05,0.216926648,,
29:47.9,32900,3953384988,,,3135,52.3,32900,0.8225,3.29,0.1775,0.0148,382.43,31.99876081,,,
29:52.9,32800,3953384993,,,3140,52.3,32800,0.8200,3.28,0.1800,0.0150,,,,,
29:57.9,32700,3953384998,,,3145,52.4,32700,0.8175,3.27,0.1825,0.0152,,,,,
30:02.9,32900,3953385003,,,3150,52.5,32900,0.8225,3.29,0.1775,0.0148,,,,,
30:07.9,32800,3953385008,,,3155,52.6,32800,0.8200,3.28,0.1800,0.0150,,,,,
30:12.9,32900,3953385013,,,3160,52.7,32900,0.8225,3.29,0.1775,0.0148,,,,,
30:17.9,32900,3953385018,,,3165,52.8,32900,0.8225,3.29,0.1775,0.0148,,,,,
30:22.9,33000,3953385023,,,3170,52.8,33000,0.8250,3.30,0.1750,0.0146,,,,,
30:27.9,33000,3953385028,,,3175,52.9,33000,0.8250,3.30,0.1750,0.0146,,,,,
30:32.9,32900,3953385033,,,3180,53.0,32900,0.8225,3.29,0.1775,0.0148,,,,,
30:37.9,32900,3953385038,,,3185,53.1,32900,0.8225,3.29,0.1775,0.0148,,,,,
30:42.9,33000,3953385043,,,3190,53.2,33000,0.8250,3.30,0.1750,0.0146,,,,,
30:47.9,32900,3953385048,,,3195,53.3,32900,0.8225,3.29,0.1775,0.0148,,,,,
30:52.9,32700,3953385053,,,3200,53.3,32700,0.8175,3.27,0.1825,0.0152,,,,,
30:57.9,32800,3953385058,,,3205,53.4,32800,0.8200,3.28,0.1800,0.0150,,,,,
31:02.9,32700,3953385063,,,3210,53.5,32700,0.8175,3.27,0.1825,0.0152,,,,,
31:07.9,32700,3953385068,,,3215,53.6,32700,0.8175,3.27,0.1825,0.0152,,,,,
31:12.9,32700,3953385073,,,3220,53.7,32700,0.8175,3.27,0.1825,0.0152,,,,,
31:17.9,32900,3953385078,,,3225,53.8,32900,0.8225,3.29,0.1775,0.0148,,,,,
31:22.9,32900,3953385083,,,3230,53.8,32900,0.8225,3.29,0.1775,0.0148,,,,,
31:27.9,32900,3953385088,,,3235,53.9,32900,0.8225,3.29,0.1775,0.0148,,,,,
31:32.9,33000,3953385093,,,3240,54.0,33000,0.8250,3.30,0.1750,0.0146,,,,,
31:37.9,32900,3953385098,,,3245,54.1,32900,0.8225,3.29,0.1775,0.0148,,,,,
31:42.9,32900,3953385103,,,3250,54.2,32900,0.8225,3.29,0.1775,0.0148,,,,,
31:47.9,32800,3953385108,,,3255,54.3,32800,0.8200,3.28,0.1800,0.0150,,,,,
31:52.9,32900,3953385113,,,3260,54.3,32900,0.8225,3.29,0.1775,0.0148,,,,,
31:57.9,32700,3953385118,,,3265,54.4,32700,0.8175,3.27,0.1825,0.0152,,,,,
32:02.9,32800,3953385123,,,3270,54.5,32800,0.8200,3.28,0.1800,0.0150,,,,,
32:07.9,32900,3953385128,,,3275,54.6,32900,0.8225,3.29,0.1775,0.0148,,,,,
32:12.9,32900,3953385133,,,3280,54.7,32900,0.8225,3.29,0.1775,0.0148,,,,,
32:17.9,32900,3953385138,,,3285,54.8,32900,0.8225,3.29,0.1775,0.0148,,,,,
32:22.9,33000,3953385143,,,3290,54.8,33000,0.8250,3.30,0.1750,0.0146,,,,,
32:27.9,32900,3953385148,,,3295,54.9,32900,0.8225,3.29,0.1775,0.0148,,,,,
32:32.9,32900,3953385153,,,3300,55.0,32900,0.8225,3.29,0.1775,0.0148,,,,,
32:37.9,33000,3953385158,,,3305,55.1,33000,0.8250,3.30,0.1750,0.0146,,,,,
32:42.9,32900,3953385163,,,3310,55.2,32900,0.8225,3.29,0.1775,0.0148,,,,,
32:47.9,32900,3953385168,,,3315,55.3,32900,0.8225,3.29,0.1775,0.0148,,,,,
32:52.9,33100,3953385173,,,3320,55.3,33100,0.8275,3.31,0.1725,0.0144,,,,,
32:57.9,33100,3953385178,,,3325,55.4,33100,0.8275,3.31,0.1725,0.0144,,,,,
33:02.9,33000,3953385183,,,3330,55.5,33000,0.8250,3.30,0.1750,0.0146,,,,,
33:07.9,33000,3953385188,,,3335,55.6,33000,0.8250,3.30,0.1750,0.0146,,,,,
33:12.9,33000,3953385193,,,3340,55.7,33000,0.8250,3.30,0.1750,0.0146,,,,,
33:17.9,33100,3953385198,,,3345,55.8,33100,0.8275,3.31,0.1725,0.0144,,,,,
33:22.9,32900,3953385203,,,3350,55.8,32900,0.8225,3.29,0.1775,0.0148,,,,,
33:27.9,32900,3953385208,,,3355,55.9,32900,0.8225,3.29,0.1775,0.0148,,,,,
33:32.9,33000,3953385213,,,3360,56.0,33000,0.8250,3.30,0.1750,0.0146,,,,,
33:37.9,33000,3953385218,,,3365,56.1,33000,0.8250,3.30,0.1750,0.0146,,,,,
33:42.9,33100,3953385223,,,3370,56.2,33100,0.8275,3.31,0.1725,0.0144,,,,,
33:47.9,33200,3953385228,,,3375,56.3,33200,0.8300,3.32,0.1700,0.0142,,,,,
33:52.9,33200,3953385233,,,3380,56.3,33200,0.8300,3.32,0.1700,0.0142,,,,,
33:57.9,33100,3953385238,,,3385,56.4,33100,0.8275,3.31,0.1725,0.0144,,,,,
34:02.9,33000,3953385243,,,3390,56.5,33000,0.8250,3.30,0.1750,0.0146,,,,,
34:07.9,32900,3953385248,,,3395,56.6,32900,0.8225,3.29,0.1775,0.0148,,,,,
34:12.9,32900,3953385253,,,3400,56.7,32900,0.8225,3.29,0.1775,0.0148,,,,,
34:17.9,32900,3953385258,,,3405,56.8,32900,0.8225,3.29,0.1775,0.0148,,,,,
34:22.9,32900,3953385263,,,3410,56.8,32900,0.8225,3.29,0.1775,0.0148,,,,,
34:27.9,32900,3953385268,,,3415,56.9,32900,0.8225,3.29,0.1775,0.0148,,,,,
34:32.9,32800,3953385273,,,3420,57.0,32800,0.8200,3.28,0.1800,0.0150,,,,,
34:40.0,32900,3953385280,,,3427,57.1,32900,0.8225,3.29,0.1775,0.0210,,,,,
34:47.0,32900,3953385287,,,3434,57.2,32900,0.8225,3.29,0.1775,0.0205,,,,,
34:53.6,32900,3953385294,,,3441,57.3,32900,0.8225,3.29,0.1775,0.0196,,,,,
34:57.1,33000,3953385297,,,3444,57.4,33000,0.8250,3.30,0.1750,0.0102,,,,,
35:00.4,33000,3953385300,,,3447,57.5,33000,0.8250,3.30,0.1750,0.0096,,,,,
35:03.6,33100,3953385304,,,3451,57.5,33100,0.8275,3.31,0.1725,0.0094,,,,,
35:07.9,33200,3953385308,,,3455,57.6,33200,0.8300,3.32,0.1700,0.0121,,,,,
35:12.9,33200,3953385313,,,3460,57.7,33200,0.8300,3.32,0.1700,0.0142,,,,,
35:17.9,33200,3953385318,,,3465,57.8,33200,0.8300,3.32,0.1700,0.0142,,,,,
35:22.9,33100,3953385323,,,3470,57.8,33100,0.8275,3.31,0.1725,0.0144,,,,,
35:27.9,33000,3953385328,,,3475,57.9,33000,0.8250,3.30,0.1750,0.0146,,,,,
35:32.9,33200,3953385333,,,3480,58.0,33200,0.8300,3.32,0.1700,0.0142,,,,,
35:37.9,33000,3953385338,,,3485,58.1,33000,0.8250,3.30,0.1750,0.0146,,,,,
35:42.9,33100,3953385343,,,3490,58.2,33100,0.8275,3.31,0.1725,0.0144,,,,,
35:47.9,33200,3953385348,,,3495,58.3,33200,0.8300,3.32,0.1700,0.0142,,,,,
35:52.9,33400,3953385353,,,3500,58.3,33400,0.8350,3.34,0.1650,0.0138,,,,,
35:57.9,33300,3953385358,,,3505,58.4,33300,0.8325,3.33,0.1675,0.0140,,,,,
36:02.9,33300,3953385363,,,3510,58.5,33300,0.8325,3.33,0.1675,0.0139,,,,,
36:07.9,33300,3953385368,,,3515,58.6,33300,0.8325,3.33,0.1675,0.0139,,,,,
36:12.9,33200,3953385373,,,3520,58.7,33200,0.8300,3.32,0.1700,0.0142,,,,,
36:17.9,33300,3953385378,,,3525,58.8,33300,0.8325,3.33,0.1675,0.0140,,,,,
36:22.9,33300,3953385383,,,3530,58.8,33300,0.8325,3.33,0.1675,0.0139,,,,,
4/9/2025 18:36,33500,3953385388,,,3535,58.9,33500,0.8375,3.35,0.1625,0.0138,,,,,
36:32.9,33200,3953385393,,,3540,59.0,33200,0.8300,3.32,0.1700,0.0139,,,,,
36:37.9,33200,3953385398,,,3545,59.1,33200,0.8300,3.32,0.1700,0.0142,,,,,
36:42.9,33200,3953385403,,,3550,59.2,33200,0.8300,3.32,0.1700,0.0142,,,,,
36:47.9,33100,3953385408,,,3555,59.3,33100,0.8275,3.31,0.1725,0.0144,,,,,
36:52.9,33200,3953385413,,,3560,59.3,33200,0.8300,3.32,0.1700,0.0142,,,,,
36:57.9,33200,3953385418,,,3565,59.4,33200,0.8300,3.32,0.1700,0.0141,,,,,
37:02.9,33200,3953385423,,,3570,59.5,33200,0.8300,3.32,0.1700,0.0142,,,,,
37:07.9,33300,3953385428,,,3575,59.6,33300,0.8325,3.33,0.1675,0.0140,,,,,
37:12.9,33400,3953385433,,,3580,59.7,33400,0.8350,3.34,0.1650,0.0137,,,,,
37:17.9,33400,3953385438,,,3585,59.8,33400,0.8350,3.34,0.1650,0.0138,,,,,
4/9/2025 18:37,33400,3953385443,,,3590,59.8,33400,0.8350,3.34,0.1650,0.0140,,,,,
37:27.9,33300,3953385448,,,3595,59.9,33300,0.8325,3.33,0.1675,0.0137,,,,,
37:32.9,33100,3953385453,,,3600,60.0,33100,0.8275,3.31,0.1725,0.0144,,,,,
37:37.9,33100,3953385458,,,3605,60.1,33100,0.8275,3.31,0.1725,0.0144,,,,,
37:42.9,33300,3953385463,,,3610,60.2,33300,0.8325,3.33,0.1675,0.0140,,,,,
37:47.9,33400,3953385468,,,3615,60.3,33400,0.8350,3.34,0.1650,0.0137,,,,,
37:52.9,33200,3953385473,,,3620,60.3,33200,0.8300,3.32,0.1700,0.0142,,,,,
37:57.9,33300,3953385478,,,3625,60.4,33300,0.8325,3.33,0.1675,0.0139,,,,,
38:02.9,33200,3953385483,,,3630,60.5,33200,0.8300,3.32,0.1700,0.0142,,,,,
38:07.9,33300,3953385488,,,3635,60.6,33300,0.8325,3.33,0.1675,0.0140,,,,,
38:12.9,33300,3953385493,,,3640,60.7,33300,0.8325,3.33,0.1675,0.0140,,,,,
38:17.9,33300,3953385498,,,3645,60.8,33300,0.8325,3.33,0.1675,0.0140,,,,,
38:22.9,33100,3953385503,,,3650,60.8,33100,0.8275,3.31,0.1725,0.0144,,,,,
38:27.9,33100,3953385508,,,3655,60.9,33100,0.8275,3.31,0.1725,0.0144,,,,,
38:32.9,33200,3953385513,,,3660,61.0,33200,0.8300,3.32,0.1700,0.0142,,,,,
38:37.9,33400,3953385518,,,3665,61.1,33400,0.8350,3.34,0.1650,0.0137,,,,,
38:42.9,33300,3953385523,,,3670,61.2,33300,0.8325,3.33,0.1675,0.0140,,,,,
38:47.9,33200,3953385528,,,3675,61.3,33200,0.8300,3.32,0.1700,0.0142,,,,,
38:52.9,33200,3953385533,,,3680,61.3,33200,0.8300,3.32,0.1700,0.0142,,,,,
38:57.9,33400,3953385538,,,3685,61.4,33400,0.8350,3.34,0.1650,0.0138,,,,,
39:02.9,33200,3953385543,,,3690,61.5,33200,0.8300,3.32,0.1700,0.0141,,,,,
39:07.9,33300,3953385548,,,3695,61.6,33300,0.8325,3.33,0.1675,0.0139,,,,,
39:12.9,33200,3953385553,,,3700,61.7,33200,0.8300,3.32,0.1700,0.0142,,,,,
39:17.9,33200,3953385558,,,3705,61.8,33200,0.8300,3.32,0.1700,0.0142,,,,,
39:22.9,33300,3953385563,,,3710,61.8,33300,0.8325,3.33,0.1675,0.0140,,,,,
39:27.9,33200,3953385568,,,3715,61.9,33200,0.8300,3.32,0.1700,0.0142,,,,,
39:32.9,33200,3953385573,,,3720,62.0,33200,0.8300,3.32,0.1700,0.0142,,,,,
39:37.9,33400,3953385578,,,3725,62.1,33400,0.8350,3.34,0.1650,0.0137,,,,,
39:42.9,33300,3953385583,,,3730,62.2,33300,0.8325,3.33,0.1675,0.0139,,,,,
39:47.9,33300,3953385588,,,3735,62.3,33300,0.8325,3.33,0.1675,0.0140,,,,,
39:52.9,33300,3953385593,,,3740,62.3,33300,0.8325,3.33,0.1675,0.0139,,,,,
39:57.9,33400,3953385598,,,3745,62.4,33400,0.8350,3.34,0.1650,0.0138,,,,,
40:02.9,33200,3953385603,,,3750,62.5,33200,0.8300,3.32,0.1700,0.0142,,,,,
40:07.9,33400,3953385608,,,3755,62.6,33400,0.8350,3.34,0.1650,0.0137,,,,,
40:12.9,33400,3953385613,,,3760,62.7,33400,0.8350,3.34,0.1650,0.0138,,,,,
40:17.9,33300,3953385618,,,3765,62.8,33300,0.8325,3.33,0.1675,0.0139,,,,,
40:22.9,33200,3953385623,,,3770,62.8,33200,0.8300,3.32,0.1700,0.0142,,,,,
40:27.9,33100,3953385628,,,3775,62.9,33100,0.8275,3.31,0.1725,0.0144,,,,,
40:32.9,33200,3953385633,,,3780,63.0,33200,0.8300,3.32,0.1700,0.0142,,,,,
40:37.9,33200,3953385638,,,3785,63.1,33200,0.8300,3.32,0.1700,0.0142,,,,,
40:42.9,33200,3953385643,,,3790,63.2,33200,0.8300,3.32,0.1700,0.0142,,,,,
40:47.9,33200,3953385648,,,3795,63.3,33200,0.8300,3.32,0.1700,0.0142,,,,,
40:52.9,33300,3953385653,,,3800,63.3,33300,0.8325,3.33,0.1675,0.0139,,,,,
40:57.9,33300,3953385658,,,3805,63.4,33300,0.8325,3.33,0.1675,0.0140,,,,,
41:02.9,33400,3953385663,,,3810,63.5,33400,0.8350,3.34,0.1650,0.0138,,,,,
41:07.9,33500,3953385668,,,3815,63.6,33500,0.8375,3.35,0.1625,0.0135,,,,,
41:12.9,33400,3953385673,,,3820,63.7,33400,0.8350,3.34,0.1650,0.0138,,,,,
41:17.9,33500,3953385678,,,3825,63.8,33500,0.8375,3.35,0.1625,0.0135,,,,,
41:22.9,33300,3953385683,,,3830,63.8,33300,0.8325,3.33,0.1675,0.0140,,,,,
41:27.9,33400,3953385688,,,3835,63.9,33400,0.8350,3.34,0.1650,0.0137,,,,,
41:32.9,33500,3953385693,,,3840,64.0,33500,0.8375,3.35,0.1625,0.0135,,,,,
41:37.9,33600,3953385698,,,3845,64.1,33600,0.8400,3.36,0.1600,0.0133,,,,,
41:42.9,33500,3953385703,,,3850,64.2,33500,0.8375,3.35,0.1625,0.0135,,,,,
41:47.9,33400,3953385708,,,3855,64.3,33400,0.8350,3.34,0.1650,0.0138,,,,,
41:52.9,33400,3953385713,,,3860,64.3,33400,0.8350,3.34,0.1650,0.0137,,,,,
41:57.9,33400,3953385718,,,3865,64.4,33400,0.8350,3.34,0.1650,0.0138,,,,,
42:02.9,33400,3953385723,,,3870,64.5,33400,0.8350,3.34,0.1650,0.0137,,,,,
42:07.9,33400,3953385728,,,3875,64.6,33400,0.8350,3.34,0.1650,0.0138,,,,,
42:12.9,33200,3953385733,,,3880,64.7,33200,0.8300,3.32,0.1700,0.0141,,,,,
42:17.9,33400,3953385738,,,3885,64.8,33400,0.8350,3.34,0.1650,0.0138,,,,,
42:22.9,33400,3953385743,,,3890,64.8,33400,0.8350,3.34,0.1650,0.0138,,,,,
42:27.9,33500,3953385748,,,3895,64.9,33500,0.8375,3.35,0.1625,0.0135,,,,,
42:32.9,33300,3953385753,,,3900,65.0,33300,0.8325,3.33,0.1675,0.0140,,,,,
42:37.9,33300,3953385758,,,3905,65.1,33300,0.8325,3.33,0.1675,0.0139,,,,,
42:42.9,33400,3953385763,,,3910,65.2,33400,0.8350,3.34,0.1650,0.0138,,,,,
42:47.9,33600,3953385768,,,3915,65.3,33600,0.8400,3.36,0.1600,0.0133,,,,,
42:52.9,33500,3953385773,,,3920,65.3,33500,0.8375,3.35,0.1625,0.0135,,,,,
42:57.9,33400,3953385778,,,3925,65.4,33400,0.8350,3.34,0.1650,0.0138,,,,,
43:02.9,33600,3953385783,,,3930,65.5,33600,0.8400,3.36,0.1600,0.0133,,,,,
43:07.9,33400,3953385788,,,3935,65.6,33400,0.8350,3.34,0.1650,0.0137,,,,,
43:12.9,33500,3953385793,,,3940,65.7,33500,0.8375,3.35,0.1625,0.0136,,,,,
43:17.9,33500,3953385798,,,3945,65.8,33500,0.8375,3.35,0.1625,0.0135,,,,,
43:22.9,33400,3953385803,,,3950,65.8,33400,0.8350,3.34,0.1650,0.0137,,,,,
43:27.9,33400,3953385808,,,3955,65.9,33400,0.8350,3.34,0.1650,0.0138,,,,,
43:32.9,33400,3953385813,,,3960,66.0,33400,0.8350,3.34,0.1650,0.0137,,,,,
43:37.9,33400,3953385818,,,3965,66.1,33400,0.8350,3.34,0.1650,0.0137,,,,,
43:42.9,33400,3953385823,,,3970,66.2,33400,0.8350,3.34,0.1650,0.0137,,,,,
43:47.9,33400,3953385828,,,3975,66.3,33400,0.8350,3.34,0.1650,0.0138,,,,,
43:52.9,33500,3953385833,,,3980,66.3,33500,0.8375,3.35,0.1625,0.0135,,,,,
43:57.9,33600,3953385838,,,3985,66.4,33600,0.8400,3.36,0.1600,0.0133,,,,,
44:02.9,33500,3953385843,,,3990,66.5,33500,0.8375,3.35,0.1625,0.0135,,,,,
44:07.9,33500,3953385848,,,3995,66.6,33500,0.8375,3.35,0.1625,0.0135,,,,,
44:12.9,33500,3953385853,,,4000,66.7,33500,0.8375,3.35,0.1625,0.0135,,,,,
44:17.9,33500,3953385858,,,4005,66.8,33500,0.8375,3.35,0.1625,0.0135,,,,,
44:22.9,33600,3953385863,,,4010,66.8,33600,0.8400,3.36,0.1600,0.0133,,,,,
44:27.9,33600,3953385868,,,4015,66.9,33600,0.8400,3.36,0.1600,0.0133,,,,,
44:32.9,33600,3953385873,,,4020,67.0,33600,0.8400,3.36,0.1600,0.0133,,,,,
44:37.9,33400,3953385878,,,4025,67.1,33400,0.8350,3.34,0.1650,0.0138,,,,,
44:42.9,33200,3953385883,,,4030,67.2,33200,0.8300,3.32,0.1700,0.0141,,,,,
44:47.9,33400,3953385888,,,4035,67.3,33400,0.8350,3.34,0.1650,0.0138,,,,,
44:52.9,33400,3953385893,,,4040,67.3,33400,0.8350,3.34,0.1650,0.0137,,,,,
44:57.9,33400,3953385898,,,4045,67.4,33400,0.8350,3.34,0.1650,0.0138,,,,,
45:02.9,33500,3953385903,,,4050,67.5,33500,0.8375,3.35,0.1625,0.0135,,,,,
45:07.9,33500,3953385908,,,4055,67.6,33500,0.8375,3.35,0.1625,0.0136,,,,,
45:12.9,33500,3953385913,,,4060,67.7,33500,0.8375,3.35,0.1625,0.0135,,,,,
45:17.9,33600,3953385918,,,4065,67.8,33600,0.8400,3.36,0.1600,0.0133,,,,,
45:22.9,33500,3953385923,,,4070,67.8,33500,0.8375,3.35,0.1625,0.0135,,,,,
45:27.9,33500,3953385928,,,4075,67.9,33500,0.8375,3.35,0.1625,0.0135,,,,,
45:32.9,33500,3953385933,,,4080,68.0,33500,0.8375,3.35,0.1625,0.0135,,,,,
45:37.9,33600,3953385938,,,4085,68.1,33600,0.8400,3.36,0.1600,0.0133,,,,,
45:42.9,33600,3953385943,,,4090,68.2,33600,0.8400,3.36,0.1600,0.0133,,,,,
45:47.9,33600,3953385948,,,4095,68.3,33600,0.8400,3.36,0.1600,0.0133,,,,,
45:52.9,33400,3953385953,,,4100,68.3,33400,0.8350,3.34,0.1650,0.0138,,,,,
45:57.9,33500,3953385958,,,4105,68.4,33500,0.8375,3.35,0.1625,0.0135,,,,,
46:02.9,33500,3953385963,,,4110,68.5,33500,0.8375,3.35,0.1625,0.0135,,,,,
46:07.9,33700,3953385968,,,4115,68.6,33700,0.8425,3.37,0.1575,0.0131,,,,,
46:12.9,33600,3953385973,,,4120,68.7,33600,0.8400,3.36,0.1600,0.0133,,,,,
46:17.9,33500,3953385978,,,4125,68.8,33500,0.8375,3.35,0.1625,0.0135,,,,,
46:22.9,33600,3953385983,,,4130,68.8,33600,0.8400,3.36,0.1600,0.0133,,,,,
46:27.9,33600,3953385988,,,4135,68.9,33600,0.8400,3.36,0.1600,0.0133,,,,,
46:32.9,33700,3953385993,,,4140,69.0,33700,0.8425,3.37,0.1575,0.0131,,,,,
46:37.9,33600,3953385998,,,4145,69.1,33600,0.8400,3.36,0.1600,0.0133,,,,,
46:42.9,33700,3953386003,,,4150,69.2,33700,0.8425,3.37,0.1575,0.0131,,,,,
46:47.9,33600,3953386008,,,4155,69.3,33600,0.8400,3.36,0.1600,0.0133,,,,,
46:52.9,33600,3953386013,,,4160,69.3,33600,0.8400,3.36,0.1600,0.0133,,,,,
46:57.9,33600,3953386018,,,4165,69.4,33600,0.8400,3.36,0.1600,0.0133,,,,,
47:02.9,33600,3953386023,,,4170,69.5,33600,0.8400,3.36,0.1600,0.0133,,,,,
47:07.9,33700,3953386028,,,4175,69.6,33700,0.8425,3.37,0.1575,0.0131,,,,,
47:12.9,33700,3953386033,,,4180,69.7,33700,0.8425,3.37,0.1575,0.0131,,,,,
47:17.9,33600,3953386038,,,4185,69.8,33600,0.8400,3.36,0.1600,0.0133,,,,,
47:22.9,33700,3953386043,,,4190,69.8,33700,0.8425,3.37,0.1575,0.0132,,,,,
47:27.9,34000,3953386048,,,4195,69.9,34000,0.8500,3.40,0.1500,0.0125,,,,,
47:32.9,33800,3953386053,,,4200,70.0,33800,0.8450,3.38,0.1550,0.0129,,,,,
47:37.9,33700,3953386058,,,4205,70.1,33700,0.8425,3.37,0.1575,0.0131,,,,,
47:42.9,33500,3953386063,,,4210,70.2,33500,0.8375,3.35,0.1625,0.0135,,,,,
47:47.9,33500,3953386068,,,4215,70.3,33500,0.8375,3.35,0.1625,0.0136,,,,,
47:52.9,33500,3953386073,,,4220,70.3,33500,0.8375,3.35,0.1625,0.0135,,,,,
47:57.9,33600,3953386078,,,4225,70.4,33600,0.8400,3.36,0.1600,0.0133,,,,,
48:02.9,33700,3953386083,,,4230,70.5,33700,0.8425,3.37,0.1575,0.0131,,,,,
48:07.9,33700,3953386088,,,4235,70.6,33700,0.8425,3.37,0.1575,0.0131,,,,,
48:12.9,33600,3953386093,,,4240,70.7,33600,0.8400,3.36,0.1600,0.0133,,,,,
48:17.9,33400,3953386098,,,4245,70.8,33400,0.8350,3.34,0.1650,0.0137,,,,,
48:22.9,33600,3953386103,,,4250,70.8,33600,0.8400,3.36,0.1600,0.0133,,,,,
48:27.9,33500,3953386108,,,4255,70.9,33500,0.8375,3.35,0.1625,0.0135,,,,,
48:32.9,33400,3953386113,,,4260,71.0,33400,0.8350,3.34,0.1650,0.0137,,,,,
48:37.9,33500,3953386118,,,4265,71.1,33500,0.8375,3.35,0.1625,0.0135,,,,,
48:42.9,33500,3953386123,,,4270,71.2,33500,0.8375,3.35,0.1625,0.0136,,,,,
48:47.9,33500,3953386128,,,4275,71.3,33500,0.8375,3.35,0.1625,0.0135,,,,,
48:52.9,33600,3953386133,,,4280,71.3,33600,0.8400,3.36,0.1600,0.0133,,,,,
48:57.9,33600,3953386138,,,4285,71.4,33600,0.8400,3.36,0.1600,0.0133,,,,,
49:02.9,33500,3953386143,,,4290,71.5,33500,0.8375,3.35,0.1625,0.0135,,,,,
49:07.9,33400,3953386148,,,4295,71.6,33400,0.8350,3.34,0.1650,0.0138,,,,,
49:12.9,33400,3953386153,,,4300,71.7,33400,0.8350,3.34,0.1650,0.0137,,,,,
49:17.9,33300,3953386158,,,4305,71.8,33300,0.8325,3.33,0.1675,0.0140,,,,,
49:22.9,33400,3953386163,,,4310,71.8,33400,0.8350,3.34,0.1650,0.0137,,,,,
49:27.9,33500,3953386168,,,4315,71.9,33500,0.8375,3.35,0.1625,0.0136,,,,,
49:32.9,33500,3953386173,,,4320,72.0,33500,0.8375,3.35,0.1625,0.0135,,,,,
49:37.9,33400,3953386178,,,4325,72.1,33400,0.8350,3.34,0.1650,0.0137,,,,,
49:42.9,33400,3953386183,,,4330,72.2,33400,0.8350,3.34,0.1650,0.0138,,,,,
49:47.9,33500,3953386188,,,4335,72.3,33500,0.8375,3.35,0.1625,0.0135,,,,,
49:52.9,33500,3953386193,,,4340,72.3,33500,0.8375,3.35,0.1625,0.0136,,,,,
49:57.9,33500,3953386198,,,4345,72.4,33500,0.8375,3.35,0.1625,0.0135,,,,,
50:02.9,33500,3953386203,,,4350,72.5,33500,0.8375,3.35,0.1625,0.0135,,,,,
50:07.9,33500,3953386208,,,4355,72.6,33500,0.8375,3.35,0.1625,0.0135,,,,,
50:12.9,33400,3953386213,,,4360,72.7,33400,0.8350,3.34,0.1650,0.0137,,,,,
50:17.9,33600,3953386218,,,4365,72.8,33600,0.8400,3.36,0.1600,0.0133,,,,,
50:22.9,33400,3953386223,,,4370,72.8,33400,0.8350,3.34,0.1650,0.0138,,,,,
50:27.9,33500,3953386228,,,4375,72.9,33500,0.8375,3.35,0.1625,0.0135,,,,,
50:32.9,33500,3953386233,,,4380,73.0,33500,0.8375,3.35,0.1625,0.0136,,,,,
50:37.9,33600,3953386238,,,4385,73.1,33600,0.8400,3.36,0.1600,0.0133,,,,,
50:42.9,33600,3953386243,,,4390,73.2,33600,0.8400,3.36,0.1600,0.0133,,,,,
50:47.9,33600,3953386248,,,4395,73.3,33600,0.8400,3.36,0.1600,0.0133,,,,,
50:52.9,33700,3953386253,,,4400,73.3,33700,0.8425,3.37,0.1575,0.0131,,,,,
50:57.9,33700,3953386258,,,4405,73.4,33700,0.8425,3.37,0.1575,0.0131,,,,,
51:02.9,33700,3953386263,,,4410,73.5,33700,0.8425,3.37,0.1575,0.0131,,,,,
51:07.9,33700,3953386268,,,4415,73.6,33700,0.8425,3.37,0.1575,0.0131,,,,,
51:12.9,33700,3953386273,,,4420,73.7,33700,0.8425,3.37,0.1575,0.0131,,,,,
51:17.9,33800,3953386278,,,4425,73.8,33800,0.8450,3.38,0.1550,0.0129,,,,,
51:22.9,33700,3953386283,,,4430,73.8,33700,0.8425,3.37,0.1575,0.0131,,,,,
51:27.9,33500,3953386288,,,4435,73.9,33500,0.8375,3.35,0.1625,0.0135,,,,,
51:32.9,33400,3953386293,,,4440,74.0,33400,0.8350,3.34,0.1650,0.0138,,,,,
51:37.9,33500,3953386298,,,4445,74.1,33500,0.8375,3.35,0.1625,0.0135,,,,,
51:42.9,33700,3953386303,,,4450,74.2,33700,0.8425,3.37,0.1575,0.0131,,,,,
51:47.9,33700,3953386308,,,4455,74.3,33700,0.8425,3.37,0.1575,0.0131,,,,,
51:52.9,33600,3953386313,,,4460,74.3,33600,0.8400,3.36,0.1600,0.0133,,,,,
51:57.9,33600,3953386318,,,4465,74.4,33600,0.8400,3.36,0.1600,0.0133,,,,,
52:02.9,33600,3953386323,,,4470,74.5,33600,0.8400,3.36,0.1600,0.0133,,,,,
52:07.9,33600,3953386328,,,4475,74.6,33600,0.8400,3.36,0.1600,0.0133,,,,,
52:12.9,33800,3953386333,,,4480,74.7,33800,0.8450,3.38,0.1550,0.0129,,,,,
52:17.9,33800,3953386338,,,4485,74.8,33800,0.8450,3.38,0.1550,0.0129,,,,,
52:22.9,33800,3953386343,,,4490,74.8,33800,0.8450,3.38,0.1550,0.0129,,,,,
52:27.9,33700,3953386348,,,4495,74.9,33700,0.8425,3.37,0.1575,0.0131,,,,,
52:32.9,33800,3953386353,,,4500,75.0,33800,0.8450,3.38,0.1550,0.0129,,,,,
52:37.9,33700,3953386358,,,4505,75.1,33700,0.8425,3.37,0.1575,0.0131,,,,,
52:42.9,33700,3953386363,,,4510,75.2,33700,0.8425,3.37,0.1575,0.0131,,,,,
52:47.9,33900,3953386368,,,4515,75.3,33900,0.8475,3.39,0.1525,0.0127,,,,,
52:52.9,33700,3953386373,,,4520,75.3,33700,0.8425,3.37,0.1575,0.0131,,,,,
52:57.9,33700,3953386378,,,4525,75.4,33700,0.8425,3.37,0.1575,0.0131,,,,,
53:02.9,33800,3953386383,,,4530,75.5,33800,0.8450,3.38,0.1550,0.0129,,,,,
53:07.9,33800,3953386388,,,4535,75.6,33800,0.8450,3.38,0.1550,0.0129,,,,,
53:12.9,33900,3953386393,,,4540,75.7,33900,0.8475,3.39,0.1525,0.0127,,,,,
53:17.9,33800,3953386398,,,4545,75.8,33800,0.8450,3.38,0.1550,0.0129,,,,,
53:22.9,33700,3953386403,,,4550,75.8,33700,0.8425,3.37,0.1575,0.0131,,,,,
53:27.9,33700,3953386408,,,4555,75.9,33700,0.8425,3.37,0.1575,0.0131,,,,,
53:32.9,33700,3953386413,,,4560,76.0,33700,0.8425,3.37,0.1575,0.0131,,,,,
53:37.9,33600,3953386418,,,4565,76.1,33600,0.8400,3.36,0.1600,0.0133,,,,,
53:42.9,33600,3953386423,,,4570,76.2,33600,0.8400,3.36,0.1600,0.0133,,,,,
53:47.9,33700,3953386428,,,4575,76.3,33700,0.8425,3.37,0.1575,0.0132,,,,,
53:52.9,33600,3953386433,,,4580,76.3,33600,0.8400,3.36,0.1600,0.0133,,,,,
53:57.9,33700,3953386438,,,4585,76.4,33700,0.8425,3.37,0.1575,0.0131,,,,,
54:02.9,33700,3953386443,,,4590,76.5,33700,0.8425,3.37,0.1575,0.0131,,,,,
54:07.9,33700,3953386448,,,4595,76.6,33700,0.8425,3.37,0.1575,0.0131,,,,,
54:12.9,33700,3953386453,,,4600,76.7,33700,0.8425,3.37,0.1575,0.0131,,,,,
54:17.9,33700,3953386458,,,4605,76.8,33700,0.8425,3.37,0.1575,0.0132,,,,,
54:22.9,33700,3953386463,,,4610,76.8,33700,0.8425,3.37,0.1575,0.0131,,,,,
54:27.9,33700,3953386468,,,4615,76.9,33700,0.8425,3.37,0.1575,0.0131,,,,,
54:32.9,33700,3953386473,,,4620,77.0,33700,0.8425,3.37,0.1575,0.0131,,,,,
54:37.9,33800,3953386478,,,4625,77.1,33800,0.8450,3.38,0.1550,0.0129,,,,,
54:42.9,33800,3953386483,,,4630,77.2,33800,0.8450,3.38,0.1550,0.0129,,,,,
54:47.9,33700,3953386488,,,4635,77.3,33700,0.8425,3.37,0.1575,0.0131,,,,,
54:52.9,33900,3953386493,,,4640,77.3,33900,0.8475,3.39,0.1525,0.0127,,,,,
54:57.9,33900,3953386498,,,4645,77.4,33900,0.8475,3.39,0.1525,0.0127,,,,,
55:02.9,34000,3953386503,,,4650,77.5,34000,0.8500,3.40,0.1500,0.0125,,,,,
55:07.9,33900,3953386508,,,4655,77.6,33900,0.8475,3.39,0.1525,0.0127,,,,,
55:12.9,33900,3953386513,,,4660,77.7,33900,0.8475,3.39,0.1525,0.0127,,,,,
55:17.9,33800,3953386518,,,4665,77.8,33800,0.8450,3.38,0.1550,0.0129,,,,,
55:22.9,33800,3953386523,,,4670,77.8,33800,0.8450,3.38,0.1550,0.0129,,,,,
55:27.9,33800,3953386528,,,4675,77.9,33800,0.8450,3.38,0.1550,0.0129,,,,,
55:32.9,33900,3953386533,,,4680,78.0,33900,0.8475,3.39,0.1525,0.0127,,,,,
55:37.9,33700,3953386538,,,4685,78.1,33700,0.8425,3.37,0.1575,0.0131,,,,,
55:42.9,33700,3953386543,,,4690,78.2,33700,0.8425,3.37,0.1575,0.0131,,,,,
55:47.9,33700,3953386548,,,4695,78.3,33700,0.8425,3.37,0.1575,0.0131,,,,,
55:52.9,33900,3953386553,,,4700,78.3,33900,0.8475,3.39,0.1525,0.0127,,,,,
55:57.9,33900,3953386558,,,4705,78.4,33900,0.8475,3.39,0.1525,0.0127,,,,,
56:02.9,33700,3953386563,,,4710,78.5,33700,0.8425,3.37,0.1575,0.0131,,,,,
56:07.9,33700,3953386568,,,4715,78.6,33700,0.8425,3.37,0.1575,0.0131,,,,,
56:12.9,33800,3953386573,,,4720,78.7,33800,0.8450,3.38,0.1550,0.0129,,,,,
56:17.9,33900,3953386578,,,4725,78.8,33900,0.8475,3.39,0.1525,0.0127,,,,,
56:22.9,33900,3953386583,,,4730,78.8,33900,0.8475,3.39,0.1525,0.0127,,,,,
56:27.9,33700,3953386588,,,4735,78.9,33700,0.8425,3.37,0.1575,0.0131,,,,,
56:32.9,33900,3953386593,,,4740,79.0,33900,0.8475,3.39,0.1525,0.0127,,,,,
56:37.9,33700,3953386598,,,4745,79.1,33700,0.8425,3.37,0.1575,0.0131,,,,,
56:42.9,33800,3953386603,,,4750,79.2,33800,0.8450,3.38,0.1550,0.0129,,,,,
56:47.9,34000,3953386608,,,4755,79.3,34000,0.8500,3.40,0.1500,0.0125,,,,,
56:52.9,34100,3953386613,,,4760,79.3,34100,0.8525,3.41,0.1475,0.0123,,,,,
56:57.9,34100,3953386618,,,4765,79.4,34100,0.8525,3.41,0.1475,0.0123,,,,,
57:02.9,34000,3953386623,,,4770,79.5,34000,0.8500,3.40,0.1500,0.0125,,,,,
57:07.9,34000,3953386628,,,4775,79.6,34000,0.8500,3.40,0.1500,0.0125,,,,,
57:12.9,33900,3953386633,,,4780,79.7,33900,0.8475,3.39,0.1525,0.0127,,,,,
57:17.9,33900,3953386638,,,4785,79.8,33900,0.8475,3.39,0.1525,0.0127,,,,,
57:22.9,34000,3953386643,,,4790,79.8,34000,0.8500,3.40,0.1500,0.0125,,,,,
57:27.9,33900,3953386648,,,4795,79.9,33900,0.8475,3.39,0.1525,0.0127,,,,,
57:32.9,34000,3953386653,,,4800,80.0,34000,0.8500,3.40,0.1500,0.0125,,,,,
57:37.9,33900,3953386658,,,4805,80.1,33900,0.8475,3.39,0.1525,0.0127,,,,,
57:42.9,34000,3953386663,,,4810,80.2,34000,0.8500,3.40,0.1500,0.0125,,,,,
57:47.9,34000,3953386668,,,4815,80.3,34000,0.8500,3.40,0.1500,0.0125,,,,,
57:52.9,33900,3953386673,,,4820,80.3,33900,0.8475,3.39,0.1525,0.0127,,,,,
57:57.9,34000,3953386678,,,4825,80.4,34000,0.8500,3.40,0.1500,0.0125,,,,,
58:02.9,34000,3953386683,,,4830,80.5,34000,0.8500,3.40,0.1500,0.0125,,,,,
58:07.9,33900,3953386688,,,4835,80.6,33900,0.8475,3.39,0.1525,0.0127,,,,,
58:12.9,33900,3953386693,,,4840,80.7,33900,0.8475,3.39,0.1525,0.0127,,,,,
58:17.9,33800,3953386698,,,4845,80.8,33800,0.8450,3.38,0.1550,0.0129,,,,,
58:22.9,33700,3953386703,,,4850,80.8,33700,0.8425,3.37,0.1575,0.0131,,,,,
58:27.9,33600,3953386708,,,4855,80.9,33600,0.8400,3.36,0.1600,0.0133,,,,,
58:32.9,33700,3953386713,,,4860,81.0,33700,0.8425,3.37,0.1575,0.0131,,,,,
58:37.9,33700,3953386718,,,4865,81.1,33700,0.8425,3.37,0.1575,0.0131,,,,,
58:42.9,33700,3953386723,,,4870,81.2,33700,0.8425,3.37,0.1575,0.0131,,,,,
58:47.9,33900,3953386728,,,4875,81.3,33900,0.8475,3.39,0.1525,0.0127,,,,,
58:52.9,33800,3953386733,,,4880,81.3,33800,0.8450,3.38,0.1550,0.0129,,,,,
58:57.9,33800,3953386738,,,4885,81.4,33800,0.8450,3.38,0.1550,0.0129,,,,,
59:02.9,33900,3953386743,,,4890,81.5,33900,0.8475,3.39,0.1525,0.0127,,,,,
59:07.9,33900,3953386748,,,4895,81.6,33900,0.8475,3.39,0.1525,0.0127,,,,,
59:12.9,34100,3953386753,,,4900,81.7,34100,0.8525,3.41,0.1475,0.0123,,,,,
59:17.9,34200,3953386758,,,4905,81.8,34200,0.8550,3.42,0.1450,0.0121,,,,,
59:22.9,34000,3953386763,,,4910,81.8,34000,0.8500,3.40,0.1500,0.0125,,,,,
59:27.9,34100,3953386768,,,4915,81.9,34100,0.8525,3.41,0.1475,0.0123,,,,,
59:32.9,33900,3953386773,,,4920,82.0,33900,0.8475,3.39,0.1525,0.0127,,,,,
59:37.9,33900,3953386778,,,4925,82.1,33900,0.8475,3.39,0.1525,0.0127,,,,,
59:42.9,33900,3953386783,,,4930,82.2,33900,0.8475,3.39,0.1525,0.0127,,,,,
59:47.9,33800,3953386788,,,4935,82.3,33800,0.8450,3.38,0.1550,0.0129,,,,,
59:52.9,33900,3953386793,,,4940,82.3,33900,0.8475,3.39,0.1525,0.0127,,,,,
59:57.9,33900,3953386798,,,4945,82.4,33900,0.8475,3.39,0.1525,0.0127,,,,,
00:02.9,33900,3953386803,,,4950,82.5,33900,0.8475,3.39,0.1525,0.0127,,,,,
00:07.9,33700,3953386808,,,4955,82.6,33700,0.8425,3.37,0.1575,0.0131,,,,,
00:12.9,33800,3953386813,,,4960,82.7,33800,0.8450,3.38,0.1550,0.0129,,,,,
00:17.9,33700,3953386818,,,4965,82.8,33700,0.8425,3.37,0.1575,0.0131,,,,,
00:22.9,33800,3953386823,,,4970,82.8,33800,0.8450,3.38,0.1550,0.0129,,,,,
00:27.9,33700,3953386828,,,4975,82.9,33700,0.8425,3.37,0.1575,0.0131,,,,,
00:32.9,33900,3953386833,,,4980,83.0,33900,0.8475,3.39,0.1525,0.0127,,,,,
00:37.9,33900,3953386838,,,4985,83.1,33900,0.8475,3.39,0.1525,0.0127,,,,,
00:42.9,33800,3953386843,,,4990,83.2,33800,0.8450,3.38,0.1550,0.0129,,,,,
00:47.9,33800,3953386848,,,4995,83.3,33800,0.8450,3.38,0.1550,0.0129,,,,,
00:52.9,33900,3953386853,,,5000,83.3,33900,0.8475,3.39,0.1525,0.0127,,,,,
00:57.9,33900,3953386858,,,5005,83.4,33900,0.8475,3.39,0.1525,0.0127,,,,,
01:02.9,33900,3953386863,,,5010,83.5,33900,0.8475,3.39,0.1525,0.0127,,,,,
01:07.9,34000,3953386868,,,5015,83.6,34000,0.8500,3.40,0.1500,0.0125,,,,,
01:12.9,34100,3953386873,,,5020,83.7,34100,0.8525,3.41,0.1475,0.0123,,,,,
01:17.9,33900,3953386878,,,5025,83.8,33900,0.8475,3.39,0.1525,0.0127,,,,,
01:22.9,33700,3953386883,,,5030,83.8,33700,0.8425,3.37,0.1575,0.0131,,,,,
01:27.9,33900,3953386888,,,5035,83.9,33900,0.8475,3.39,0.1525,0.0127,,,,,
01:32.9,33600,3953386893,,,5040,84.0,33600,0.8400,3.36,0.1600,0.0134,,,,,
01:37.9,33700,3953386898,,,5045,84.1,33700,0.8425,3.37,0.1575,0.0131,,,,,
01:42.9,33800,3953386903,,,5050,84.2,33800,0.8450,3.38,0.1550,0.0129,,,,,
01:47.9,34000,3953386908,,,5055,84.3,34000,0.8500,3.40,0.1500,0.0125,,,,,
01:52.9,34000,3953386913,,,5060,84.3,34000,0.8500,3.40,0.1500,0.0125,,,,,
01:57.9,34100,3953386918,,,5065,84.4,34100,0.8525,3.41,0.1475,0.0123,,,,,
02:02.9,33900,3953386923,,,5070,84.5,33900,0.8475,3.39,0.1525,0.0127,,,,,
02:07.9,33800,3953386928,,,5075,84.6,33800,0.8450,3.38,0.1550,0.0129,,,,,
02:12.9,33800,3953386933,,,5080,84.7,33800,0.8450,3.38,0.1550,0.0129,,,,,
02:17.9,33900,3953386938,,,5085,84.8,33900,0.8475,3.39,0.1525,0.0127,,,,,
02:22.9,34000,3953386943,,,5090,84.8,34000,0.8500,3.40,0.1500,0.0125,,,,,
02:27.9,34000,3953386948,,,5095,84.9,34000,0.8500,3.40,0.1500,0.0125,,,,,
02:32.9,33900,3953386953,,,5100,85.0,33900,0.8475,3.39,0.1525,0.0127,,,,,
02:37.9,33900,3953386958,,,5105,85.1,33900,0.8475,3.39,0.1525,0.0127,,,,,
02:42.9,33800,3953386963,,,5110,85.2,33800,0.8450,3.38,0.1550,0.0129,,,,,
02:47.9,33800,3953386968,,,5115,85.3,33800,0.8450,3.38,0.1550,0.0129,,,,,
02:52.9,33800,3953386973,,,5120,85.3,33800,0.8450,3.38,0.1550,0.0129,,,,,
02:57.9,33900,3953386978,,,5125,85.4,33900,0.8475,3.39,0.1525,0.0127,,,,,
03:02.9,33900,3953386983,,,5130,85.5,33900,0.8475,3.39,0.1525,0.0127,,,,,
03:07.9,33800,3953386988,,,5135,85.6,33800,0.8450,3.38,0.1550,0.0129,,,,,
03:12.9,33900,3953386993,,,5140,85.7,33900,0.8475,3.39,0.1525,0.0127,,,,,
03:17.9,33700,3953386998,,,5145,85.8,33700,0.8425,3.37,0.1575,0.0131,,,,,
03:22.9,33800,3953387003,,,5150,85.8,33800,0.8450,3.38,0.1550,0.0129,,,,,
03:27.9,33800,3953387008,,,5155,85.9,33800,0.8450,3.38,0.1550,0.0129,,,,,
03:32.9,33900,3953387013,,,5160,86.0,33900,0.8475,3.39,0.1525,0.0127,,,,,
03:37.9,34000,3953387018,,,5165,86.1,34000,0.8500,3.40,0.1500,0.0125,,,,,
03:42.9,34000,3953387023,,,5170,86.2,34000,0.8500,3.40,0.1500,0.0125,,,,,
03:47.9,33900,3953387028,,,5175,86.3,33900,0.8475,3.39,0.1525,0.0127,,,,,
03:52.9,33900,3953387033,,,5180,86.3,33900,0.8475,3.39,0.1525,0.0127,,,,,
03:57.9,33800,3953387038,,,5185,86.4,33800,0.8450,3.38,0.1550,0.0129,,,,,
04:02.9,33800,3953387043,,,5190,86.5,33800,0.8450,3.38,0.1550,0.0129,,,,,
04:07.9,34000,3953387048,,,5195,86.6,34000,0.8500,3.40,0.1500,0.0125,,,,,
04:12.9,33900,3953387053,,,5200,86.7,33900,0.8475,3.39,0.1525,0.0127,,,,,
04:17.9,34100,3953387058,,,5205,86.8,34100,0.8525,3.41,0.1475,0.0123,,,,,
04:22.9,34000,3953387063,,,5210,86.8,34000,0.8500,3.40,0.1500,0.0125,,,,,
04:27.9,34100,3953387068,,,5215,86.9,34100,0.8525,3.41,0.1475,0.0123,,,,,
04:32.9,34100,3953387073,,,5220,87.0,34100,0.8525,3.41,0.1475,0.0123,,,,,
04:37.9,34100,3953387078,,,5225,87.1,34100,0.8525,3.41,0.1475,0.0123,,,,,
04:42.9,34000,3953387083,,,5230,87.2,34000,0.8500,3.40,0.1500,0.0125,,,,,
04:47.9,33900,3953387088,,,5235,87.3,33900,0.8475,3.39,0.1525,0.0127,,,,,
04:52.9,34100,3953387093,,,5240,87.3,34100,0.8525,3.41,0.1475,0.0123,,,,,
04:57.9,33900,3953387098,,,5245,87.4,33900,0.8475,3.39,0.1525,0.0127,,,,,
05:02.9,33900,3953387103,,,5250,87.5,33900,0.8475,3.39,0.1525,0.0127,,,,,
05:07.9,34000,3953387108,,,5255,87.6,34000,0.8500,3.40,0.1500,0.0125,,,,,
05:12.9,33900,3953387113,,,5260,87.7,33900,0.8475,3.39,0.1525,0.0127,,,,,
05:17.9,33900,3953387118,,,5265,87.8,33900,0.8475,3.39,0.1525,0.0127,,,,,
05:22.9,33900,3953387123,,,5270,87.8,33900,0.8475,3.39,0.1525,0.0127,,,,,
05:27.9,33900,3953387128,,,5275,87.9,33900,0.8475,3.39,0.1525,0.0127,,,,,
05:32.9,34100,3953387133,,,5280,88.0,34100,0.8525,3.41,0.1475,0.0123,,,,,
05:37.9,34100,3953387138,,,5285,88.1,34100,0.8525,3.41,0.1475,0.0123,,,,,
05:42.9,34000,3953387143,,,5290,88.2,34000,0.8500,3.40,0.1500,0.0125,,,,,
05:47.9,33900,3953387148,,,5295,88.3,33900,0.8475,3.39,0.1525,0.0127,,,,,
05:52.9,33800,3953387153,,,5300,88.3,33800,0.8450,3.38,0.1550,0.0129,,,,,
05:57.9,34000,3953387158,,,5305,88.4,34000,0.8500,3.40,0.1500,0.0125,,,,,
06:02.9,33900,3953387163,,,5310,88.5,33900,0.8475,3.39,0.1525,0.0127,,,,,
06:07.9,34000,3953387168,,,5315,88.6,34000,0.8500,3.40,0.1500,0.0125,,,,,
06:12.9,34000,3953387173,,,5320,88.7,34000,0.8500,3.40,0.1500,0.0125,,,,,
06:17.9,33900,3953387178,,,5325,88.8,33900,0.8475,3.39,0.1525,0.0127,,,,,
06:22.9,34000,3953387183,,,5330,88.8,34000,0.8500,3.40,0.1500,0.0125,,,,,
06:27.9,33900,3953387188,,,5335,88.9,33900,0.8475,3.39,0.1525,0.0127,,,,,
06:32.9,33800,3953387193,,,5340,89.0,33800,0.8450,3.38,0.1550,0.0129,,,,,
06:37.9,34200,3953387198,,,5345,89.1,34200,0.8550,3.42,0.1450,0.0121,,,,,
06:42.9,34100,3953387203,,,5350,89.2,34100,0.8525,3.41,0.1475,0.0123,,,,,
06:47.9,34100,3953387208,,,5355,89.3,34100,0.8525,3.41,0.1475,0.0123,,,,,
06:52.9,34100,3953387213,,,5360,89.3,34100,0.8525,3.41,0.1475,0.0123,,,,,
06:57.9,34100,3953387218,,,5365,89.4,34100,0.8525,3.41,0.1475,0.0123,,,,,
07:02.9,33900,3953387223,,,5370,89.5,33900,0.8475,3.39,0.1525,0.0127,,,,,
07:07.9,33900,3953387228,,,5375,89.6,33900,0.8475,3.39,0.1525,0.0127,,,,,
07:12.9,33900,3953387233,,,5380,89.7,33900,0.8475,3.39,0.1525,0.0127,,,,,
07:17.9,33900,3953387238,,,5385,89.8,33900,0.8475,3.39,0.1525,0.0127,,,,,
07:22.9,33900,3953387243,,,5390,89.8,33900,0.8475,3.39,0.1525,0.0127,,,,,
07:27.9,33900,3953387248,,,5395,89.9,33900,0.8475,3.39,0.1525,0.0127,,,,,
07:32.9,33900,3953387253,,,5400,90.0,33900,0.8475,3.39,0.1525,0.0127,,,,,
07:37.9,33800,3953387258,,,5405,90.1,33800,0.8450,3.38,0.1550,0.0129,,,,,
07:42.9,34000,3953387263,,,5410,90.2,34000,0.8500,3.40,0.1500,0.0125,,,,,
07:47.9,34000,3953387268,,,5415,90.3,34000,0.8500,3.40,0.1500,0.0125,,,,,
07:52.9,34000,3953387273,,,5420,90.3,34000,0.8500,3.40,0.1500,0.0125,,,,,
07:57.9,33900,3953387278,,,5425,90.4,33900,0.8475,3.39,0.1525,0.0127,,,,,
08:02.9,33900,3953387283,,,5430,90.5,33900,0.8475,3.39,0.1525,0.0127,,,,,
08:07.9,33700,3953387288,,,5435,90.6,33700,0.8425,3.37,0.1575,0.0131,,,,,
08:12.9,33900,3953387293,,,5440,90.7,33900,0.8475,3.39,0.1525,0.0127,,,,,
08:17.9,33900,3953387298,,,5445,90.8,33900,0.8475,3.39,0.1525,0.0127,,,,,
08:22.9,33800,3953387303,,,5450,90.8,33800,0.8450,3.38,0.1550,0.0129,,,,,
08:27.9,34000,3953387308,,,5455,90.9,34000,0.8500,3.40,0.1500,0.0125,,,,,
08:32.9,34100,3953387313,,,5460,91.0,34100,0.8525,3.41,0.1475,0.0123,,,,,
08:37.9,34100,3953387318,,,5465,91.1,34100,0.8525,3.41,0.1475,0.0123,,,,,
08:42.9,34100,3953387323,,,5470,91.2,34100,0.8525,3.41,0.1475,0.0123,,,,,
08:47.9,34200,3953387328,,,5475,91.3,34200,0.8550,3.42,0.1450,0.0121,,,,,
08:52.9,34200,3953387333,,,5480,91.3,34200,0.8550,3.42,0.1450,0.0121,,,,,
08:57.9,34100,3953387338,,,5485,91.4,34100,0.8525,3.41,0.1475,0.0123,,,,,
09:02.9,34100,3953387343,,,5490,91.5,34100,0.8525,3.41,0.1475,0.0123,,,,,
09:07.9,34000,3953387348,,,5495,91.6,34000,0.8500,3.40,0.1500,0.0125,,,,,
09:12.9,33800,3953387353,,,5500,91.7,33800,0.8450,3.38,0.1550,0.0129,,,,,
09:17.9,34100,3953387358,,,5505,91.8,34100,0.8525,3.41,0.1475,0.0123,,,,,
09:22.9,33900,3953387363,,,5510,91.8,33900,0.8475,3.39,0.1525,0.0127,,,,,
09:27.9,34100,3953387368,,,5515,91.9,34100,0.8525,3.41,0.1475,0.0123,,,,,
09:32.9,34100,3953387373,,,5520,92.0,34100,0.8525,3.41,0.1475,0.0123,,,,,
09:37.9,34000,3953387378,,,5525,92.1,34000,0.8500,3.40,0.1500,0.0125,,,,,
09:42.9,34000,3953387383,,,5530,92.2,34000,0.8500,3.40,0.1500,0.0125,,,,,
09:47.9,33900,3953387388,,,5535,92.3,33900,0.8475,3.39,0.1525,0.0127,,,,,
09:52.9,34100,3953387393,,,5540,92.3,34100,0.8525,3.41,0.1475,0.0123,,,,,
09:57.9,34000,3953387398,,,5545,92.4,34000,0.8500,3.40,0.1500,0.0125,,,,,
10:02.9,34100,3953387403,,,5550,92.5,34100,0.8525,3.41,0.1475,0.0123,,,,,
10:07.9,33900,3953387408,,,5555,92.6,33900,0.8475,3.39,0.1525,0.0127,,,,,
10:12.9,33700,3953387413,,,5560,92.7,33700,0.8425,3.37,0.1575,0.0131,,,,,
10:17.9,33900,3953387418,,,5565,92.8,33900,0.8475,3.39,0.1525,0.0127,,,,,
10:22.9,33900,3953387423,,,5570,92.8,33900,0.8475,3.39,0.1525,0.0127,,,,,
10:27.9,34100,3953387428,,,5575,92.9,34100,0.8525,3.41,0.1475,0.0123,,,,,
10:32.9,34200,3953387433,,,5580,93.0,34200,0.8550,3.42,0.1450,0.0121,,,,,
10:37.9,34100,3953387438,,,5585,93.1,34100,0.8525,3.41,0.1475,0.0123,,,,,
10:42.9,34100,3953387443,,,5590,93.2,34100,0.8525,3.41,0.1475,0.0123,,,,,
10:47.9,34100,3953387448,,,5595,93.3,34100,0.8525,3.41,0.1475,0.0123,,,,,
10:52.9,34200,3953387453,,,5600,93.3,34200,0.8550,3.42,0.1450,0.0121,,,,,
10:57.9,34100,3953387458,,,5605,93.4,34100,0.8525,3.41,0.1475,0.0123,,,,,
11:02.9,34100,3953387463,,,5610,93.5,34100,0.8525,3.41,0.1475,0.0123,,,,,
11:07.9,34000,3953387468,,,5615,93.6,34000,0.8500,3.40,0.1500,0.0125,,,,,
11:12.9,34100,3953387473,,,5620,93.7,34100,0.8525,3.41,0.1475,0.0123,,,,,
11:17.9,34200,3953387478,,,5625,93.8,34200,0.8550,3.42,0.1450,0.0121,,,,,
11:22.9,34100,3953387483,,,5630,93.8,34100,0.8525,3.41,0.1475,0.0123,,,,,
11:27.9,34100,3953387488,,,5635,93.9,34100,0.8525,3.41,0.1475,0.0123,,,,,
11:32.9,34100,3953387493,,,5640,94.0,34100,0.8525,3.41,0.1475,0.0123,,,,,
11:37.9,34000,3953387498,,,5645,94.1,34000,0.8500,3.40,0.1500,0.0125,,,,,
11:42.9,34000,3953387503,,,5650,94.2,34000,0.8500,3.40,0.1500,0.0125,,,,,
11:47.9,34000,3953387508,,,5655,94.3,34000,0.8500,3.40,0.1500,0.0125,,,,,
11:52.9,33900,3953387513,,,5660,94.3,33900,0.8475,3.39,0.1525,0.0127,,,,,
11:57.9,34000,3953387518,,,5665,94.4,34000,0.8500,3.40,0.1500,0.0125,,,,,
12:02.9,34000,3953387523,,,5670,94.5,34000,0.8500,3.40,0.1500,0.0125,,,,,
12:07.9,34100,3953387528,,,5675,94.6,34100,0.8525,3.41,0.1475,0.0123,,,,,
12:12.9,34100,3953387533,,,5680,94.7,34100,0.8525,3.41,0.1475,0.0123,,,,,
12:17.9,34100,3953387538,,,5685,94.8,34100,0.8525,3.41,0.1475,0.0123,,,,,
12:22.9,34100,3953387543,,,5690,94.8,34100,0.8525,3.41,0.1475,0.0123,,,,,
12:27.9,34100,3953387548,,,5695,94.9,34100,0.8525,3.41,0.1475,0.0123,,,,,
12:32.9,34100,3953387553,,,5700,95.0,34100,0.8525,3.41,0.1475,0.0123,,,,,
12:37.9,34100,3953387558,,,5705,95.1,34100,0.8525,3.41,0.1475,0.0123,,,,,
12:42.9,34000,3953387563,,,5710,95.2,34000,0.8500,3.40,0.1500,0.0125,,,,,
12:47.9,34000,3953387568,,,5715,95.3,34000,0.8500,3.40,0.1500,0.0125,,,,,
12:52.9,34100,3953387573,,,5720,95.3,34100,0.8525,3.41,0.1475,0.0123,,,,,
12:57.9,34100,3953387578,,,5725,95.4,34100,0.8525,3.41,0.1475,0.0123,,,,,
13:02.9,34100,3953387583,,,5730,95.5,34100,0.8525,3.41,0.1475,0.0123,,,,,
13:07.9,34100,3953387588,,,5735,95.6,34100,0.8525,3.41,0.1475,0.0123,,,,,
13:12.9,34200,3953387593,,,5740,95.7,34200,0.8550,3.42,0.1450,0.0121,,,,,
13:17.9,34200,3953387598,,,5745,95.8,34200,0.8550,3.42,0.1450,0.0120,,,,,
13:22.9,34200,3953387603,,,5750,95.8,34200,0.8550,3.42,0.1450,0.0121,,,,,
13:27.9,34100,3953387608,,,5755,95.9,34100,0.8525,3.41,0.1475,0.0123,,,,,
13:32.9,34200,3953387613,,,5760,96.0,34200,0.8550,3.42,0.1450,0.0121,,,,,
13:37.9,34200,3953387618,,,5765,96.1,34200,0.8550,3.42,0.1450,0.0121,,,,,
13:42.9,34100,3953387623,,,5770,96.2,34100,0.8525,3.41,0.1475,0.0123,,,,,
13:47.9,34200,3953387628,,,5775,96.3,34200,0.8550,3.42,0.1450,0.0121,,,,,
13:52.9,34100,3953387633,,,5780,96.3,34100,0.8525,3.41,0.1475,0.0123,,,,,
13:57.9,34100,3953387638,,,5785,96.4,34100,0.8525,3.41,0.1475,0.0123,,,,,
14:02.9,34100,3953387643,,,5790,96.5,34100,0.8525,3.41,0.1475,0.0123,,,,,
14:07.9,34200,3953387648,,,5795,96.6,34200,0.8550,3.42,0.1450,0.0121,,,,,
14:12.9,34200,3953387653,,,5800,96.7,34200,0.8550,3.42,0.1450,0.0121,,,,,
14:17.9,34200,3953387658,,,5805,96.8,34200,0.8550,3.42,0.1450,0.0121,,,,,
14:22.9,34100,3953387663,,,5810,96.8,34100,0.8525,3.41,0.1475,0.0123,,,,,
14:27.9,33900,3953387668,,,5815,96.9,33900,0.8475,3.39,0.1525,0.0127,,,,,
14:32.9,34000,3953387673,,,5820,97.0,34000,0.8500,3.40,0.1500,0.0125,,,,,
14:37.9,34100,3953387678,,,5825,97.1,34100,0.8525,3.41,0.1475,0.0123,,,,,
14:42.9,33900,3953387683,,,5830,97.2,33900,0.8475,3.39,0.1525,0.0127,,,,,
14:47.9,33900,3953387688,,,5835,97.3,33900,0.8475,3.39,0.1525,0.0127,,,,,
14:52.9,34000,3953387693,,,5840,97.3,34000,0.8500,3.40,0.1500,0.0125,,,,,
14:57.9,34100,3953387698,,,5845,97.4,34100,0.8525,3.41,0.1475,0.0123,,,,,
15:02.9,34200,3953387703,,,5850,97.5,34200,0.8550,3.42,0.1450,0.0121,,,,,
15:07.9,34100,3953387708,,,5855,97.6,34100,0.8525,3.41,0.1475,0.0123,,,,,
15:12.9,34000,3953387713,,,5860,97.7,34000,0.8500,3.40,0.1500,0.0125,,,,,
15:17.9,34100,3953387718,,,5865,97.8,34100,0.8525,3.41,0.1475,0.0123,,,,,
15:22.9,34100,3953387723,,,5870,97.8,34100,0.8525,3.41,0.1475,0.0123,,,,,
15:27.9,34100,3953387728,,,5875,97.9,34100,0.8525,3.41,0.1475,0.0123,,,,,
15:32.9,34100,3953387733,,,5880,98.0,34100,0.8525,3.41,0.1475,0.0123,,,,,
15:37.9,34200,3953387738,,,5885,98.1,34200,0.8550,3.42,0.1450,0.0121,,,,,
15:42.9,34200,3953387743,,,5890,98.2,34200,0.8550,3.42,0.1450,0.0121,,,,,
15:47.9,34100,3953387748,,,5895,98.3,34100,0.8525,3.41,0.1475,0.0123,,,,,
15:52.9,34100,3953387753,,,5900,98.3,34100,0.8525,3.41,0.1475,0.0123,,,,,
15:57.9,34100,3953387758,,,5905,98.4,34100,0.8525,3.41,0.1475,0.0123,,,,,
16:02.9,34200,3953387763,,,5910,98.5,34200,0.8550,3.42,0.1450,0.0121,,,,,
16:07.9,34100,3953387768,,,5915,98.6,34100,0.8525,3.41,0.1475,0.0123,,,,,
16:12.9,34100,3953387773,,,5920,98.7,34100,0.8525,3.41,0.1475,0.0123,,,,,
16:17.9,34100,3953387778,,,5925,98.8,34100,0.8525,3.41,0.1475,0.0123,,,,,
16:22.9,34200,3953387783,,,5930,98.8,34200,0.8550,3.42,0.1450,0.0121,,,,,
16:27.9,34100,3953387788,,,5935,98.9,34100,0.8525,3.41,0.1475,0.0123,,,,,
16:32.9,34100,3953387793,,,5940,99.0,34100,0.8525,3.41,0.1475,0.0123,,,,,
16:37.9,34000,3953387798,,,5945,99.1,34000,0.8500,3.40,0.1500,0.0125,,,,,
16:42.9,34000,3953387803,,,5950,99.2,34000,0.8500,3.40,0.1500,0.0125,,,,,
16:47.9,34100,3953387808,,,5955,99.3,34100,0.8525,3.41,0.1475,0.0123,,,,,
16:52.9,34100,3953387813,,,5960,99.3,34100,0.8525,3.41,0.1475,0.0123,,,,,
16:57.9,34100,3953387818,,,5965,99.4,34100,0.8525,3.41,0.1475,0.0123,,,,,
17:02.9,34100,3953387823,,,5970,99.5,34100,0.8525,3.41,0.1475,0.0123,,,,,
17:07.9,34000,3953387828,,,5975,99.6,34000,0.8500,3.40,0.1500,0.0125,,,,,
17:12.9,34200,3953387833,,,5980,99.7,34200,0.8550,3.42,0.1450,0.0121,,,,,
17:17.9,34200,3953387838,,,5985,99.8,34200,0.8550,3.42,0.1450,0.0121,,,,,
17:22.9,34100,3953387843,,,5990,99.8,34100,0.8525,3.41,0.1475,0.0123,,,,,
17:27.9,34100,3953387848,,,5995,99.9,34100,0.8525,3.41,0.1475,0.0123,,,,,
17:32.9,34100,3953387853,,,6000,100.0,34100,0.8525,3.41,0.1475,0.0123,,,,,
17:37.9,34100,3953387858,,,6005,100.1,34100,0.8525,3.41,0.1475,0.0123,,,,,
17:42.9,34000,3953387863,,,6010,100.2,34000,0.8500,3.40,0.1500,0.0125,,,,,
17:47.9,34100,3953387868,,,6015,100.3,34100,0.8525,3.41,0.1475,0.0123,,,,,
17:52.9,33900,3953387873,,,6020,100.3,33900,0.8475,3.39,0.1525,0.0127,,,,,
17:57.9,34000,3953387878,,,6025,100.4,34000,0.8500,3.40,0.1500,0.0125,,,,,
18:02.9,34100,3953387883,,,6030,100.5,34100,0.8525,3.41,0.1475,0.0123,,,,,
18:07.9,34100,3953387888,,,6035,100.6,34100,0.8525,3.41,0.1475,0.0123,,,,,
18:12.9,34200,3953387893,,,6040,100.7,34200,0.8550,3.42,0.1450,0.0121,,,,,
18:17.9,34200,3953387898,,,6045,100.8,34200,0.8550,3.42,0.1450,0.0121,,,,,
18:22.9,34400,3953387903,,,6050,100.8,34400,0.8600,3.44,0.1400,0.0117,,,,,
18:27.9,34300,3953387908,,,6055,100.9,34300,0.8575,3.43,0.1425,0.0119,,,,,
18:32.9,34200,3953387913,,,6060,101.0,34200,0.8550,3.42,0.1450,0.0121,,,,,
18:37.9,34100,3953387918,,,6065,101.1,34100,0.8525,3.41,0.1475,0.0123,,,,,
18:42.9,34100,3953387923,,,6070,101.2,34100,0.8525,3.41,0.1475,0.0123,,,,,
18:47.9,34200,3953387928,,,6075,101.3,34200,0.8550,3.42,0.1450,0.0121,,,,,
18:52.9,34100,3953387933,,,6080,101.3,34100,0.8525,3.41,0.1475,0.0123,,,,,
18:57.9,34100,3953387938,,,6085,101.4,34100,0.8525,3.41,0.1475,0.0123,,,,,
19:02.9,34300,3953387943,,,6090,101.5,34300,0.8575,3.43,0.1425,0.0119,,,,,
19:07.9,34300,3953387948,,,6095,101.6,34300,0.8575,3.43,0.1425,0.0119,,,,,
19:12.9,34200,3953387953,,,6100,101.7,34200,0.8550,3.42,0.1450,0.0121,,,,,
19:17.9,34200,3953387958,,,6105,101.8,34200,0.8550,3.42,0.1450,0.0121,,,,,
19:22.9,34100,3953387963,,,6110,101.8,34100,0.8525,3.41,0.1475,0.0123,,,,,
19:27.9,34100,3953387968,,,6115,101.9,34100,0.8525,3.41,0.1475,0.0123,,,,,
19:32.9,34100,3953387973,,,6120,102.0,34100,0.8525,3.41,0.1475,0.0123,,,,,
19:37.9,34100,3953387978,,,6125,102.1,34100,0.8525,3.41,0.1475,0.0123,,,,,
19:42.9,34100,3953387983,,,6130,102.2,34100,0.8525,3.41,0.1475,0.0123,,,,,
19:47.9,34000,3953387988,,,6135,102.3,34000,0.8500,3.40,0.1500,0.0125,,,,,
19:52.9,34300,3953387993,,,6140,102.3,34300,0.8575,3.43,0.1425,0.0119,,,,,
19:57.9,34200,3953387998,,,6145,102.4,34200,0.8550,3.42,0.1450,0.0121,,,,,
20:02.9,34200,3953388003,,,6150,102.5,34200,0.8550,3.42,0.1450,0.0121,,,,,
20:07.9,34200,3953388008,,,6155,102.6,34200,0.8550,3.42,0.1450,0.0121,,,,,
20:12.9,34100,3953388013,,,6160,102.7,34100,0.8525,3.41,0.1475,0.0123,,,,,
20:17.9,34200,3953388018,,,6165,102.8,34200,0.8550,3.42,0.1450,0.0121,,,,,
20:22.9,34300,3953388023,,,6170,102.8,34300,0.8575,3.43,0.1425,0.0119,,,,,
20:27.9,34200,3953388028,,,6175,102.9,34200,0.8550,3.42,0.1450,0.0121,,,,,
20:32.9,34000,3953388033,,,6180,103.0,34000,0.8500,3.40,0.1500,0.0125,,,,,
20:37.9,34100,3953388038,,,6185,103.1,34100,0.8525,3.41,0.1475,0.0123,,,,,
20:42.9,34300,3953388043,,,6190,103.2,34300,0.8575,3.43,0.1425,0.0119,,,,,
20:47.9,34200,3953388048,,,6195,103.3,34200,0.8550,3.42,0.1450,0.0121,,,,,
20:52.9,34100,3953388053,,,6200,103.3,34100,0.8525,3.41,0.1475,0.0123,,,,,
20:57.9,34300,3953388058,,,6205,103.4,34300,0.8575,3.43,0.1425,0.0119,,,,,
21:02.9,34400,3953388063,,,6210,103.5,34400,0.8600,3.44,0.1400,0.0117,,,,,
21:07.9,34300,3953388068,,,6215,103.6,34300,0.8575,3.43,0.1425,0.0119,,,,,
21:12.9,34100,3953388073,,,6220,103.7,34100,0.8525,3.41,0.1475,0.0123,,,,,
21:17.9,34200,3953388078,,,6225,103.8,34200,0.8550,3.42,0.1450,0.0121,,,,,
21:22.9,34100,3953388083,,,6230,103.8,34100,0.8525,3.41,0.1475,0.0123,,,,,
21:27.9,34200,3953388088,,,6235,103.9,34200,0.8550,3.42,0.1450,0.0121,,,,,
21:32.9,34100,3953388093,,,6240,104.0,34100,0.8525,3.41,0.1475,0.0123,,,,,
21:37.9,34100,3953388098,,,6245,104.1,34100,0.8525,3.41,0.1475,0.0123,,,,,
21:42.9,34400,3953388103,,,6250,104.2,34400,0.8600,3.44,0.1400,0.0117,,,,,
21:47.9,34300,3953388108,,,6255,104.3,34300,0.8575,3.43,0.1425,0.0119,,,,,
21:52.9,34300,3953388113,,,6260,104.3,34300,0.8575,3.43,0.1425,0.0119,,,,,
21:57.9,34200,3953388118,,,6265,104.4,34200,0.8550,3.42,0.1450,0.0121,,,,,
22:02.9,34400,3953388123,,,6270,104.5,34400,0.8600,3.44,0.1400,0.0117,,,,,
22:07.9,34200,3953388128,,,6275,104.6,34200,0.8550,3.42,0.1450,0.0121,,,,,
22:12.9,34000,3953388133,,,6280,104.7,34000,0.8500,3.40,0.1500,0.0125,,,,,
22:17.9,34200,3953388138,,,6285,104.8,34200,0.8550,3.42,0.1450,0.0121,,,,,
22:22.9,34100,3953388143,,,6290,104.8,34100,0.8525,3.41,0.1475,0.0123,,,,,
22:27.9,34100,3953388148,,,6295,104.9,34100,0.8525,3.41,0.1475,0.0123,,,,,
22:32.9,34300,3953388153,,,6300,105.0,34300,0.8575,3.43,0.1425,0.0119,,,,,
22:37.9,34100,3953388158,,,6305,105.1,34100,0.8525,3.41,0.1475,0.0123,,,,,
22:42.9,34100,3953388163,,,6310,105.2,34100,0.8525,3.41,0.1475,0.0123,,,,,
22:47.9,34100,3953388168,,,6315,105.3,34100,0.8525,3.41,0.1475,0.0123,,,,,
22:52.9,34200,3953388173,,,6320,105.3,34200,0.8550,3.42,0.1450,0.0121,,,,,
22:57.9,34300,3953388178,,,6325,105.4,34300,0.8575,3.43,0.1425,0.0119,,,,,
23:02.9,34200,3953388183,,,6330,105.5,34200,0.8550,3.42,0.1450,0.0121,,,,,
23:07.9,34300,3953388188,,,6335,105.6,34300,0.8575,3.43,0.1425,0.0119,,,,,
23:12.9,34300,3953388193,,,6340,105.7,34300,0.8575,3.43,0.1425,0.0119,,,,,
23:17.9,34200,3953388198,,,6345,105.8,34200,0.8550,3.42,0.1450,0.0121,,,,,
23:22.9,34400,3953388203,,,6350,105.8,34400,0.8600,3.44,0.1400,0.0117,,,,,
23:27.9,34300,3953388208,,,6355,105.9,34300,0.8575,3.43,0.1425,0.0119,,,,,
23:32.9,34400,3953388213,,,6360,106.0,34400,0.8600,3.44,0.1400,0.0117,,,,,
23:37.9,34100,3953388218,,,6365,106.1,34100,0.8525,3.41,0.1475,0.0123,,,,,
23:42.9,34200,3953388223,,,6370,106.2,34200,0.8550,3.42,0.1450,0.0121,,,,,
23:47.9,34300,3953388228,,,6375,106.3,34300,0.8575,3.43,0.1425,0.0119,,,,,
23:52.9,34300,3953388233,,,6380,106.3,34300,0.8575,3.43,0.1425,0.0119,,,,,
23:57.9,34000,3953388238,,,6385,106.4,34000,0.8500,3.40,0.1500,0.0125,,,,,
24:02.9,34200,3953388243,,,6390,106.5,34200,0.8550,3.42,0.1450,0.0121,,,,,
24:07.9,34100,3953388248,,,6395,106.6,34100,0.8525,3.41,0.1475,0.0123,,,,,
24:12.9,34100,3953388253,,,6400,106.7,34100,0.8525,3.41,0.1475,0.0123,,,,,
24:17.9,34100,3953388258,,,6405,106.8,34100,0.8525,3.41,0.1475,0.0123,,,,,
24:22.9,34200,3953388263,,,6410,106.8,34200,0.8550,3.42,0.1450,0.0121,,,,,
24:27.9,34100,3953388268,,,6415,106.9,34100,0.8525,3.41,0.1475,0.0123,,,,,
24:32.9,34200,3953388273,,,6420,107.0,34200,0.8550,3.42,0.1450,0.0121,,,,,
24:37.9,34100,3953388278,,,6425,107.1,34100,0.8525,3.41,0.1475,0.0123,,,,,
24:42.9,34100,3953388283,,,6430,107.2,34100,0.8525,3.41,0.1475,0.0123,,,,,
24:47.9,34200,3953388288,,,6435,107.3,34200,0.8550,3.42,0.1450,0.0121,,,,,
24:52.9,34200,3953388293,,,6440,107.3,34200,0.8550,3.42,0.1450,0.0121,,,,,
24:57.9,33900,3953388298,,,6445,107.4,33900,0.8475,3.39,0.1525,0.0127,,,,,
25:02.9,34200,3953388303,,,6450,107.5,34200,0.8550,3.42,0.1450,0.0121,,,,,
25:07.9,34000,3953388308,,,6455,107.6,34000,0.8500,3.40,0.1500,0.0125,,,,,
25:13.0,34100,3953388313,,,6460,107.7,34100,0.8525,3.41,0.1475,0.0123,,,,,
25:17.9,34100,3953388318,,,6465,107.8,34100,0.8525,3.41,0.1475,0.0123,,,,,
25:22.9,34100,3953388323,,,6470,107.8,34100,0.8525,3.41,0.1475,0.0123,,,,,
25:27.9,34100,3953388328,,,6475,107.9,34100,0.8525,3.41,0.1475,0.0123,,,,,
25:32.9,34100,3953388333,,,6480,108.0,34100,0.8525,3.41,0.1475,0.0123,,,,,
25:37.9,34200,3953388338,,,6485,108.1,34200,0.8550,3.42,0.1450,0.0121,,,,,
25:42.9,34100,3953388343,,,6490,108.2,34100,0.8525,3.41,0.1475,0.0123,,,,,
25:47.9,34100,3953388348,,,6495,108.3,34100,0.8525,3.41,0.1475,0.0123,,,,,
25:52.9,34100,3953388353,,,6500,108.3,34100,0.8525,3.41,0.1475,0.0123,,,,,
25:57.9,34200,3953388358,,,6505,108.4,34200,0.8550,3.42,0.1450,0.0121,,,,,
26:02.9,34100,3953388363,,,6510,108.5,34100,0.8525,3.41,0.1475,0.0123,,,,,
26:07.9,34100,3953388368,,,6515,108.6,34100,0.8525,3.41,0.1475,0.0123,,,,,
26:12.9,34100,3953388373,,,6520,108.7,34100,0.8525,3.41,0.1475,0.0123,,,,,
26:17.9,34200,3953388378,,,6525,108.8,34200,0.8550,3.42,0.1450,0.0121,,,,,
26:23.0,34200,3953388383,,,6530,108.8,34200,0.8550,3.42,0.1450,0.0121,,,,,
26:27.9,34100,3953388388,,,6535,108.9,34100,0.8525,3.41,0.1475,0.0123,,,,,
26:32.9,34100,3953388393,,,6540,109.0,34100,0.8525,3.41,0.1475,0.0123,,,,,
26:37.9,34200,3953388398,,,6545,109.1,34200,0.8550,3.42,0.1450,0.0121,,,,,
26:42.9,34200,3953388403,,,6550,109.2,34200,0.8550,3.42,0.1450,0.0121,,,,,
26:47.9,34200,3953388408,,,6555,109.3,34200,0.8550,3.42,0.1450,0.0121,,,,,
26:52.9,34400,3953388413,,,6560,109.3,34400,0.8600,3.44,0.1400,0.0117,,,,,
26:57.9,34300,3953388418,,,6565,109.4,34300,0.8575,3.43,0.1425,0.0119,,,,,
27:02.9,34400,3953388423,,,6570,109.5,34400,0.8600,3.44,0.1400,0.0117,,,,,
27:08.0,34400,3953388428,,,6575,109.6,34400,0.8600,3.44,0.1400,0.0117,,,,,
27:12.9,34300,3953388433,,,6580,109.7,34300,0.8575,3.43,0.1425,0.0118,,,,,
27:18.0,34200,3953388438,,,6585,109.8,34200,0.8550,3.42,0.1450,0.0121,,,,,
27:22.9,34300,3953388443,,,6590,109.8,34300,0.8575,3.43,0.1425,0.0119,,,,,
27:28.0,34200,3953388448,,,6595,109.9,34200,0.8550,3.42,0.1450,0.0121,,,,,
27:32.9,34200,3953388453,,,6600,110.0,34200,0.8550,3.42,0.1450,0.0121,,,,,
27:37.9,34200,3953388458,,,6605,110.1,34200,0.8550,3.42,0.1450,0.0121,,,,,
27:43.0,34100,3953388463,,,6610,110.2,34100,0.8525,3.41,0.1475,0.0123,,,,,
27:47.9,34300,3953388468,,,6615,110.3,34300,0.8575,3.43,0.1425,0.0119,,,,,
27:53.0,34300,3953388473,,,6620,110.3,34300,0.8575,3.43,0.1425,0.0119,,,,,
27:57.9,34200,3953388478,,,6625,110.4,34200,0.8550,3.42,0.1450,0.0121,,,,,
28:02.9,34200,3953388483,,,6630,110.5,34200,0.8550,3.42,0.1450,0.0121,,,,,
28:08.0,34200,3953388488,,,6635,110.6,34200,0.8550,3.42,0.1450,0.0121,,,,,
28:13.0,34100,3953388493,,,6640,110.7,34100,0.8525,3.41,0.1475,0.0123,,,,,
28:18.0,34000,3953388498,,,6645,110.8,34000,0.8500,3.40,0.1500,0.0125,,,,,
28:22.9,34100,3953388503,,,6650,110.8,34100,0.8525,3.41,0.1475,0.0123,,,,,
28:28.0,34200,3953388508,,,6655,110.9,34200,0.8550,3.42,0.1450,0.0121,,,,,
28:33.0,34300,3953388513,,,6660,111.0,34300,0.8575,3.43,0.1425,0.0119,,,,,
28:37.9,34100,3953388518,,,6665,111.1,34100,0.8525,3.41,0.1475,0.0123,,,,,
28:42.9,34200,3953388523,,,6670,111.2,34200,0.8550,3.42,0.1450,0.0121,,,,,
28:47.9,34300,3953388528,,,6675,111.3,34300,0.8575,3.43,0.1425,0.0119,,,,,
28:53.0,34200,3953388533,,,6680,111.3,34200,0.8550,3.42,0.1450,0.0121,,,,,
28:58.0,34400,3953388538,,,6685,111.4,34400,0.8600,3.44,0.1400,0.0117,,,,,
29:03.0,34400,3953388543,,,6690,111.5,34400,0.8600,3.44,0.1400,0.0117,,,,,
29:07.9,34300,3953388548,,,6695,111.6,34300,0.8575,3.43,0.1425,0.0119,,,,,
29:13.0,34200,3953388553,,,6700,111.7,34200,0.8550,3.42,0.1450,0.0121,,,,,
29:17.9,34200,3953388558,,,6705,111.8,34200,0.8550,3.42,0.1450,0.0121,,,,,
29:23.0,34300,3953388563,,,6710,111.8,34300,0.8575,3.43,0.1425,0.0119,,,,,
29:27.9,34200,3953388568,,,6715,111.9,34200,0.8550,3.42,0.1450,0.0121,,,,,
29:32.9,34100,3953388573,,,6720,112.0,34100,0.8525,3.41,0.1475,0.0123,,,,,
29:37.9,34100,3953388578,,,6725,112.1,34100,0.8525,3.41,0.1475,0.0123,,,,,
29:42.9,34300,3953388583,,,6730,112.2,34300,0.8575,3.43,0.1425,0.0119,,,,,
29:48.0,34300,3953388588,,,6735,112.3,34300,0.8575,3.43,0.1425,0.0119,,,,,
29:52.9,34400,3953388593,,,6740,112.3,34400,0.8600,3.44,0.1400,0.0117,,,,,
29:57.9,34200,3953388598,,,6745,112.4,34200,0.8550,3.42,0.1450,0.0121,,,,,
30:03.0,34400,3953388603,,,6750,112.5,34400,0.8600,3.44,0.1400,0.0117,,,,,
30:07.9,34600,3953388608,,,6755,112.6,34600,0.8650,3.46,0.1350,0.0112,,,,,
30:12.9,34300,3953388613,,,6760,112.7,34300,0.8575,3.43,0.1425,0.0119,,,,,
30:17.9,34400,3953388618,,,6765,112.8,34400,0.8600,3.44,0.1400,0.0117,,,,,
30:22.9,34400,3953388623,,,6770,112.8,34400,0.8600,3.44,0.1400,0.0117,,,,,
30:27.9,34200,3953388628,,,6775,112.9,34200,0.8550,3.42,0.1450,0.0121,,,,,
30:32.9,34400,3953388633,,,6780,113.0,34400,0.8600,3.44,0.1400,0.0117,,,,,
30:37.9,34200,3953388638,,,6785,113.1,34200,0.8550,3.42,0.1450,0.0121,,,,,
30:43.0,34300,3953388643,,,6790,113.2,34300,0.8575,3.43,0.1425,0.0119,,,,,
30:48.0,34200,3953388648,,,6795,113.3,34200,0.8550,3.42,0.1450,0.0121,,,,,
30:52.9,34300,3953388653,,,6800,113.3,34300,0.8575,3.43,0.1425,0.0119,,,,,
30:58.0,34200,3953388658,,,6805,113.4,34200,0.8550,3.42,0.1450,0.0121,,,,,
31:02.9,34200,3953388663,,,6810,113.5,34200,0.8550,3.42,0.1450,0.0121,,,,,
31:08.0,34300,3953388668,,,6815,113.6,34300,0.8575,3.43,0.1425,0.0119,,,,,
31:12.9,34300,3953388673,,,6820,113.7,34300,0.8575,3.43,0.1425,0.0119,,,,,
31:18.0,34300,3953388678,,,6825,113.8,34300,0.8575,3.43,0.1425,0.0119,,,,,
31:22.9,34200,3953388683,,,6830,113.8,34200,0.8550,3.42,0.1450,0.0121,,,,,
31:27.9,34200,3953388688,,,6835,113.9,34200,0.8550,3.42,0.1450,0.0121,,,,,
31:33.0,34100,3953388693,,,6840,114.0,34100,0.8525,3.41,0.1475,0.0123,,,,,
31:37.9,34200,3953388698,,,6845,114.1,34200,0.8550,3.42,0.1450,0.0121,,,,,
31:42.9,34300,3953388703,,,6850,114.2,34300,0.8575,3.43,0.1425,0.0119,,,,,
31:48.0,34200,3953388708,,,6855,114.3,34200,0.8550,3.42,0.1450,0.0121,,,,,
31:53.0,34300,3953388713,,,6860,114.3,34300,0.8575,3.43,0.1425,0.0119,,,,,
31:57.9,34400,3953388718,,,6865,114.4,34400,0.8600,3.44,0.1400,0.0117,,,,,
32:02.9,34300,3953388723,,,6870,114.5,34300,0.8575,3.43,0.1425,0.0119,,,,,
32:08.0,34300,3953388728,,,6875,114.6,34300,0.8575,3.43,0.1425,0.0119,,,,,
32:12.9,34100,3953388733,,,6880,114.7,34100,0.8525,3.41,0.1475,0.0123,,,,,
32:18.0,34100,3953388738,,,6885,114.8,34100,0.8525,3.41,0.1475,0.0123,,,,,
32:23.0,34200,3953388743,,,6890,114.8,34200,0.8550,3.42,0.1450,0.0121,,,,,
32:28.0,34200,3953388748,,,6895,114.9,34200,0.8550,3.42,0.1450,0.0121,,,,,
32:33.0,34100,3953388753,,,6900,115.0,34100,0.8525,3.41,0.1475,0.0123,,,,,
32:37.9,34100,3953388758,,,6905,115.1,34100,0.8525,3.41,0.1475,0.0123,,,,,
32:42.9,34100,3953388763,,,6910,115.2,34100,0.8525,3.41,0.1475,0.0123,,,,,
32:48.0,34300,3953388768,,,6915,115.3,34300,0.8575,3.43,0.1425,0.0119,,,,,
32:53.0,34400,3953388773,,,6920,115.3,34400,0.8600,3.44,0.1400,0.0117,,,,,
32:57.9,34400,3953388778,,,6925,115.4,34400,0.8600,3.44,0.1400,0.0116,,,,,
33:03.0,34300,3953388783,,,6930,115.5,34300,0.8575,3.43,0.1425,0.0119,,,,,
33:08.0,34200,3953388788,,,6935,115.6,34200,0.8550,3.42,0.1450,0.0121,,,,,
33:13.0,34300,3953388793,,,6940,115.7,34300,0.8575,3.43,0.1425,0.0119,,,,,
33:18.0,34100,3953388798,,,6945,115.8,34100,0.8525,3.41,0.1475,0.0123,,,,,
33:22.9,34100,3953388803,,,6950,115.8,34100,0.8525,3.41,0.1475,0.0123,,,,,
33:27.9,34100,3953388808,,,6955,115.9,34100,0.8525,3.41,0.1475,0.0123,,,,,
33:33.0,34100,3953388813,,,6960,116.0,34100,0.8525,3.41,0.1475,0.0123,,,,,
33:37.9,34100,3953388818,,,6965,116.1,34100,0.8525,3.41,0.1475,0.0123,,,,,
33:42.9,34200,3953388823,,,6970,116.2,34200,0.8550,3.42,0.1450,0.0121,,,,,
33:47.9,34100,3953388828,,,6975,116.3,34100,0.8525,3.41,0.1475,0.0123,,,,,
33:53.0,34300,3953388833,,,6980,116.3,34300,0.8575,3.43,0.1425,0.0119,,,,,
33:57.9,34200,3953388838,,,6985,116.4,34200,0.8550,3.42,0.1450,0.0121,,,,,
34:03.0,34400,3953388843,,,6990,116.5,34400,0.8600,3.44,0.1400,0.0117,,,,,
34:07.9,34200,3953388848,,,6995,116.6,34200,0.8550,3.42,0.1450,0.0121,,,,,
34:12.9,34200,3953388853,,,7000,116.7,34200,0.8550,3.42,0.1450,0.0121,,,,,
34:17.9,34300,3953388858,,,7005,116.8,34300,0.8575,3.43,0.1425,0.0119,,,,,
34:23.0,34200,3953388863,,,7010,116.8,34200,0.8550,3.42,0.1450,0.0121,,,,,
34:28.0,34200,3953388868,,,7015,116.9,34200,0.8550,3.42,0.1450,0.0121,,,,,
34:33.0,34100,3953388873,,,7020,117.0,34100,0.8525,3.41,0.1475,0.0123,,,,,
34:37.9,34100,3953388878,,,7025,117.1,34100,0.8525,3.41,0.1475,0.0123,,,,,
34:42.9,34200,3953388883,,,7030,117.2,34200,0.8550,3.42,0.1450,0.0121,,,,,
34:48.0,34200,3953388888,,,7035,117.3,34200,0.8550,3.42,0.1450,0.0121,,,,,
34:52.9,34200,3953388893,,,7040,117.3,34200,0.8550,3.42,0.1450,0.0121,,,,,
34:58.0,34200,3953388898,,,7045,117.4,34200,0.8550,3.42,0.1450,0.0121,,,,,
35:03.0,34100,3953388903,,,7050,117.5,34100,0.8525,3.41,0.1475,0.0123,,,,,
35:07.9,34100,3953388908,,,7055,117.6,34100,0.8525,3.41,0.1475,0.0123,,,,,
35:12.9,34200,3953388913,,,7060,117.7,34200,0.8550,3.42,0.1450,0.0121,,,,,
35:17.9,34200,3953388918,,,7065,117.8,34200,0.8550,3.42,0.1450,0.0121,,,,,
35:22.9,34200,3953388923,,,7070,117.8,34200,0.8550,3.42,0.1450,0.0121,,,,,
35:27.9,34300,3953388928,,,7075,117.9,34300,0.8575,3.43,0.1425,0.0119,,,,,
35:32.9,34200,3953388933,,,7080,118.0,34200,0.8550,3.42,0.1450,0.0121,,,,,
35:37.9,34300,3953388938,,,7085,118.1,34300,0.8575,3.43,0.1425,0.0119,,,,,
35:43.0,34400,3953388943,,,7090,118.2,34400,0.8600,3.44,0.1400,0.0117,,,,,
35:48.0,34300,3953388948,,,7095,118.3,34300,0.8575,3.43,0.1425,0.0119,,,,,
35:52.9,34300,3953388953,,,7100,118.3,34300,0.8575,3.43,0.1425,0.0119,,,,,
35:58.0,34200,3953388958,,,7105,118.4,34200,0.8550,3.42,0.1450,0.0121,,,,,
36:03.0,34200,3953388963,,,7110,118.5,34200,0.8550,3.42,0.1450,0.0121,,,,,
36:08.0,34100,3953388968,,,7115,118.6,34100,0.8525,3.41,0.1475,0.0123,,,,,
36:13.0,34200,3953388973,,,7120,118.7,34200,0.8550,3.42,0.1450,0.0121,,,,,
36:17.9,34300,3953388978,,,7125,118.8,34300,0.8575,3.43,0.1425,0.0119,,,,,
36:22.9,34100,3953388983,,,7130,118.8,34100,0.8525,3.41,0.1475,0.0123,,,,,
36:28.0,34200,3953388988,,,7135,118.9,34200,0.8550,3.42,0.1450,0.0121,,,,,
36:32.9,34300,3953388993,,,7140,119.0,34300,0.8575,3.43,0.1425,0.0119,,,,,
36:38.0,34200,3953388998,,,7145,119.1,34200,0.8550,3.42,0.1450,0.0121,,,,,
36:42.9,34000,3953389003,,,7150,119.2,34000,0.8500,3.40,0.1500,0.0125,,,,,
36:48.0,34100,3953389008,,,7155,119.3,34100,0.8525,3.41,0.1475,0.0123,,,,,
36:53.0,34100,3953389013,,,7160,119.3,34100,0.8525,3.41,0.1475,0.0123,,,,,
36:58.0,34100,3953389018,,,7165,119.4,34100,0.8525,3.41,0.1475,0.0123,,,,,
37:03.0,34200,3953389023,,,7170,119.5,34200,0.8550,3.42,0.1450,0.0121,,,,,
37:08.0,34200,3953389028,,,7175,119.6,34200,0.8550,3.42,0.1450,0.0121,,,,,
37:13.0,34300,3953389033,,,7180,119.7,34300,0.8575,3.43,0.1425,0.0119,,,,,
37:18.0,34300,3953389038,,,7185,119.8,34300,0.8575,3.43,0.1425,0.0119,,,,,
37:23.0,34300,3953389043,,,7190,119.8,34300,0.8575,3.43,0.1425,0.0119,,,,,
37:28.0,34300,3953389048,,,7195,119.9,34300,0.8575,3.43,0.1425,0.0119,,,,,
37:33.0,34400,3953389053,,,7200,120.0,34400,0.8600,3.44,0.1400,0.0117,,,,,
37:38.0,34300,3953389058,,,7205,120.1,34300,0.8575,3.43,0.1425,0.0119,,,,,
37:42.9,34300,3953389063,,,7210,120.2,34300,0.8575,3.43,0.1425,0.0119,,,,,
37:47.9,34300,3953389068,,,7215,120.3,34300,0.8575,3.43,0.1425,0.0119,,,,,
37:53.0,34200,3953389073,,,7220,120.3,34200,0.8550,3.42,0.1450,0.0121,,,,,
