Raw data,,,C0,39900,time (s),time (mins),CO2,C/C0,C (%),1-C/C0,Integration,,Unit conversion,,,
3:58:04 PM,0,3950697484,,0.0399,0,0.0,0,0.0000,0.00,1.0000,,,P,101325,Pa,
3:58:09 PM,0,3950697489,,,5,0.1,0,0.0000,0.00,1.0000,0.0835,,R,8.314,J/molK,
3:58:14 PM,0,3950697494,,,10,0.2,0,0.0000,0.00,1.0000,0.0832,,v,50,ml/min,
3:58:19 PM,0,3950697499,,,15,0.3,0,0.0000,0.00,1.0000,0.0833,,T,296.15,K,
3:58:24 PM,0,3950697504,,,20,0.3,0,0.0000,0.00,1.0000,0.0833,,PV/RT,2057.618517,,
3:58:29 PM,0,3950697509,,,25,0.4,0,0.0000,0.00,1.0000,0.0834,,,,,
3:58:34 PM,0,3950697514,,,30,0.5,0,0.0000,0.00,1.0000,0.0832,,,,,
3:58:39 PM,0,3950697519,,,35,0.6,0,0.0000,0.00,1.0000,0.0833,,,,,
3:58:44 PM,0,3950697524,,,40,0.7,0,0.0000,0.00,1.0000,0.0835,,,,,
3:58:49 PM,0,3950697529,,,45,0.8,0,0.0000,0.00,1.0000,0.0833,,,,,
3:58:54 PM,0,3950697534,,,50,0.8,0,0.0000,0.00,1.0000,0.0834,,,,,
3:58:59 PM,0,3950697539,,,55,0.9,0,0.0000,0.00,1.0000,0.0834,,,,,
3:59:04 PM,0,3950697544,,,60,1.0,0,0.0000,0.00,1.0000,0.0832,,,,,
3:59:09 PM,0,3950697549,,,65,1.1,0,0.0000,0.00,1.0000,0.0835,,,,,
3:59:14 PM,0,3950697554,,,70,1.2,0,0.0000,0.00,1.0000,0.0831,,,,,
3:59:19 PM,0,3950697559,,,75,1.3,0,0.0000,0.00,1.0000,0.0834,,,,,
3:59:24 PM,0,3950697564,,,80,1.3,0,0.0000,0.00,1.0000,0.0833,,,,,
3:59:29 PM,0,3950697569,,,85,1.4,0,0.0000,0.00,1.0000,0.0833,,,,,
3:59:34 PM,0,3950697574,,,90,1.5,0,0.0000,0.00,1.0000,0.0834,,,,,
3:59:39 PM,0,3950697579,,,95,1.6,0,0.0000,0.00,1.0000,0.0833,,,,,
3:59:44 PM,0,3950697584,,,100,1.7,0,0.0000,0.00,1.0000,0.0834,,,,,
3:59:49 PM,0,3950697589,,,105,1.8,0,0.0000,0.00,1.0000,0.0833,,,,,
3:59:54 PM,0,3950697594,,,110,1.8,0,0.0000,0.00,1.0000,0.0833,,,,,
3:59:59 PM,0,3950697599,,,115,1.9,0,0.0000,0.00,1.0000,0.0832,,,,,
4:00:04 PM,0,3950697604,,,120,2.0,0,0.0000,0.00,1.0000,0.0833,,,,,
4:00:09 PM,0,3950697609,,,125,2.1,0,0.0000,0.00,1.0000,0.0834,,,,,
4:00:14 PM,0,3950697614,,,130,2.2,0,0.0000,0.00,1.0000,0.0833,,,,,
4:00:19 PM,0,3950697619,,,135,2.2,0,0.0000,0.00,1.0000,0.0831,,,,,
4:00:24 PM,0,3950697624,,,140,2.3,0,0.0000,0.00,1.0000,0.0836,,,,,
4:00:29 PM,0,3950697629,,,145,2.4,0,0.0000,0.00,1.0000,0.0833,,,,,
4:00:34 PM,0,3950697634,,,150,2.5,0,0.0000,0.00,1.0000,0.0832,,,,,
4:00:39 PM,0,3950697639,,,155,2.6,0,0.0000,0.00,1.0000,0.0834,,,,,
4:00:44 PM,0,3950697644,,,160,2.7,0,0.0000,0.00,1.0000,0.0833,,,,,
4:00:49 PM,0,3950697649,,,165,2.8,0,0.0000,0.00,1.0000,0.0833,,,,,
4:00:54 PM,0,3950697654,,,170,2.8,0,0.0000,0.00,1.0000,0.0835,,,,,
4:00:59 PM,0,3950697659,,,175,2.9,0,0.0000,0.00,1.0000,0.0832,,,,,
4:01:04 PM,0,3950697664,,,180,3.0,0,0.0000,0.00,1.0000,0.0834,,,,,
4:01:09 PM,0,3950697669,,,185,3.1,0,0.0000,0.00,1.0000,0.0831,,,,,
4:01:14 PM,0,3950697674,,,190,3.2,0,0.0000,0.00,1.0000,0.0833,,,,,
4:01:19 PM,0,3950697679,,,195,3.3,0,0.0000,0.00,1.0000,0.0835,,,,,
4:01:24 PM,0,3950697684,,,200,3.3,0,0.0000,0.00,1.0000,0.0833,,,,,
4:01:29 PM,0,3950697689,,,205,3.4,0,0.0000,0.00,1.0000,0.0832,,,,,
4:01:34 PM,0,3950697694,,,210,3.5,0,0.0000,0.00,1.0000,0.0833,,,,,
4:01:39 PM,0,3950697699,,,215,3.6,0,0.0000,0.00,1.0000,0.0835,,,,,
4:01:44 PM,0,3950697704,,,220,3.7,0,0.0000,0.00,1.0000,0.0831,,,,,
4:01:49 PM,0,3950697709,,,225,3.8,0,0.0000,0.00,1.0000,0.0833,,,,,
4:01:54 PM,0,3950697714,,,230,3.8,0,0.0000,0.00,1.0000,0.0833,,,,,
4:01:59 PM,0,3950697719,,,235,3.9,0,0.0000,0.00,1.0000,0.0836,,,,,
4:02:04 PM,0,3950697724,,,240,4.0,0,0.0000,0.00,1.0000,0.0834,,,,,
4:02:09 PM,200,3950697729,,,245,4.1,200,0.0050,0.02,0.9950,0.0828,,,,,
4:02:14 PM,400,3950697734,,,250,4.2,400,0.0100,0.04,0.9900,0.0824,,,,,
4:02:19 PM,600,3950697739,,,255,4.3,600,0.0150,0.06,0.9850,0.0823,,,,,
4:02:24 PM,800,3950697744,,,260,4.3,800,0.0201,0.08,0.9799,0.0817,,,,,
4:02:29 PM,1200,3950697749,,,265,4.4,1200,0.0301,0.12,0.9699,0.0808,,,,,
4:02:34 PM,1800,3950697754,,,270,4.5,1800,0.0451,0.18,0.9549,0.0796,time,0.05,1995,0.001995,0.95
4:02:39 PM,2400,3950697759,,,275,4.6,2400,0.0602,0.24,0.9398,0.0783,4.53,0.95,0.03,,
4:02:44 PM,3200,3950697764,,,280,4.7,3200,0.0802,0.32,0.9198,0.0766,55.82,4.52,,,
4:02:49 PM,4000,3950697769,,,285,4.8,4000,0.1003,0.40,0.8997,0.0750,,,,,
4:02:54 PM,4800,3950697774,,,290,4.8,4800,0.1203,0.48,0.8797,0.0734,,,,,
4:02:59 PM,5500,3950697779,,,295,4.9,5500,0.1378,0.55,0.8622,0.0719,,,,,
4:03:04 PM,6300,3950697784,,,300,5.0,6300,0.1579,0.63,0.8421,0.0700,,,,,
4:03:09 PM,7100,3950697789,,,305,5.1,7100,0.1779,0.71,0.8221,0.0686,,,,,
4:03:14 PM,7800,3950697794,,,310,5.2,7800,0.1955,0.78,0.8045,0.0671,,,,,
4:03:19 PM,8500,3950697799,,,315,5.3,8500,0.2130,0.85,0.7870,0.0654,,,,,
4:03:24 PM,9300,3950697804,,,320,5.3,9300,0.2331,0.93,0.7669,0.0640,,,,,
4:03:29 PM,9800,3950697809,,,325,5.4,9800,0.2456,0.98,0.7544,0.0629,,,,,
4:03:34 PM,10400,3950697814,,,330,5.5,10400,0.2607,1.04,0.7393,0.0616,,,,,
4:03:39 PM,11100,3950697819,,,335,5.6,11100,0.2782,1.11,0.7218,0.0601,,,,,
4:03:44 PM,11800,3950697824,,,340,5.7,11800,0.2957,1.18,0.7043,0.0587,,,,,
4:03:49 PM,12500,3950697829,,,345,5.8,12500,0.3133,1.25,0.6867,0.0573,,,,,
4:03:54 PM,13300,3950697834,,,350,5.8,13300,0.3333,1.33,0.6667,0.0555,,,,,
4:03:59 PM,13800,3950697839,,,355,5.9,13800,0.3459,1.38,0.6541,0.0545,,,,,
4:04:04 PM,14300,3950697844,,,360,6.0,14300,0.3584,1.43,0.6416,0.0533,,,,,
4:04:09 PM,15000,3950697849,,,365,6.1,15000,0.3759,1.50,0.6241,0.0520,,,,,
4:04:14 PM,15600,3950697854,,,370,6.2,15600,0.3910,1.56,0.6090,0.0508,,,,,
4:04:19 PM,16100,3950697859,,,375,6.3,16100,0.4035,1.61,0.5965,0.0497,,,,,
4:04:24 PM,16600,3950697864,,,380,6.3,16600,0.4160,1.66,0.5840,0.0487,,,,,
4:04:29 PM,17100,3950697869,,,385,6.4,17100,0.4286,1.71,0.5714,0.0475,,,,,
4:04:34 PM,17700,3950697874,,,390,6.5,17700,0.4436,1.77,0.5564,0.0464,,,,,
4:04:39 PM,18100,3950697879,,,395,6.6,18100,0.4536,1.81,0.5464,0.0456,,,,,
4:04:44 PM,18700,3950697884,,,400,6.7,18700,0.4687,1.87,0.5313,0.0442,,,,,
4:04:49 PM,19000,3950697889,,,405,6.8,19000,0.4762,1.90,0.5238,0.0438,,,,,
4:04:54 PM,19400,3950697894,,,410,6.8,19400,0.4862,1.94,0.5138,0.0428,,,,,
4:04:59 PM,19900,3950697899,,,415,6.9,19900,0.4987,1.99,0.5013,0.0418,,,,,
4:05:04 PM,20400,3950697904,,,420,7.0,20400,0.5113,2.04,0.4887,0.0408,,,,,
4:05:09 PM,20900,3950697909,,,425,7.1,20900,0.5238,2.09,0.4762,0.0396,,,,,
4:05:14 PM,21200,3950697914,,,430,7.2,21200,0.5313,2.12,0.4687,0.0391,,,,,
4:05:19 PM,21500,3950697919,,,435,7.3,21500,0.5388,2.15,0.4612,0.0384,,,,,
4:05:24 PM,21700,3950697924,,,440,7.3,21700,0.5439,2.17,0.4561,0.0380,,,,,
4:05:29 PM,22100,3950697929,,,445,7.4,22100,0.5539,2.21,0.4461,0.0372,,,,,
4:05:34 PM,22500,3950697934,,,450,7.5,22500,0.5639,2.25,0.4361,0.0364,,,,,
4:05:39 PM,22900,3950697939,,,455,7.6,22900,0.5739,2.29,0.4261,0.0355,,,,,
4:05:44 PM,23200,3950697944,,,460,7.7,23200,0.5815,2.32,0.4185,0.0349,,,,,
4:05:49 PM,23400,3950697949,,,465,7.8,23400,0.5865,2.34,0.4135,0.0345,,,,,
4:05:54 PM,23700,3950697954,,,470,7.8,23700,0.5940,2.37,0.4060,0.0338,,,,,
4:05:59 PM,24100,3950697959,,,475,7.9,24100,0.6040,2.41,0.3960,0.0330,,,,,
4:06:04 PM,24400,3950697964,,,480,8.0,24400,0.6115,2.44,0.3885,0.0323,,,,,
4:06:09 PM,24700,3950697969,,,485,8.1,24700,0.6190,2.47,0.3810,0.0318,,,,,
4:06:14 PM,25000,3950697974,,,490,8.2,25000,0.6266,2.50,0.3734,0.0311,,,,,
4:06:19 PM,25200,3950697979,,,495,8.3,25200,0.6316,2.52,0.3684,0.0307,,,,,
4:06:24 PM,25500,3950697984,,,500,8.3,25500,0.6391,2.55,0.3609,0.0300,,,,,
4:06:29 PM,25600,3950697989,,,505,8.4,25600,0.6416,2.56,0.3584,0.0299,,,,,
4:06:34 PM,25900,3950697994,,,510,8.5,25900,0.6491,2.59,0.3509,0.0292,,,,,
4:06:39 PM,26200,3950697999,,,515,8.6,26200,0.6566,2.62,0.3434,0.0286,,,,,
4:06:44 PM,26500,3950698004,,,520,8.7,26500,0.6642,2.65,0.3358,0.0280,,,,,
4:06:49 PM,26700,3950698009,,,525,8.8,26700,0.6692,2.67,0.3308,0.0276,,,,,
4:06:54 PM,26900,3950698014,,,530,8.8,26900,0.6742,2.69,0.3258,0.0271,,,,,
4:06:59 PM,27200,3950698019,,,535,8.9,27200,0.6817,2.72,0.3183,0.0266,,,,,
4:07:04 PM,27300,3950698024,,,540,9.0,27300,0.6842,2.73,0.3158,0.0263,,,,,
4:07:09 PM,27500,3950698029,,,545,9.1,27500,0.6892,2.75,0.3108,0.0259,,,,,
4:07:14 PM,27700,3950698034,,,550,9.2,27700,0.6942,2.77,0.3058,0.0255,,,,,
4:07:19 PM,27800,3950698039,,,555,9.3,27800,0.6967,2.78,0.3033,0.0252,,,,,
4:07:24 PM,27900,3950698044,,,560,9.3,27900,0.6992,2.79,0.3008,0.0251,,,,,
4:07:29 PM,28000,3950698049,,,565,9.4,28000,0.7018,2.80,0.2982,0.0248,,,,,
4:07:34 PM,28300,3950698054,,,570,9.5,28300,0.7093,2.83,0.2907,0.0242,,,,,
4:07:39 PM,28500,3950698059,,,575,9.6,28500,0.7143,2.85,0.2857,0.0238,,,,,
4:07:44 PM,28800,3950698064,,,580,9.7,28800,0.7218,2.88,0.2782,0.0232,,,,,
4:07:49 PM,28800,3950698069,,,585,9.8,28800,0.7218,2.88,0.2782,0.0232,,,,,
4:07:54 PM,28900,3950698074,,,590,9.8,28900,0.7243,2.89,0.2757,0.0229,,,,,
4:07:59 PM,29000,3950698079,,,595,9.9,29000,0.7268,2.90,0.2732,0.0228,,,,,
4:08:04 PM,29200,3950698084,,,600,10.0,29200,0.7318,2.92,0.2682,0.0224,,,,,
4:08:09 PM,29400,3950698089,,,605,10.1,29400,0.7368,2.94,0.2632,0.0219,,,,,
4:08:14 PM,29600,3950698094,,,610,10.2,29600,0.7419,2.96,0.2581,0.0215,,,,,
4:08:19 PM,29800,3950698099,,,615,10.3,29800,0.7469,2.98,0.2531,0.0211,,,,,
4:08:24 PM,29900,3950698104,,,620,10.3,29900,0.7494,2.99,0.2506,0.0209,,,,,
4:08:29 PM,29900,3950698109,,,625,10.4,29900,0.7494,2.99,0.2506,0.0209,,,,,
4:08:34 PM,30100,3950698114,,,630,10.5,30100,0.7544,3.01,0.2456,0.0205,,,,,
4:08:39 PM,30200,3950698119,,,635,10.6,30200,0.7569,3.02,0.2431,0.0202,,,,,
4:08:44 PM,30300,3950698124,,,640,10.7,30300,0.7594,3.03,0.2406,0.0201,,,,,
4:08:49 PM,30500,3950698129,,,645,10.8,30500,0.7644,3.05,0.2356,0.0196,,,,,
4:08:54 PM,30500,3950698134,,,650,10.8,30500,0.7644,3.05,0.2356,0.0196,,,,,
4:08:59 PM,30500,3950698139,,,655,10.9,30500,0.7644,3.05,0.2356,0.0196,,,,,
4:09:04 PM,30700,3950698144,,,660,11.0,30700,0.7694,3.07,0.2306,0.0192,,,,,
4:09:09 PM,30600,3950698149,,,665,11.1,30600,0.7669,3.06,0.2331,0.0194,,,,,
4:09:14 PM,30900,3950698154,,,670,11.2,30900,0.7744,3.09,0.2256,0.0188,,,,,
4:09:19 PM,31100,3950698159,,,675,11.3,31100,0.7794,3.11,0.2206,0.0184,,,,,
4:09:24 PM,31300,3950698164,,,680,11.3,31300,0.7845,3.13,0.2155,0.0180,,,,,
4:09:29 PM,31200,3950698169,,,685,11.4,31200,0.7820,3.12,0.2180,0.0181,,,,,
4:09:34 PM,31200,3950698174,,,690,11.5,31200,0.7820,3.12,0.2180,0.0182,,,,,
4:09:39 PM,31400,3950698179,,,695,11.6,31400,0.7870,3.14,0.2130,0.0178,,,,,
4:09:44 PM,31500,3950698184,,,700,11.7,31500,0.7895,3.15,0.2105,0.0175,,,,,
4:09:49 PM,31500,3950698189,,,705,11.8,31500,0.7895,3.15,0.2105,0.0176,,,,,
4:09:54 PM,31600,3950698194,,,710,11.8,31600,0.7920,3.16,0.2080,0.0174,,,,,
4:09:59 PM,31600,3950698199,,,715,11.9,31600,0.7920,3.16,0.2080,0.0173,,,,,
4:10:04 PM,31900,3950698204,,,720,12.0,31900,0.7995,3.19,0.2005,0.0167,,,,,
4:10:09 PM,32000,3950698209,,,725,12.1,32000,0.8020,3.20,0.1980,0.0165,,,,,
4:10:14 PM,31900,3950698214,,,730,12.2,31900,0.7995,3.19,0.2005,0.0167,,,,,
4:10:19 PM,32000,3950698219,,,735,12.3,32000,0.8020,3.20,0.1980,0.0165,,,,,
4:10:24 PM,32200,3950698224,,,740,12.3,32200,0.8070,3.22,0.1930,0.0161,,,,,
4:10:29 PM,32200,3950698229,,,745,12.4,32200,0.8070,3.22,0.1930,0.0161,,,,,
4:10:34 PM,32300,3950698234,,,750,12.5,32300,0.8095,3.23,0.1905,0.0158,,,,,
4:10:39 PM,32300,3950698239,,,755,12.6,32300,0.8095,3.23,0.1905,0.0159,,,,,
4:10:44 PM,32300,3950698244,,,760,12.7,32300,0.8095,3.23,0.1905,0.0159,,,,,
4:10:49 PM,32500,3950698249,,,765,12.8,32500,0.8145,3.25,0.1855,0.0154,,,,,
4:10:54 PM,32400,3950698254,,,770,12.8,32400,0.8120,3.24,0.1880,0.0157,,,,,
4:10:59 PM,32300,3950698259,,,775,12.9,32300,0.8095,3.23,0.1905,0.0159,,,,,
4:11:04 PM,32600,3950698264,,,780,13.0,32600,0.8170,3.26,0.1830,0.0152,,,,,
4:11:09 PM,32600,3950698269,,,785,13.1,32600,0.8170,3.26,0.1830,0.0152,,,,,
4:11:14 PM,32600,3950698274,,,790,13.2,32600,0.8170,3.26,0.1830,0.0152,,,,,
4:11:19 PM,32800,3950698279,,,795,13.3,32800,0.8221,3.28,0.1779,0.0148,,,,,
4:11:24 PM,32800,3950698284,,,800,13.3,32800,0.8221,3.28,0.1779,0.0148,,,,,
4:11:29 PM,32800,3950698289,,,805,13.4,32800,0.8221,3.28,0.1779,0.0148,,,,,
4:11:34 PM,33000,3950698294,,,810,13.5,33000,0.8271,3.30,0.1729,0.0144,,,,,
4:11:39 PM,32900,3950698299,,,815,13.6,32900,0.8246,3.29,0.1754,0.0146,,,,,
4:11:44 PM,32900,3950698304,,,820,13.7,32900,0.8246,3.29,0.1754,0.0146,,,,,
4:11:49 PM,33000,3950698309,,,825,13.8,33000,0.8271,3.30,0.1729,0.0144,,,,,
4:11:54 PM,33100,3950698314,,,830,13.8,33100,0.8296,3.31,0.1704,0.0142,,,,,
4:11:59 PM,33200,3950698319,,,835,13.9,33200,0.8321,3.32,0.1679,0.0140,,,,,
4:12:04 PM,33300,3950698324,,,840,14.0,33300,0.8346,3.33,0.1654,0.0138,,,,,
4:12:09 PM,33200,3950698329,,,845,14.1,33200,0.8321,3.32,0.1679,0.0140,,,,,
4:12:14 PM,33200,3950698334,,,850,14.2,33200,0.8321,3.32,0.1679,0.0140,,,,,
4:12:19 PM,33300,3950698339,,,855,14.3,33300,0.8346,3.33,0.1654,0.0138,,,,,
4:12:24 PM,33500,3950698344,,,860,14.3,33500,0.8396,3.35,0.1604,0.0133,,,,,
4:12:29 PM,33300,3950698349,,,865,14.4,33300,0.8346,3.33,0.1654,0.0138,,,,,
4:12:34 PM,33300,3950698354,,,870,14.5,33300,0.8346,3.33,0.1654,0.0138,,,,,
4:12:39 PM,33500,3950698359,,,875,14.6,33500,0.8396,3.35,0.1604,0.0134,,,,,
4:12:44 PM,33600,3950698364,,,880,14.7,33600,0.8421,3.36,0.1579,0.0132,,,,,
4:12:49 PM,33500,3950698369,,,885,14.8,33500,0.8396,3.35,0.1604,0.0134,,,,,
4:12:54 PM,33500,3950698374,,,890,14.8,33500,0.8396,3.35,0.1604,0.0134,,,,,
4:12:59 PM,33600,3950698379,,,895,14.9,33600,0.8421,3.36,0.1579,0.0131,,,,,
4:13:04 PM,33800,3950698384,,,900,15.0,33800,0.8471,3.38,0.1529,0.0127,,,,,
4:13:09 PM,33800,3950698389,,,905,15.1,33800,0.8471,3.38,0.1529,0.0128,,,,,
4:13:14 PM,33700,3950698394,,,910,15.2,33700,0.8446,3.37,0.1554,0.0129,,,,,
4:13:19 PM,33600,3950698399,,,915,15.3,33600,0.8421,3.36,0.1579,0.0132,,,,,
4:13:24 PM,33700,3950698404,,,920,15.3,33700,0.8446,3.37,0.1554,0.0130,,,,,
4:13:29 PM,33800,3950698409,,,925,15.4,33800,0.8471,3.38,0.1529,0.0127,,,,,
4:13:34 PM,33800,3950698414,,,930,15.5,33800,0.8471,3.38,0.1529,0.0127,,,,,
4:13:39 PM,33800,3950698419,,,935,15.6,33800,0.8471,3.38,0.1529,0.0127,,,,,
4:13:44 PM,33900,3950698424,,,940,15.7,33900,0.8496,3.39,0.1504,0.0125,,,,,
4:13:49 PM,33800,3950698429,,,945,15.8,33800,0.8471,3.38,0.1529,0.0127,,,,,
4:13:54 PM,34000,3950698434,,,950,15.8,34000,0.8521,3.40,0.1479,0.0123,,,,,
4:13:59 PM,34000,3950698439,,,955,15.9,34000,0.8521,3.40,0.1479,0.0123,,,,,
4:14:04 PM,34000,3950698444,,,960,16.0,34000,0.8521,3.40,0.1479,0.0123,,,,,
4:14:09 PM,34000,3950698449,,,965,16.1,34000,0.8521,3.40,0.1479,0.0123,,,,,
4:14:14 PM,34000,3950698454,,,970,16.2,34000,0.8521,3.40,0.1479,0.0123,,,,,
4:14:19 PM,34100,3950698459,,,975,16.3,34100,0.8546,3.41,0.1454,0.0121,,,,,
4:14:24 PM,34100,3950698464,,,980,16.3,34100,0.8546,3.41,0.1454,0.0121,,,,,
4:14:29 PM,34300,3950698469,,,985,16.4,34300,0.8596,3.43,0.1404,0.0117,,,,,
4:14:34 PM,34300,3950698474,,,990,16.5,34300,0.8596,3.43,0.1404,0.0117,,,,,
4:14:39 PM,34200,3950698479,,,995,16.6,34200,0.8571,3.42,0.1429,0.0119,,,,,
4:14:44 PM,34400,3950698484,,,1000,16.7,34400,0.8622,3.44,0.1378,0.0115,,,,,
4:14:49 PM,34500,3950698489,,,1005,16.8,34500,0.8647,3.45,0.1353,0.0113,,,,,
4:14:54 PM,34500,3950698494,,,1010,16.8,34500,0.8647,3.45,0.1353,0.0113,,,,,
4:14:59 PM,34300,3950698499,,,1015,16.9,34300,0.8596,3.43,0.1404,0.0117,,,,,
4:15:04 PM,34400,3950698504,,,1020,17.0,34400,0.8622,3.44,0.1378,0.0115,,,,,
4:15:09 PM,34300,3950698509,,,1025,17.1,34300,0.8596,3.43,0.1404,0.0117,,,,,
4:15:14 PM,34300,3950698514,,,1030,17.2,34300,0.8596,3.43,0.1404,0.0117,,,,,
4:15:19 PM,34400,3950698519,,,1035,17.3,34400,0.8622,3.44,0.1378,0.0115,,,,,
4:15:24 PM,34300,3950698524,,,1040,17.3,34300,0.8596,3.43,0.1404,0.0117,,,,,
4:15:29 PM,34400,3950698529,,,1045,17.4,34400,0.8622,3.44,0.1378,0.0115,,,,,
4:15:34 PM,34300,3950698534,,,1050,17.5,34300,0.8596,3.43,0.1404,0.0117,,,,,
4:15:39 PM,34500,3950698539,,,1055,17.6,34500,0.8647,3.45,0.1353,0.0113,,,,,
4:15:44 PM,34200,3950698544,,,1060,17.7,34200,0.8571,3.42,0.1429,0.0119,,,,,
4:15:49 PM,34300,3950698549,,,1065,17.8,34300,0.8596,3.43,0.1404,0.0117,,,,,
4:15:54 PM,34300,3950698554,,,1070,17.8,34300,0.8596,3.43,0.1404,0.0117,,,,,
4:15:59 PM,34300,3950698559,,,1075,17.9,34300,0.8596,3.43,0.1404,0.0117,,,,,
4:16:04 PM,34400,3950698564,,,1080,18.0,34400,0.8622,3.44,0.1378,0.0115,,,,,
4:16:09 PM,34500,3950698569,,,1085,18.1,34500,0.8647,3.45,0.1353,0.0113,,,,,
4:16:14 PM,34600,3950698574,,,1090,18.2,34600,0.8672,3.46,0.1328,0.0111,,,,,
4:16:19 PM,34600,3950698579,,,1095,18.3,34600,0.8672,3.46,0.1328,0.0111,,,,,
4:16:24 PM,34600,3950698584,,,1100,18.3,34600,0.8672,3.46,0.1328,0.0111,,,,,
4:16:29 PM,34600,3950698589,,,1105,18.4,34600,0.8672,3.46,0.1328,0.0111,,,,,
4:16:34 PM,34600,3950698594,,,1110,18.5,34600,0.8672,3.46,0.1328,0.0111,time,0.95,37905,0.037905,0.05
4:16:39 PM,34700,3950698599,,,1115,18.6,34700,0.8697,3.47,0.1303,0.0108,21.25071085,0.05,0.137515543,,
4:16:44 PM,34600,3950698604,,,1120,18.7,34600,0.8672,3.46,0.1328,0.0111,33.84448622,8.913014082,,,
4:16:49 PM,34600,3950698609,,,1125,18.8,34600,0.8672,3.46,0.1328,0.0111,,,,,
4:16:54 PM,34700,3950698614,,,1130,18.8,34700,0.8697,3.47,0.1303,0.0109,,,,,
4:16:59 PM,34800,3950698619,,,1135,18.9,34800,0.8722,3.48,0.1278,0.0106,,,,,
4:17:04 PM,34700,3950698624,,,1140,19.0,34700,0.8697,3.47,0.1303,0.0109,,,,,
4:17:09 PM,34800,3950698629,,,1145,19.1,34800,0.8722,3.48,0.1278,0.0106,,,,,
4:17:14 PM,34800,3950698634,,,1150,19.2,34800,0.8722,3.48,0.1278,0.0106,,,,,
4:17:19 PM,34800,3950698639,,,1155,19.3,34800,0.8722,3.48,0.1278,0.0107,,,,,
4:17:24 PM,34800,3950698644,,,1160,19.3,34800,0.8722,3.48,0.1278,0.0107,,,,,
4:17:29 PM,34700,3950698649,,,1165,19.4,34700,0.8697,3.47,0.1303,0.0108,,,,,
4:17:34 PM,34900,3950698654,,,1170,19.5,34900,0.8747,3.49,0.1253,0.0105,,,,,
4:17:39 PM,34800,3950698659,,,1175,19.6,34800,0.8722,3.48,0.1278,0.0107,,,,,
4:17:44 PM,34800,3950698664,,,1180,19.7,34800,0.8722,3.48,0.1278,0.0106,,,,,
4:17:49 PM,34900,3950698669,,,1185,19.8,34900,0.8747,3.49,0.1253,0.0104,,,,,
4:17:54 PM,35000,3950698674,,,1190,19.8,35000,0.8772,3.50,0.1228,0.0102,,,,,
4:17:59 PM,34900,3950698679,,,1195,19.9,34900,0.8747,3.49,0.1253,0.0105,,,,,
4:18:04 PM,35000,3950698684,,,1200,20.0,35000,0.8772,3.50,0.1228,0.0102,,,,,
4:18:09 PM,35000,3950698689,,,1205,20.1,35000,0.8772,3.50,0.1228,0.0102,,,,,
4:18:14 PM,35000,3950698694,,,1210,20.2,35000,0.8772,3.50,0.1228,0.0102,,,,,
4:18:19 PM,35000,3950698699,,,1215,20.3,35000,0.8772,3.50,0.1228,0.0102,,,,,
4:18:24 PM,35000,3950698704,,,1220,20.3,35000,0.8772,3.50,0.1228,0.0102,,,,,
4:18:29 PM,35000,3950698709,,,1225,20.4,35000,0.8772,3.50,0.1228,0.0102,,,,,
4:18:34 PM,35000,3950698714,,,1230,20.5,35000,0.8772,3.50,0.1228,0.0102,,,,,
4:18:39 PM,34800,3950698719,,,1235,20.6,34800,0.8722,3.48,0.1278,0.0107,,,,,
4:18:44 PM,34800,3950698724,,,1240,20.7,34800,0.8722,3.48,0.1278,0.0107,,,,,
4:18:49 PM,34800,3950698729,,,1245,20.8,34800,0.8722,3.48,0.1278,0.0107,,,,,
4:18:54 PM,35000,3950698734,,,1250,20.8,35000,0.8772,3.50,0.1228,0.0102,,,,,
4:18:59 PM,35100,3950698739,,,1255,20.9,35100,0.8797,3.51,0.1203,0.0100,,,,,
4:19:04 PM,35300,3950698744,,,1260,21.0,35300,0.8847,3.53,0.1153,0.0096,,,,,
4:19:09 PM,34800,3950698749,,,1265,21.1,34800,0.8722,3.48,0.1278,0.0106,,,,,
4:19:14 PM,34800,3950698754,,,1270,21.2,34800,0.8722,3.48,0.1278,0.0107,,,,,
4:19:19 PM,35100,3950698759,,,1275,21.3,35100,0.8797,3.51,0.1203,0.0100,,,,,
4:19:24 PM,35100,3950698764,,,1280,21.3,35100,0.8797,3.51,0.1203,0.0100,,,,,
4:19:29 PM,35100,3950698769,,,1285,21.4,35100,0.8797,3.51,0.1203,0.0100,,,,,
4:19:34 PM,35000,3950698774,,,1290,21.5,35000,0.8772,3.50,0.1228,0.0102,,,,,
4:19:39 PM,35100,3950698779,,,1295,21.6,35100,0.8797,3.51,0.1203,0.0100,,,,,
4:19:44 PM,35100,3950698784,,,1300,21.7,35100,0.8797,3.51,0.1203,0.0100,,,,,
4:19:49 PM,35000,3950698789,,,1305,21.8,35000,0.8772,3.50,0.1228,0.0102,,,,,
4:19:54 PM,35000,3950698794,,,1310,21.8,35000,0.8772,3.50,0.1228,0.0102,,,,,
4:19:59 PM,35000,3950698799,,,1315,21.9,35000,0.8772,3.50,0.1228,0.0102,,,,,
4:20:04 PM,35100,3950698804,,,1320,22.0,35100,0.8797,3.51,0.1203,0.0100,,,,,
4:20:09 PM,35100,3950698809,,,1325,22.1,35100,0.8797,3.51,0.1203,0.0100,,,,,
4:20:14 PM,35200,3950698814,,,1330,22.2,35200,0.8822,3.52,0.1178,0.0098,,,,,
4:20:19 PM,35000,3950698819,,,1335,22.3,35000,0.8772,3.50,0.1228,0.0102,,,,,
4:20:24 PM,35100,3950698824,,,1340,22.3,35100,0.8797,3.51,0.1203,0.0100,,,,,
4:20:29 PM,35100,3950698829,,,1345,22.4,35100,0.8797,3.51,0.1203,0.0100,,,,,
4:20:34 PM,35300,3950698834,,,1350,22.5,35300,0.8847,3.53,0.1153,0.0096,,,,,
4:20:39 PM,35300,3950698839,,,1355,22.6,35300,0.8847,3.53,0.1153,0.0096,,,,,
4:20:44 PM,35000,3950698844,,,1360,22.7,35000,0.8772,3.50,0.1228,0.0102,,,,,
4:20:49 PM,35100,3950698849,,,1365,22.8,35100,0.8797,3.51,0.1203,0.0100,,,,,
4:20:54 PM,35000,3950698854,,,1370,22.8,35000,0.8772,3.50,0.1228,0.0102,,,,,
4:20:59 PM,35100,3950698859,,,1375,22.9,35100,0.8797,3.51,0.1203,0.0100,,,,,
4:21:04 PM,35300,3950698864,,,1380,23.0,35300,0.8847,3.53,0.1153,0.0096,,,,,
4:21:09 PM,35200,3950698869,,,1385,23.1,35200,0.8822,3.52,0.1178,0.0098,,,,,
4:21:14 PM,35300,3950698874,,,1390,23.2,35300,0.8847,3.53,0.1153,0.0096,,,,,
4:21:19 PM,35100,3950698879,,,1395,23.3,35100,0.8797,3.51,0.1203,0.0100,,,,,
4:21:24 PM,35300,3950698884,,,1400,23.3,35300,0.8847,3.53,0.1153,0.0096,,,,,
4:21:29 PM,35300,3950698889,,,1405,23.4,35300,0.8847,3.53,0.1153,0.0096,,,,,
4:21:34 PM,35200,3950698894,,,1410,23.5,35200,0.8822,3.52,0.1178,0.0098,,,,,
4:21:39 PM,35300,3950698899,,,1415,23.6,35300,0.8847,3.53,0.1153,0.0096,,,,,
4:21:44 PM,35200,3950698904,,,1420,23.7,35200,0.8822,3.52,0.1178,0.0098,,,,,
4:21:49 PM,35300,3950698909,,,1425,23.8,35300,0.8847,3.53,0.1153,0.0096,,,,,
4:21:54 PM,35300,3950698914,,,1430,23.8,35300,0.8847,3.53,0.1153,0.0096,,,,,
4:21:59 PM,35300,3950698919,,,1435,23.9,35300,0.8847,3.53,0.1153,0.0096,,,,,
4:22:04 PM,35300,3950698924,,,1440,24.0,35300,0.8847,3.53,0.1153,0.0096,,,,,
4:22:09 PM,35300,3950698929,,,1445,24.1,35300,0.8847,3.53,0.1153,0.0096,,,,,
4:22:14 PM,35200,3950698934,,,1450,24.2,35200,0.8822,3.52,0.1178,0.0098,,,,,
4:22:19 PM,35300,3950698939,,,1455,24.3,35300,0.8847,3.53,0.1153,0.0096,,,,,
4:22:24 PM,35300,3950698944,,,1460,24.3,35300,0.8847,3.53,0.1153,0.0096,,,,,
4:22:29 PM,35300,3950698949,,,1465,24.4,35300,0.8847,3.53,0.1153,0.0096,,,,,
4:22:34 PM,35400,3950698954,,,1470,24.5,35400,0.8872,3.54,0.1128,0.0094,,,,,
4:22:39 PM,35300,3950698959,,,1475,24.6,35300,0.8847,3.53,0.1153,0.0096,,,,,
4:22:44 PM,35400,3950698964,,,1480,24.7,35400,0.8872,3.54,0.1128,0.0094,,,,,
4:22:49 PM,35500,3950698969,,,1485,24.8,35500,0.8897,3.55,0.1103,0.0092,,,,,
4:22:54 PM,35300,3950698974,,,1490,24.8,35300,0.8847,3.53,0.1153,0.0096,,,,,
4:22:59 PM,35400,3950698979,,,1495,24.9,35400,0.8872,3.54,0.1128,0.0094,,,,,
4:23:04 PM,35400,3950698984,,,1500,25.0,35400,0.8872,3.54,0.1128,0.0094,,,,,
4:23:09 PM,35300,3950698989,,,1505,25.1,35300,0.8847,3.53,0.1153,0.0096,,,,,
4:23:14 PM,35200,3950698994,,,1510,25.2,35200,0.8822,3.52,0.1178,0.0098,,,,,
4:23:19 PM,35300,3950698999,,,1515,25.3,35300,0.8847,3.53,0.1153,0.0096,,,,,
4:23:24 PM,35400,3950699004,,,1520,25.3,35400,0.8872,3.54,0.1128,0.0094,,,,,
4:23:29 PM,35300,3950699009,,,1525,25.4,35300,0.8847,3.53,0.1153,0.0096,,,,,
4:23:34 PM,35200,3950699014,,,1530,25.5,35200,0.8822,3.52,0.1178,0.0098,,,,,
4:23:39 PM,35400,3950699019,,,1535,25.6,35400,0.8872,3.54,0.1128,0.0094,,,,,
4:23:44 PM,35300,3950699024,,,1540,25.7,35300,0.8847,3.53,0.1153,0.0096,,,,,
4:23:49 PM,35300,3950699029,,,1545,25.8,35300,0.8847,3.53,0.1153,0.0096,,,,,
4:23:54 PM,35500,3950699034,,,1550,25.8,35500,0.8897,3.55,0.1103,0.0092,,,,,
4:23:59 PM,35300,3950699039,,,1555,25.9,35300,0.8847,3.53,0.1153,0.0096,,,,,
4:24:04 PM,35200,3950699044,,,1560,26.0,35200,0.8822,3.52,0.1178,0.0098,,,,,
4:24:09 PM,35300,3950699049,,,1565,26.1,35300,0.8847,3.53,0.1153,0.0096,,,,,
4:24:14 PM,35300,3950699054,,,1570,26.2,35300,0.8847,3.53,0.1153,0.0096,,,,,
4:24:19 PM,35300,3950699059,,,1575,26.3,35300,0.8847,3.53,0.1153,0.0096,,,,,
4:24:24 PM,35300,3950699064,,,1580,26.3,35300,0.8847,3.53,0.1153,0.0096,,,,,
4:24:29 PM,35400,3950699069,,,1585,26.4,35400,0.8872,3.54,0.1128,0.0094,,,,,
4:24:34 PM,35500,3950699074,,,1590,26.5,35500,0.8897,3.55,0.1103,0.0092,,,,,
4:24:39 PM,35400,3950699079,,,1595,26.6,35400,0.8872,3.54,0.1128,0.0094,,,,,
4:24:44 PM,35300,3950699084,,,1600,26.7,35300,0.8847,3.53,0.1153,0.0096,,,,,
4:24:49 PM,35400,3950699089,,,1605,26.8,35400,0.8872,3.54,0.1128,0.0094,,,,,
4:24:54 PM,35600,3950699094,,,1610,26.8,35600,0.8922,3.56,0.1078,0.0090,,,,,
4:24:59 PM,35400,3950699099,,,1615,26.9,35400,0.8872,3.54,0.1128,0.0094,,,,,
4:25:04 PM,35500,3950699104,,,1620,27.0,35500,0.8897,3.55,0.1103,0.0092,,,,,
4:25:09 PM,35500,3950699109,,,1625,27.1,35500,0.8897,3.55,0.1103,0.0092,,,,,
4:25:14 PM,35500,3950699114,,,1630,27.2,35500,0.8897,3.55,0.1103,0.0092,,,,,
4:25:19 PM,35400,3950699119,,,1635,27.3,35400,0.8872,3.54,0.1128,0.0094,,,,,
4:25:24 PM,35300,3950699124,,,1640,27.3,35300,0.8847,3.53,0.1153,0.0096,,,,,
4:25:29 PM,35500,3950699129,,,1645,27.4,35500,0.8897,3.55,0.1103,0.0092,,,,,
4:25:34 PM,35400,3950699134,,,1650,27.5,35400,0.8872,3.54,0.1128,0.0094,,,,,
4:25:39 PM,35500,3950699139,,,1655,27.6,35500,0.8897,3.55,0.1103,0.0092,,,,,
4:25:44 PM,35600,3950699144,,,1660,27.7,35600,0.8922,3.56,0.1078,0.0090,,,,,
4:25:49 PM,35500,3950699149,,,1665,27.8,35500,0.8897,3.55,0.1103,0.0092,,,,,
4:25:54 PM,35400,3950699154,,,1670,27.8,35400,0.8872,3.54,0.1128,0.0094,,,,,
4:25:59 PM,35300,3950699159,,,1675,27.9,35300,0.8847,3.53,0.1153,0.0096,,,,,
4:26:04 PM,35400,3950699164,,,1680,28.0,35400,0.8872,3.54,0.1128,0.0094,,,,,
4:26:09 PM,35400,3950699169,,,1685,28.1,35400,0.8872,3.54,0.1128,0.0094,,,,,
4:26:14 PM,35300,3950699174,,,1690,28.2,35300,0.8847,3.53,0.1153,0.0096,,,,,
4:26:19 PM,35500,3950699179,,,1695,28.3,35500,0.8897,3.55,0.1103,0.0092,,,,,
4:26:24 PM,35500,3950699184,,,1700,28.3,35500,0.8897,3.55,0.1103,0.0092,,,,,
4:26:29 PM,35500,3950699189,,,1705,28.4,35500,0.8897,3.55,0.1103,0.0092,,,,,
4:26:34 PM,35500,3950699194,,,1710,28.5,35500,0.8897,3.55,0.1103,0.0092,,,,,
4:26:39 PM,35500,3950699199,,,1715,28.6,35500,0.8897,3.55,0.1103,0.0092,,,,,
4:26:44 PM,35600,3950699204,,,1720,28.7,35600,0.8922,3.56,0.1078,0.0090,,,,,
4:26:49 PM,35500,3950699209,,,1725,28.8,35500,0.8897,3.55,0.1103,0.0092,,,,,
4:26:54 PM,35400,3950699214,,,1730,28.8,35400,0.8872,3.54,0.1128,0.0094,,,,,
4:26:59 PM,35600,3950699219,,,1735,28.9,35600,0.8922,3.56,0.1078,0.0090,,,,,
4:27:04 PM,35600,3950699224,,,1740,29.0,35600,0.8922,3.56,0.1078,0.0090,,,,,
4:27:09 PM,35500,3950699229,,,1745,29.1,35500,0.8897,3.55,0.1103,0.0092,,,,,
4:27:14 PM,35400,3950699234,,,1750,29.2,35400,0.8872,3.54,0.1128,0.0094,,,,,
4:27:19 PM,35700,3950699239,,,1755,29.3,35700,0.8947,3.57,0.1053,0.0088,,,,,
4:27:24 PM,35500,3950699244,,,1760,29.3,35500,0.8897,3.55,0.1103,0.0092,,,,,
4:27:29 PM,35600,3950699249,,,1765,29.4,35600,0.8922,3.56,0.1078,0.0090,,,,,
4:27:34 PM,35600,3950699254,,,1770,29.5,35600,0.8922,3.56,0.1078,0.0090,,,,,
4:27:39 PM,35600,3950699259,,,1775,29.6,35600,0.8922,3.56,0.1078,0.0090,,,,,
4:27:44 PM,35700,3950699264,,,1780,29.7,35700,0.8947,3.57,0.1053,0.0088,,,,,
4:27:49 PM,35500,3950699269,,,1785,29.8,35500,0.8897,3.55,0.1103,0.0092,,,,,
4:27:54 PM,35600,3950699274,,,1790,29.8,35600,0.8922,3.56,0.1078,0.0090,,,,,
4:27:59 PM,35700,3950699279,,,1795,29.9,35700,0.8947,3.57,0.1053,0.0088,,,,,
4:28:04 PM,35700,3950699284,,,1800,30.0,35700,0.8947,3.57,0.1053,0.0088,,,,,
4:28:09 PM,35600,3950699289,,,1805,30.1,35600,0.8922,3.56,0.1078,0.0090,,,,,
4:28:14 PM,35600,3950699294,,,1810,30.2,35600,0.8922,3.56,0.1078,0.0090,,,,,
4:28:19 PM,35800,3950699299,,,1815,30.3,35800,0.8972,3.58,0.1028,0.0086,,,,,
4:28:24 PM,35800,3950699304,,,1820,30.3,35800,0.8972,3.58,0.1028,0.0086,,,,,
4:28:29 PM,35600,3950699309,,,1825,30.4,35600,0.8922,3.56,0.1078,0.0090,,,,,
4:28:34 PM,35800,3950699314,,,1830,30.5,35800,0.8972,3.58,0.1028,0.0086,,,,,
4:28:39 PM,35600,3950699319,,,1835,30.6,35600,0.8922,3.56,0.1078,0.0090,,,,,
4:28:44 PM,35700,3950699324,,,1840,30.7,35700,0.8947,3.57,0.1053,0.0088,,,,,
4:28:49 PM,35600,3950699329,,,1845,30.8,35600,0.8922,3.56,0.1078,0.0090,,,,,
4:28:54 PM,35600,3950699334,,,1850,30.8,35600,0.8922,3.56,0.1078,0.0090,,,,,
4:28:59 PM,35600,3950699339,,,1855,30.9,35600,0.8922,3.56,0.1078,0.0090,,,,,
4:29:04 PM,35600,3950699344,,,1860,31.0,35600,0.8922,3.56,0.1078,0.0090,,,,,
4:29:09 PM,35600,3950699349,,,1865,31.1,35600,0.8922,3.56,0.1078,0.0090,,,,,
4:29:14 PM,35600,3950699354,,,1870,31.2,35600,0.8922,3.56,0.1078,0.0090,,,,,
4:29:19 PM,35600,3950699359,,,1875,31.3,35600,0.8922,3.56,0.1078,0.0090,,,,,
4:29:24 PM,35600,3950699364,,,1880,31.3,35600,0.8922,3.56,0.1078,0.0090,,,,,
4:29:29 PM,35500,3950699369,,,1885,31.4,35500,0.8897,3.55,0.1103,0.0092,,,,,
4:29:34 PM,35500,3950699374,,,1890,31.5,35500,0.8897,3.55,0.1103,0.0092,,,,,
4:29:39 PM,35400,3950699379,,,1895,31.6,35400,0.8872,3.54,0.1128,0.0094,,,,,
4:29:44 PM,35600,3950699384,,,1900,31.7,35600,0.8922,3.56,0.1078,0.0090,,,,,
4:29:49 PM,35600,3950699389,,,1905,31.8,35600,0.8922,3.56,0.1078,0.0090,,,,,
4:29:54 PM,35700,3950699394,,,1910,31.8,35700,0.8947,3.57,0.1053,0.0088,,,,,
4:29:59 PM,35600,3950699399,,,1915,31.9,35600,0.8922,3.56,0.1078,0.0090,,,,,
4:30:04 PM,35500,3950699404,,,1920,32.0,35500,0.8897,3.55,0.1103,0.0092,,,,,
4:30:09 PM,35700,3950699409,,,1925,32.1,35700,0.8947,3.57,0.1053,0.0088,,,,,
4:30:14 PM,35500,3950699414,,,1930,32.2,35500,0.8897,3.55,0.1103,0.0092,,,,,
4:30:19 PM,35600,3950699419,,,1935,32.3,35600,0.8922,3.56,0.1078,0.0090,,,,,
4:30:24 PM,35800,3950699424,,,1940,32.3,35800,0.8972,3.58,0.1028,0.0086,,,,,
4:30:29 PM,35600,3950699429,,,1945,32.4,35600,0.8922,3.56,0.1078,0.0090,,,,,
4:30:34 PM,35600,3950699434,,,1950,32.5,35600,0.8922,3.56,0.1078,0.0090,,,,,
4:30:39 PM,35600,3950699439,,,1955,32.6,35600,0.8922,3.56,0.1078,0.0090,,,,,
4:30:44 PM,35600,3950699444,,,1960,32.7,35600,0.8922,3.56,0.1078,0.0090,,,,,
4:30:49 PM,35600,3950699449,,,1965,32.8,35600,0.8922,3.56,0.1078,0.0090,,,,,
4:30:54 PM,35600,3950699454,,,1970,32.8,35600,0.8922,3.56,0.1078,0.0090,,,,,
4:30:59 PM,35600,3950699459,,,1975,32.9,35600,0.8922,3.56,0.1078,0.0090,,,,,
4:31:04 PM,35600,3950699464,,,1980,33.0,35600,0.8922,3.56,0.1078,0.0090,,,,,
4:31:09 PM,35600,3950699469,,,1985,33.1,35600,0.8922,3.56,0.1078,0.0090,,,,,
4:31:14 PM,35800,3950699474,,,1990,33.2,35800,0.8972,3.58,0.1028,0.0086,,,,,
4:31:19 PM,35600,3950699479,,,1995,33.3,35600,0.8922,3.56,0.1078,0.0090,,,,,
4:31:24 PM,35600,3950699484,,,2000,33.3,35600,0.8922,3.56,0.1078,0.0090,,,,,
4:31:29 PM,35500,3950699489,,,2005,33.4,35500,0.8897,3.55,0.1103,0.0092,,,,,
4:31:34 PM,35600,3950699494,,,2010,33.5,35600,0.8922,3.56,0.1078,0.0090,,,,,
4:31:39 PM,35600,3950699499,,,2015,33.6,35600,0.8922,3.56,0.1078,0.0090,,,,,
4:31:44 PM,35600,3950699504,,,2020,33.7,35600,0.8922,3.56,0.1078,0.0090,,,,,
4:31:49 PM,35600,3950699509,,,2025,33.8,35600,0.8922,3.56,0.1078,0.0090,,,,,
4:31:54 PM,35600,3950699514,,,2030,33.8,35600,0.8922,3.56,0.1078,0.0090,,,,,
4:31:59 PM,35700,3950699519,,,2035,33.9,35700,0.8947,3.57,0.1053,0.0088,,,,,
4:32:04 PM,35600,3950699524,,,2040,34.0,35600,0.8922,3.56,0.1078,0.0090,,,,,
4:32:09 PM,35800,3950699529,,,2045,34.1,35800,0.8972,3.58,0.1028,0.0086,,,,,
4:32:14 PM,35800,3950699534,,,2050,34.2,35800,0.8972,3.58,0.1028,0.0086,,,,,
4:32:19 PM,35600,3950699539,,,2055,34.3,35600,0.8922,3.56,0.1078,0.0090,,,,,
4:32:24 PM,35600,3950699544,,,2060,34.3,35600,0.8922,3.56,0.1078,0.0090,,,,,
4:32:29 PM,35600,3950699549,,,2065,34.4,35600,0.8922,3.56,0.1078,0.0090,,,,,
4:32:34 PM,35500,3950699554,,,2070,34.5,35500,0.8897,3.55,0.1103,0.0092,,,,,
4:32:39 PM,35600,3950699559,,,2075,34.6,35600,0.8922,3.56,0.1078,0.0090,,,,,
4:32:44 PM,35800,3950699564,,,2080,34.7,35800,0.8972,3.58,0.1028,0.0086,,,,,
4:32:49 PM,36100,3950699569,,,2085,34.8,36100,0.9048,3.61,0.0952,0.0079,,,,,
4:32:54 PM,36200,3950699574,,,2090,34.8,36200,0.9073,3.62,0.0927,0.0077,,,,,
4:32:59 PM,36000,3950699579,,,2095,34.9,36000,0.9023,3.60,0.0977,0.0082,,,,,
4:33:04 PM,35800,3950699584,,,2100,35.0,35800,0.8972,3.58,0.1028,0.0086,,,,,
4:33:09 PM,35700,3950699589,,,2105,35.1,35700,0.8947,3.57,0.1053,0.0088,,,,,
4:33:14 PM,35800,3950699594,,,2110,35.2,35800,0.8972,3.58,0.1028,0.0086,,,,,
4:33:19 PM,35600,3950699599,,,2115,35.3,35600,0.8922,3.56,0.1078,0.0090,,,,,
4:33:24 PM,35800,3950699604,,,2120,35.3,35800,0.8972,3.58,0.1028,0.0086,,,,,
4:33:29 PM,35800,3950699609,,,2125,35.4,35800,0.8972,3.58,0.1028,0.0086,,,,,
4:33:34 PM,35600,3950699614,,,2130,35.5,35600,0.8922,3.56,0.1078,0.0090,,,,,
4:33:39 PM,35700,3950699619,,,2135,35.6,35700,0.8947,3.57,0.1053,0.0088,,,,,
4:33:44 PM,35600,3950699624,,,2140,35.7,35600,0.8922,3.56,0.1078,0.0090,,,,,
4:33:49 PM,35800,3950699629,,,2145,35.8,35800,0.8972,3.58,0.1028,0.0086,,,,,
4:33:54 PM,35600,3950699634,,,2150,35.8,35600,0.8922,3.56,0.1078,0.0090,,,,,
4:33:59 PM,35600,3950699639,,,2155,35.9,35600,0.8922,3.56,0.1078,0.0090,,,,,
4:34:04 PM,35600,3950699644,,,2160,36.0,35600,0.8922,3.56,0.1078,0.0090,,,,,
4:34:09 PM,35700,3950699649,,,2165,36.1,35700,0.8947,3.57,0.1053,0.0088,,,,,
4:34:14 PM,35800,3950699654,,,2170,36.2,35800,0.8972,3.58,0.1028,0.0086,,,,,
4:34:19 PM,35600,3950699659,,,2175,36.3,35600,0.8922,3.56,0.1078,0.0090,,,,,
4:34:24 PM,35700,3950699664,,,2180,36.3,35700,0.8947,3.57,0.1053,0.0088,,,,,
4:34:29 PM,35800,3950699669,,,2185,36.4,35800,0.8972,3.58,0.1028,0.0086,,,,,
4:34:34 PM,35900,3950699674,,,2190,36.5,35900,0.8997,3.59,0.1003,0.0084,,,,,
4:34:39 PM,35700,3950699679,,,2195,36.6,35700,0.8947,3.57,0.1053,0.0088,,,,,
4:34:44 PM,35600,3950699684,,,2200,36.7,35600,0.8922,3.56,0.1078,0.0090,,,,,
4:34:49 PM,35600,3950699689,,,2205,36.8,35600,0.8922,3.56,0.1078,0.0090,,,,,
4:34:54 PM,35500,3950699694,,,2210,36.8,35500,0.8897,3.55,0.1103,0.0092,,,,,
4:34:59 PM,35600,3950699699,,,2215,36.9,35600,0.8922,3.56,0.1078,0.0090,,,,,
4:35:04 PM,35700,3950699704,,,2220,37.0,35700,0.8947,3.57,0.1053,0.0088,,,,,
4:35:09 PM,35600,3950699709,,,2225,37.1,35600,0.8922,3.56,0.1078,0.0090,,,,,
4:35:14 PM,35800,3950699714,,,2230,37.2,35800,0.8972,3.58,0.1028,0.0086,,,,,
4:35:19 PM,35800,3950699719,,,2235,37.3,35800,0.8972,3.58,0.1028,0.0086,,,,,
4:35:24 PM,35900,3950699724,,,2240,37.3,35900,0.8997,3.59,0.1003,0.0084,,,,,
4:35:29 PM,35800,3950699729,,,2245,37.4,35800,0.8972,3.58,0.1028,0.0086,,,,,
4:35:34 PM,35700,3950699734,,,2250,37.5,35700,0.8947,3.57,0.1053,0.0088,,,,,
4:35:39 PM,35700,3950699739,,,2255,37.6,35700,0.8947,3.57,0.1053,0.0088,,,,,
4:35:44 PM,35800,3950699744,,,2260,37.7,35800,0.8972,3.58,0.1028,0.0086,,,,,
4:35:49 PM,35800,3950699749,,,2265,37.8,35800,0.8972,3.58,0.1028,0.0086,,,,,
4:35:54 PM,35600,3950699754,,,2270,37.8,35600,0.8922,3.56,0.1078,0.0090,,,,,
4:35:59 PM,35700,3950699759,,,2275,37.9,35700,0.8947,3.57,0.1053,0.0088,,,,,
4:36:04 PM,35700,3950699764,,,2280,38.0,35700,0.8947,3.57,0.1053,0.0088,,,,,
4:36:09 PM,35600,3950699769,,,2285,38.1,35600,0.8922,3.56,0.1078,0.0090,,,,,
4:36:14 PM,35600,3950699774,,,2290,38.2,35600,0.8922,3.56,0.1078,0.0090,,,,,
4:36:19 PM,35800,3950699779,,,2295,38.3,35800,0.8972,3.58,0.1028,0.0086,,,,,
4:36:24 PM,35800,3950699784,,,2300,38.3,35800,0.8972,3.58,0.1028,0.0086,,,,,
4:36:29 PM,35800,3950699789,,,2305,38.4,35800,0.8972,3.58,0.1028,0.0086,,,,,
4:36:34 PM,35800,3950699794,,,2310,38.5,35800,0.8972,3.58,0.1028,0.0085,,,,,
4:36:39 PM,35700,3950699799,,,2315,38.6,35700,0.8947,3.57,0.1053,0.0088,,,,,
4:36:44 PM,36000,3950699804,,,2320,38.7,36000,0.9023,3.60,0.0977,0.0082,,,,,
4:36:49 PM,35800,3950699809,,,2325,38.8,35800,0.8972,3.58,0.1028,0.0086,,,,,
4:36:54 PM,35900,3950699814,,,2330,38.8,35900,0.8997,3.59,0.1003,0.0083,,,,,
4:36:59 PM,35800,3950699819,,,2335,38.9,35800,0.8972,3.58,0.1028,0.0086,,,,,
4:37:04 PM,36000,3950699824,,,2340,39.0,36000,0.9023,3.60,0.0977,0.0081,,,,,
4:37:09 PM,36000,3950699829,,,2345,39.1,36000,0.9023,3.60,0.0977,0.0082,,,,,
4:37:14 PM,35900,3950699834,,,2350,39.2,35900,0.8997,3.59,0.1003,0.0084,,,,,
4:37:19 PM,35900,3950699839,,,2355,39.3,35900,0.8997,3.59,0.1003,0.0084,,,,,
4:37:24 PM,35800,3950699844,,,2360,39.3,35800,0.8972,3.58,0.1028,0.0085,,,,,
4:37:29 PM,35800,3950699849,,,2365,39.4,35800,0.8972,3.58,0.1028,0.0086,,,,,
4:37:34 PM,35900,3950699854,,,2370,39.5,35900,0.8997,3.59,0.1003,0.0084,,,,,
4:37:39 PM,35800,3950699859,,,2375,39.6,35800,0.8972,3.58,0.1028,0.0086,,,,,
4:37:44 PM,35800,3950699864,,,2380,39.7,35800,0.8972,3.58,0.1028,0.0086,,,,,
4:37:49 PM,35800,3950699869,,,2385,39.8,35800,0.8972,3.58,0.1028,0.0086,,,,,
4:37:54 PM,35700,3950699874,,,2390,39.8,35700,0.8947,3.57,0.1053,0.0088,,,,,
4:37:59 PM,35800,3950699879,,,2395,39.9,35800,0.8972,3.58,0.1028,0.0086,,,,,
4:38:04 PM,35500,3950699884,,,2400,40.0,35500,0.8897,3.55,0.1103,0.0092,,,,,
4:38:09 PM,35800,3950699889,,,2405,40.1,35800,0.8972,3.58,0.1028,0.0085,,,,,
4:38:14 PM,35900,3950699894,,,2410,40.2,35900,0.8997,3.59,0.1003,0.0084,,,,,
4:38:19 PM,35800,3950699899,,,2415,40.3,35800,0.8972,3.58,0.1028,0.0086,,,,,
4:38:24 PM,35900,3950699904,,,2420,40.3,35900,0.8997,3.59,0.1003,0.0084,,,,,
4:38:29 PM,36000,3950699909,,,2425,40.4,36000,0.9023,3.60,0.0977,0.0081,,,,,
4:38:34 PM,35900,3950699914,,,2430,40.5,35900,0.8997,3.59,0.1003,0.0084,,,,,
4:38:39 PM,35800,3950699919,,,2435,40.6,35800,0.8972,3.58,0.1028,0.0086,,,,,
4:38:44 PM,36000,3950699924,,,2440,40.7,36000,0.9023,3.60,0.0977,0.0081,,,,,
4:38:49 PM,35800,3950699929,,,2445,40.8,35800,0.8972,3.58,0.1028,0.0086,,,,,
4:38:54 PM,35900,3950699934,,,2450,40.8,35900,0.8997,3.59,0.1003,0.0083,,,,,
4:38:59 PM,35800,3950699939,,,2455,40.9,35800,0.8972,3.58,0.1028,0.0086,,,,,
4:39:04 PM,35900,3950699944,,,2460,41.0,35900,0.8997,3.59,0.1003,0.0083,,,,,
4:39:09 PM,36000,3950699949,,,2465,41.1,36000,0.9023,3.60,0.0977,0.0082,,,,,
4:39:14 PM,35800,3950699954,,,2470,41.2,35800,0.8972,3.58,0.1028,0.0086,,,,,
4:39:19 PM,35800,3950699959,,,2475,41.3,35800,0.8972,3.58,0.1028,0.0086,,,,,
4:39:24 PM,35500,3950699964,,,2480,41.3,35500,0.8897,3.55,0.1103,0.0092,,,,,
4:39:29 PM,35700,3950699969,,,2485,41.4,35700,0.8947,3.57,0.1053,0.0088,,,,,
4:39:34 PM,35800,3950699974,,,2490,41.5,35800,0.8972,3.58,0.1028,0.0086,,,,,
4:39:39 PM,35800,3950699979,,,2495,41.6,35800,0.8972,3.58,0.1028,0.0086,,,,,
4:39:44 PM,35900,3950699984,,,2500,41.7,35900,0.8997,3.59,0.1003,0.0084,,,,,
4:39:49 PM,35800,3950699989,,,2505,41.8,35800,0.8972,3.58,0.1028,0.0086,,,,,
4:39:54 PM,35700,3950699994,,,2510,41.8,35700,0.8947,3.57,0.1053,0.0088,,,,,
4:39:59 PM,35800,3950699999,,,2515,41.9,35800,0.8972,3.58,0.1028,0.0086,,,,,
4:40:04 PM,35800,3950700004,,,2520,42.0,35800,0.8972,3.58,0.1028,0.0086,,,,,
4:40:09 PM,35700,3950700009,,,2525,42.1,35700,0.8947,3.57,0.1053,0.0088,,,,,
4:40:14 PM,35800,3950700014,,,2530,42.2,35800,0.8972,3.58,0.1028,0.0086,,,,,
4:40:19 PM,35800,3950700019,,,2535,42.3,35800,0.8972,3.58,0.1028,0.0085,,,,,
4:40:24 PM,35800,3950700024,,,2540,42.3,35800,0.8972,3.58,0.1028,0.0086,,,,,
4:40:29 PM,35900,3950700029,,,2545,42.4,35900,0.8997,3.59,0.1003,0.0084,,,,,
4:40:34 PM,35600,3950700034,,,2550,42.5,35600,0.8922,3.56,0.1078,0.0090,,,,,
4:40:39 PM,35600,3950700039,,,2555,42.6,35600,0.8922,3.56,0.1078,0.0090,,,,,
4:40:44 PM,35600,3950700044,,,2560,42.7,35600,0.8922,3.56,0.1078,0.0090,,,,,
4:40:49 PM,35600,3950700049,,,2565,42.8,35600,0.8922,3.56,0.1078,0.0090,,,,,
4:40:54 PM,35800,3950700054,,,2570,42.8,35800,0.8972,3.58,0.1028,0.0086,,,,,
4:40:59 PM,35900,3950700059,,,2575,42.9,35900,0.8997,3.59,0.1003,0.0084,,,,,
4:41:04 PM,36000,3950700064,,,2580,43.0,36000,0.9023,3.60,0.0977,0.0081,,,,,
4:41:09 PM,35800,3950700069,,,2585,43.1,35800,0.8972,3.58,0.1028,0.0085,,,,,
4:41:14 PM,35900,3950700074,,,2590,43.2,35900,0.8997,3.59,0.1003,0.0084,,,,,
4:41:19 PM,35800,3950700079,,,2595,43.3,35800,0.8972,3.58,0.1028,0.0086,,,,,
4:41:24 PM,35800,3950700084,,,2600,43.3,35800,0.8972,3.58,0.1028,0.0086,,,,,
4:41:29 PM,35800,3950700089,,,2605,43.4,35800,0.8972,3.58,0.1028,0.0086,,,,,
4:41:34 PM,35900,3950700094,,,2610,43.5,35900,0.8997,3.59,0.1003,0.0084,,,,,
4:41:39 PM,35900,3950700099,,,2615,43.6,35900,0.8997,3.59,0.1003,0.0083,,,,,
4:41:44 PM,35800,3950700104,,,2620,43.7,35800,0.8972,3.58,0.1028,0.0086,,,,,
4:41:49 PM,35800,3950700109,,,2625,43.8,35800,0.8972,3.58,0.1028,0.0086,,,,,
4:41:54 PM,35800,3950700114,,,2630,43.8,35800,0.8972,3.58,0.1028,0.0086,,,,,
4:41:59 PM,35900,3950700119,,,2635,43.9,35900,0.8997,3.59,0.1003,0.0083,,,,,
4:42:04 PM,36100,3950700124,,,2640,44.0,36100,0.9048,3.61,0.0952,0.0080,,,,,
4:42:09 PM,36100,3950700129,,,2645,44.1,36100,0.9048,3.61,0.0952,0.0079,,,,,
4:42:14 PM,35900,3950700134,,,2650,44.2,35900,0.8997,3.59,0.1003,0.0083,,,,,
4:42:19 PM,35800,3950700139,,,2655,44.3,35800,0.8972,3.58,0.1028,0.0086,,,,,
4:42:24 PM,35900,3950700144,,,2660,44.3,35900,0.8997,3.59,0.1003,0.0084,,,,,
4:42:29 PM,36000,3950700149,,,2665,44.4,36000,0.9023,3.60,0.0977,0.0081,,,,,
4:42:34 PM,35900,3950700154,,,2670,44.5,35900,0.8997,3.59,0.1003,0.0083,,,,,
4:42:39 PM,35800,3950700159,,,2675,44.6,35800,0.8972,3.58,0.1028,0.0086,,,,,
4:42:44 PM,35700,3950700164,,,2680,44.7,35700,0.8947,3.57,0.1053,0.0088,,,,,
4:42:49 PM,35800,3950700169,,,2685,44.8,35800,0.8972,3.58,0.1028,0.0086,,,,,
4:42:54 PM,35800,3950700174,,,2690,44.8,35800,0.8972,3.58,0.1028,0.0086,,,,,
4:42:59 PM,36000,3950700179,,,2695,44.9,36000,0.9023,3.60,0.0977,0.0082,,,,,
4:43:04 PM,35900,3950700184,,,2700,45.0,35900,0.8997,3.59,0.1003,0.0083,,,,,
4:43:09 PM,35900,3950700189,,,2705,45.1,35900,0.8997,3.59,0.1003,0.0084,,,,,
4:43:14 PM,35800,3950700194,,,2710,45.2,35800,0.8972,3.58,0.1028,0.0086,,,,,
4:43:19 PM,35800,3950700199,,,2715,45.3,35800,0.8972,3.58,0.1028,0.0085,,,,,
4:43:24 PM,35900,3950700204,,,2720,45.3,35900,0.8997,3.59,0.1003,0.0084,,,,,
4:43:29 PM,36000,3950700209,,,2725,45.4,36000,0.9023,3.60,0.0977,0.0081,,,,,
4:43:34 PM,35900,3950700214,,,2730,45.5,35900,0.8997,3.59,0.1003,0.0084,,,,,
4:43:39 PM,35900,3950700219,,,2735,45.6,35900,0.8997,3.59,0.1003,0.0084,,,,,
4:43:44 PM,35900,3950700224,,,2740,45.7,35900,0.8997,3.59,0.1003,0.0083,,,,,
4:43:49 PM,36000,3950700229,,,2745,45.8,36000,0.9023,3.60,0.0977,0.0082,,,,,
4:43:54 PM,35900,3950700234,,,2750,45.8,35900,0.8997,3.59,0.1003,0.0084,,,,,
4:43:59 PM,35800,3950700239,,,2755,45.9,35800,0.8972,3.58,0.1028,0.0086,,,,,
4:44:04 PM,35800,3950700244,,,2760,46.0,35800,0.8972,3.58,0.1028,0.0085,,,,,
4:44:09 PM,36000,3950700249,,,2765,46.1,36000,0.9023,3.60,0.0977,0.0081,,,,,
4:44:14 PM,36000,3950700254,,,2770,46.2,36000,0.9023,3.60,0.0977,0.0082,,,,,
4:44:19 PM,35900,3950700259,,,2775,46.3,35900,0.8997,3.59,0.1003,0.0084,,,,,
4:44:24 PM,36000,3950700264,,,2780,46.3,36000,0.9023,3.60,0.0977,0.0082,,,,,
4:44:29 PM,36100,3950700269,,,2785,46.4,36100,0.9048,3.61,0.0952,0.0079,,,,,
4:44:34 PM,36200,3950700274,,,2790,46.5,36200,0.9073,3.62,0.0927,0.0077,,,,,
4:44:39 PM,36100,3950700279,,,2795,46.6,36100,0.9048,3.61,0.0952,0.0079,,,,,
4:44:44 PM,36100,3950700284,,,2800,46.7,36100,0.9048,3.61,0.0952,0.0079,,,,,
4:44:49 PM,36100,3950700289,,,2805,46.8,36100,0.9048,3.61,0.0952,0.0079,,,,,
4:44:54 PM,36100,3950700294,,,2810,46.8,36100,0.9048,3.61,0.0952,0.0079,,,,,
4:44:59 PM,36000,3950700299,,,2815,46.9,36000,0.9023,3.60,0.0977,0.0081,,,,,
4:45:04 PM,36000,3950700304,,,2820,47.0,36000,0.9023,3.60,0.0977,0.0081,,,,,
4:45:09 PM,36100,3950700309,,,2825,47.1,36100,0.9048,3.61,0.0952,0.0080,,,,,
4:45:14 PM,35800,3950700314,,,2830,47.2,35800,0.8972,3.58,0.1028,0.0085,,,,,
4:45:19 PM,35800,3950700319,,,2835,47.3,35800,0.8972,3.58,0.1028,0.0086,,,,,
4:45:24 PM,35800,3950700324,,,2840,47.3,35800,0.8972,3.58,0.1028,0.0086,,,,,
4:45:29 PM,35700,3950700329,,,2845,47.4,35700,0.8947,3.57,0.1053,0.0088,,,,,
4:45:34 PM,35800,3950700334,,,2850,47.5,35800,0.8972,3.58,0.1028,0.0086,,,,,
4:45:39 PM,36000,3950700339,,,2855,47.6,36000,0.9023,3.60,0.0977,0.0081,,,,,
4:45:44 PM,36000,3950700344,,,2860,47.7,36000,0.9023,3.60,0.0977,0.0081,,,,,
4:45:49 PM,35800,3950700349,,,2865,47.8,35800,0.8972,3.58,0.1028,0.0086,,,,,
4:45:54 PM,36000,3950700354,,,2870,47.8,36000,0.9023,3.60,0.0977,0.0081,,,,,
4:45:59 PM,35900,3950700359,,,2875,47.9,35900,0.8997,3.59,0.1003,0.0084,,,,,
4:46:04 PM,35700,3950700364,,,2880,48.0,35700,0.8947,3.57,0.1053,0.0088,,,,,
4:46:09 PM,35800,3950700369,,,2885,48.1,35800,0.8972,3.58,0.1028,0.0086,,,,,
4:46:14 PM,35700,3950700374,,,2890,48.2,35700,0.8947,3.57,0.1053,0.0088,,,,,
4:46:19 PM,35600,3950700379,,,2895,48.3,35600,0.8922,3.56,0.1078,0.0090,,,,,
4:46:24 PM,35800,3950700384,,,2900,48.3,35800,0.8972,3.58,0.1028,0.0086,,,,,
4:46:29 PM,35800,3950700389,,,2905,48.4,35800,0.8972,3.58,0.1028,0.0086,,,,,
4:46:34 PM,35600,3950700394,,,2910,48.5,35600,0.8922,3.56,0.1078,0.0090,,,,,
4:46:39 PM,36000,3950700399,,,2915,48.6,36000,0.9023,3.60,0.0977,0.0082,,,,,
4:46:44 PM,36000,3950700404,,,2920,48.7,36000,0.9023,3.60,0.0977,0.0081,,,,,
4:46:49 PM,36000,3950700409,,,2925,48.8,36000,0.9023,3.60,0.0977,0.0082,,,,,
4:46:54 PM,36100,3950700414,,,2930,48.8,36100,0.9048,3.61,0.0952,0.0079,,,,,
4:46:59 PM,36000,3950700419,,,2935,48.9,36000,0.9023,3.60,0.0977,0.0081,,,,,
4:47:04 PM,36000,3950700424,,,2940,49.0,36000,0.9023,3.60,0.0977,0.0081,,,,,
4:47:09 PM,36000,3950700429,,,2945,49.1,36000,0.9023,3.60,0.0977,0.0082,,,,,
4:47:14 PM,35800,3950700434,,,2950,49.2,35800,0.8972,3.58,0.1028,0.0086,,,,,
4:47:19 PM,35800,3950700439,,,2955,49.3,35800,0.8972,3.58,0.1028,0.0086,,,,,
4:47:24 PM,35900,3950700444,,,2960,49.3,35900,0.8997,3.59,0.1003,0.0084,,,,,
4:47:29 PM,35700,3950700449,,,2965,49.4,35700,0.8947,3.57,0.1053,0.0088,,,,,
4:47:34 PM,35900,3950700454,,,2970,49.5,35900,0.8997,3.59,0.1003,0.0084,,,,,
4:47:39 PM,36000,3950700459,,,2975,49.6,36000,0.9023,3.60,0.0977,0.0081,,,,,
4:47:44 PM,36100,3950700464,,,2980,49.7,36100,0.9048,3.61,0.0952,0.0079,,,,,
4:47:49 PM,36000,3950700469,,,2985,49.8,36000,0.9023,3.60,0.0977,0.0081,,,,,
4:47:54 PM,35900,3950700474,,,2990,49.8,35900,0.8997,3.59,0.1003,0.0083,,,,,
4:47:59 PM,36000,3950700479,,,2995,49.9,36000,0.9023,3.60,0.0977,0.0081,,,,,
4:48:04 PM,36000,3950700484,,,3000,50.0,36000,0.9023,3.60,0.0977,0.0082,,,,,
4:48:09 PM,36000,3950700489,,,3005,50.1,36000,0.9023,3.60,0.0977,0.0081,,,,,
4:48:14 PM,35800,3950700494,,,3010,50.2,35800,0.8972,3.58,0.1028,0.0086,,,,,
4:48:19 PM,35900,3950700499,,,3015,50.3,35900,0.8997,3.59,0.1003,0.0084,,,,,
4:48:24 PM,35800,3950700504,,,3020,50.3,35800,0.8972,3.58,0.1028,0.0086,,,,,
4:48:29 PM,35800,3950700509,,,3025,50.4,35800,0.8972,3.58,0.1028,0.0086,,,,,
4:48:34 PM,35700,3950700514,,,3030,50.5,35700,0.8947,3.57,0.1053,0.0087,,,,,
4:48:39 PM,35800,3950700519,,,3035,50.6,35800,0.8972,3.58,0.1028,0.0086,,,,,
4:48:44 PM,35800,3950700524,,,3040,50.7,35800,0.8972,3.58,0.1028,0.0086,,,,,
4:48:49 PM,36000,3950700529,,,3045,50.8,36000,0.9023,3.60,0.0977,0.0081,,,,,
4:48:54 PM,36300,3950700534,,,3050,50.8,36300,0.9098,3.63,0.0902,0.0075,,,,,
4:48:59 PM,36000,3950700539,,,3055,50.9,36000,0.9023,3.60,0.0977,0.0081,,,,,
4:49:04 PM,35800,3950700544,,,3060,51.0,35800,0.8972,3.58,0.1028,0.0086,,,,,
4:49:09 PM,35800,3950700549,,,3065,51.1,35800,0.8972,3.58,0.1028,0.0085,,,,,
4:49:14 PM,36000,3950700554,,,3070,51.2,36000,0.9023,3.60,0.0977,0.0081,,,,,
4:49:19 PM,36000,3950700559,,,3075,51.3,36000,0.9023,3.60,0.0977,0.0082,,,,,
4:49:24 PM,36000,3950700564,,,3080,51.3,36000,0.9023,3.60,0.0977,0.0081,,,,,
4:49:29 PM,36200,3950700569,,,3085,51.4,36200,0.9073,3.62,0.0927,0.0077,,,,,
4:49:34 PM,36000,3950700574,,,3090,51.5,36000,0.9023,3.60,0.0977,0.0081,,,,,
4:49:39 PM,36000,3950700579,,,3095,51.6,36000,0.9023,3.60,0.0977,0.0081,,,,,
4:49:44 PM,36100,3950700584,,,3100,51.7,36100,0.9048,3.61,0.0952,0.0079,,,,,
4:49:49 PM,36000,3950700589,,,3105,51.8,36000,0.9023,3.60,0.0977,0.0081,,,,,
4:49:54 PM,36300,3950700594,,,3110,51.8,36300,0.9098,3.63,0.0902,0.0075,,,,,
4:49:59 PM,36100,3950700599,,,3115,51.9,36100,0.9048,3.61,0.0952,0.0079,,,,,
4:50:04 PM,36200,3950700604,,,3120,52.0,36200,0.9073,3.62,0.0927,0.0077,,,,,
4:50:09 PM,36100,3950700609,,,3125,52.1,36100,0.9048,3.61,0.0952,0.0079,,,,,
4:50:14 PM,36000,3950700614,,,3130,52.2,36000,0.9023,3.60,0.0977,0.0081,,,,,
4:50:19 PM,35900,3950700619,,,3135,52.3,35900,0.8997,3.59,0.1003,0.0084,,,,,
4:50:24 PM,35800,3950700624,,,3140,52.3,35800,0.8972,3.58,0.1028,0.0086,,,,,
4:50:29 PM,36000,3950700629,,,3145,52.4,36000,0.9023,3.60,0.0977,0.0081,,,,,
4:50:34 PM,36000,3950700634,,,3150,52.5,36000,0.9023,3.60,0.0977,0.0081,,,,,
4:50:39 PM,35900,3950700639,,,3155,52.6,35900,0.8997,3.59,0.1003,0.0083,,,,,
4:50:44 PM,35800,3950700644,,,3160,52.7,35800,0.8972,3.58,0.1028,0.0086,,,,,
4:50:49 PM,35900,3950700649,,,3165,52.8,35900,0.8997,3.59,0.1003,0.0083,,,,,
4:50:54 PM,35800,3950700654,,,3170,52.8,35800,0.8972,3.58,0.1028,0.0086,,,,,
4:50:59 PM,36000,3950700659,,,3175,52.9,36000,0.9023,3.60,0.0977,0.0082,,,,,
4:51:04 PM,35900,3950700664,,,3180,53.0,35900,0.8997,3.59,0.1003,0.0083,,,,,
4:51:09 PM,35900,3950700669,,,3185,53.1,35900,0.8997,3.59,0.1003,0.0084,,,,,
4:51:14 PM,35800,3950700674,,,3190,53.2,35800,0.8972,3.58,0.1028,0.0086,,,,,
4:51:19 PM,35600,3950700679,,,3195,53.3,35600,0.8922,3.56,0.1078,0.0090,,,,,
4:51:24 PM,35900,3950700684,,,3200,53.3,35900,0.8997,3.59,0.1003,0.0084,,,,,
4:51:29 PM,35900,3950700689,,,3205,53.4,35900,0.8997,3.59,0.1003,0.0084,,,,,
4:51:34 PM,36100,3950700694,,,3210,53.5,36100,0.9048,3.61,0.0952,0.0079,,,,,
4:51:39 PM,36000,3950700699,,,3215,53.6,36000,0.9023,3.60,0.0977,0.0081,,,,,
4:51:44 PM,36000,3950700704,,,3220,53.7,36000,0.9023,3.60,0.0977,0.0082,,,,,
4:51:49 PM,35800,3950700709,,,3225,53.8,35800,0.8972,3.58,0.1028,0.0086,,,,,
4:51:54 PM,35800,3950700714,,,3230,53.8,35800,0.8972,3.58,0.1028,0.0086,,,,,
4:51:59 PM,35800,3950700719,,,3235,53.9,35800,0.8972,3.58,0.1028,0.0085,,,,,
4:52:04 PM,35900,3950700724,,,3240,54.0,35900,0.8997,3.59,0.1003,0.0084,,,,,
4:52:09 PM,35900,3950700729,,,3245,54.1,35900,0.8997,3.59,0.1003,0.0083,,,,,
4:52:14 PM,35900,3950700734,,,3250,54.2,35900,0.8997,3.59,0.1003,0.0084,,,,,
4:52:19 PM,35700,3950700739,,,3255,54.3,35700,0.8947,3.57,0.1053,0.0088,,,,,
4:52:25 PM,35800,3950700745,,,3260,54.3,35800,0.8972,3.58,0.1028,0.0087,,,,,
4:52:29 PM,36000,3950700749,,,3265,54.4,36000,0.9023,3.60,0.0977,0.0080,,,,,
4:52:34 PM,36000,3950700754,,,3270,54.5,36000,0.9023,3.60,0.0977,0.0081,,,,,
4:52:39 PM,36000,3950700759,,,3275,54.6,36000,0.9023,3.60,0.0977,0.0081,,,,,
4:52:44 PM,35900,3950700764,,,3280,54.7,35900,0.8997,3.59,0.1003,0.0084,,,,,
4:52:49 PM,36100,3950700769,,,3285,54.8,36100,0.9048,3.61,0.0952,0.0079,,,,,
4:52:54 PM,36100,3950700774,,,3290,54.8,36100,0.9048,3.61,0.0952,0.0079,,,,,
4:52:59 PM,36200,3950700779,,,3295,54.9,36200,0.9073,3.62,0.0927,0.0077,,,,,
4:53:04 PM,36000,3950700784,,,3300,55.0,36000,0.9023,3.60,0.0977,0.0081,,,,,
4:53:09 PM,36100,3950700789,,,3305,55.1,36100,0.9048,3.61,0.0952,0.0080,,,,,
4:53:14 PM,36000,3950700794,,,3310,55.2,36000,0.9023,3.60,0.0977,0.0081,,,,,
4:53:19 PM,36000,3950700799,,,3315,55.3,36000,0.9023,3.60,0.0977,0.0082,,,,,
4:53:24 PM,36000,3950700804,,,3320,55.3,36000,0.9023,3.60,0.0977,0.0081,,,,,
4:53:29 PM,35900,3950700809,,,3325,55.4,35900,0.8997,3.59,0.1003,0.0084,,,,,
4:53:34 PM,36000,3950700814,,,3330,55.5,36000,0.9023,3.60,0.0977,0.0081,,,,,
4:53:39 PM,36000,3950700819,,,3335,55.6,36000,0.9023,3.60,0.0977,0.0081,,,,,
4:53:44 PM,35900,3950700824,,,3340,55.7,35900,0.8997,3.59,0.1003,0.0083,,,,,
4:53:49 PM,35900,3950700829,,,3345,55.8,35900,0.8997,3.59,0.1003,0.0083,,,,,
4:53:54 PM,35900,3950700834,,,3350,55.8,35900,0.8997,3.59,0.1003,0.0084,,,,,
4:53:59 PM,36000,3950700839,,,3355,55.9,36000,0.9023,3.60,0.0977,0.0082,,,,,
4:54:04 PM,36200,3950700844,,,3360,56.0,36200,0.9073,3.62,0.0927,0.0077,,,,,
4:54:09 PM,36000,3950700849,,,3365,56.1,36000,0.9023,3.60,0.0977,0.0082,,,,,
4:54:14 PM,35900,3950700854,,,3370,56.2,35900,0.8997,3.59,0.1003,0.0083,,,,,
4:54:19 PM,35900,3950700859,,,3375,56.3,35900,0.8997,3.59,0.1003,0.0084,,,,,
4:54:24 PM,36000,3950700864,,,3380,56.3,36000,0.9023,3.60,0.0977,0.0082,,,,,
4:54:29 PM,36200,3950700869,,,3385,56.4,36200,0.9073,3.62,0.0927,0.0077,,,,,
4:54:35 PM,36100,3950700875,,,3391,56.5,36100,0.9048,3.61,0.0952,0.0088,,,,,
4:54:45 PM,35800,3950700885,,,3401,56.7,35800,0.8972,3.58,0.1028,0.0174,,,,,
4:54:55 PM,35800,3950700895,,,3410,56.8,35800,0.8972,3.58,0.1028,0.0164,,,,,
4:54:59 PM,35800,3950700899,,,3415,56.9,35800,0.8972,3.58,0.1028,0.0080,,,,,
4:55:04 PM,35900,3950700904,,,3420,57.0,35900,0.8997,3.59,0.1003,0.0080,,,,,
4:55:09 PM,36000,3950700909,,,3425,57.1,36000,0.9023,3.60,0.0977,0.0077,,,,,
4:55:14 PM,36100,3950700914,,,3429,57.2,36100,0.9048,3.61,0.0952,0.0074,,,,,
4:55:18 PM,36100,3950700918,,,3434,57.2,36100,0.9048,3.61,0.0952,0.0076,,,,,
4:55:23 PM,36100,3950700923,,,3439,57.3,36100,0.9048,3.61,0.0952,0.0075,,,,,
4:55:28 PM,36300,3950700928,,,3443,57.4,36300,0.9098,3.63,0.0902,0.0070,,,,,
4:55:33 PM,36000,3950700933,,,3448,57.5,36000,0.9023,3.60,0.0977,0.0078,,,,,
4:55:38 PM,36000,3950700938,,,3453,57.6,36000,0.9023,3.60,0.0977,0.0085,,,,,
4:55:43 PM,35900,3950700943,,,3458,57.6,35900,0.8997,3.59,0.1003,0.0081,,,,,
4:55:47 PM,36000,3950700947,,,3463,57.7,36000,0.9023,3.60,0.0977,0.0077,,,,,
4:55:52 PM,36000,3950700952,,,3468,57.8,36000,0.9023,3.60,0.0977,0.0076,,,,,
4:55:57 PM,35800,3950700957,,,3472,57.9,35800,0.8972,3.58,0.1028,0.0080,,,,,
4:56:01 PM,35800,3950700961,,,3477,58.0,35800,0.8972,3.58,0.1028,0.0081,,,,,
4:56:06 PM,35900,3950700966,,,3482,58.0,35900,0.8997,3.59,0.1003,0.0078,,,,,
4:56:11 PM,35900,3950700971,,,3486,58.1,35900,0.8997,3.59,0.1003,0.0078,,,,,
4:56:16 PM,35900,3950700976,,,3491,58.2,35900,0.8997,3.59,0.1003,0.0079,,,,,
4:56:20 PM,36000,3950700980,,,3496,58.3,36000,0.9023,3.60,0.0977,0.0078,,,,,
4:56:25 PM,36000,3950700985,,,3501,58.3,36000,0.9023,3.60,0.0977,0.0079,,,,,
4:56:30 PM,36100,3950700990,,,3505,58.4,36100,0.9048,3.61,0.0952,0.0075,,,,,
4:56:35 PM,36200,3950700995,,,3510,58.5,36200,0.9073,3.62,0.0927,0.0073,,,,,
4:56:39 PM,36000,3950700999,,,3515,58.6,36000,0.9023,3.60,0.0977,0.0078,,,,,
4:56:44 PM,35900,3950701004,,,3520,58.7,35900,0.8997,3.59,0.1003,0.0081,,,,,
4:56:49 PM,35800,3950701009,,,3525,58.7,35800,0.8972,3.58,0.1028,0.0082,,,,,
4:56:54 PM,36000,3950701014,,,3529,58.8,36000,0.9023,3.60,0.0977,0.0079,,,,,
4:56:59 PM,36100,3950701019,,,3534,58.9,36100,0.9048,3.61,0.0952,0.0076,,,,,
4:57:03 PM,36100,3950701023,,,3539,59.0,36100,0.9048,3.61,0.0952,0.0076,,,,,
4:57:08 PM,36000,3950701028,,,3544,59.1,36000,0.9023,3.60,0.0977,0.0078,,,,,
4:57:13 PM,36000,3950701033,,,3549,59.1,36000,0.9023,3.60,0.0977,0.0079,,,,,
4:57:18 PM,35900,3950701038,,,3553,59.2,35900,0.8997,3.59,0.1003,0.0081,,,,,
4:57:23 PM,35800,3950701043,,,3558,59.3,35800,0.8972,3.58,0.1028,0.0082,,,,,
4:57:27 PM,36000,3950701047,,,3563,59.4,36000,0.9023,3.60,0.0977,0.0077,,,,,
4:57:32 PM,35800,3950701052,,,3568,59.5,35800,0.8972,3.58,0.1028,0.0082,,,,,
4:57:37 PM,35800,3950701057,,,3573,59.5,35800,0.8972,3.58,0.1028,0.0082,,,,,
4:57:42 PM,35900,3950701062,,,3577,59.6,35900,0.8997,3.59,0.1003,0.0080,,,,,
4:57:46 PM,35800,3950701066,,,3582,59.7,35800,0.8972,3.58,0.1028,0.0082,,,,,
4:57:51 PM,36000,3950701071,,,3587,59.8,36000,0.9023,3.60,0.0977,0.0079,,,,,
4:57:56 PM,36000,3950701076,,,3592,59.9,36000,0.9023,3.60,0.0977,0.0080,,,,,
4:58:01 PM,36000,3950701081,,,3597,59.9,36000,0.9023,3.60,0.0977,0.0079,,,,,
4:58:06 PM,36000,3950701086,,,3601,60.0,36000,0.9023,3.60,0.0977,0.0078,,,,,
4:58:11 PM,36000,3950701091,,,3606,60.1,36000,0.9023,3.60,0.0977,0.0078,,,,,
4:58:15 PM,36000,3950701095,,,3611,60.2,36000,0.9023,3.60,0.0977,0.0078,,,,,
4:58:20 PM,36000,3950701100,,,3616,60.3,36000,0.9023,3.60,0.0977,0.0080,,,,,
4:58:25 PM,36200,3950701105,,,3621,60.3,36200,0.9073,3.62,0.0927,0.0075,,,,,
4:58:30 PM,35900,3950701110,,,3626,60.4,35900,0.8997,3.59,0.1003,0.0081,,,,,
4:58:35 PM,36000,3950701115,,,3630,60.5,36000,0.9023,3.60,0.0977,0.0079,,,,,
4:58:40 PM,36000,3950701120,,,3635,60.6,36000,0.9023,3.60,0.0977,0.0079,,,,,
4:58:45 PM,35900,3950701125,,,3640,60.7,35900,0.8997,3.59,0.1003,0.0080,,,,,
4:58:49 PM,36000,3950701129,,,3645,60.8,36000,0.9023,3.60,0.0977,0.0080,,,,,
4:58:54 PM,35800,3950701134,,,3650,60.8,35800,0.8972,3.58,0.1028,0.0086,,,,,
4:58:59 PM,35800,3950701139,,,3655,60.9,35800,0.8972,3.58,0.1028,0.0086,,,,,
4:59:04 PM,35700,3950701144,,,3660,61.0,35700,0.8947,3.57,0.1053,0.0088,,,,,
4:59:09 PM,35800,3950701149,,,3665,61.1,35800,0.8972,3.58,0.1028,0.0086,,,,,
4:59:14 PM,35800,3950701154,,,3670,61.2,35800,0.8972,3.58,0.1028,0.0086,,,,,
4:59:19 PM,35900,3950701159,,,3675,61.3,35900,0.8997,3.59,0.1003,0.0084,,,,,
4:59:24 PM,35900,3950701164,,,3680,61.3,35900,0.8997,3.59,0.1003,0.0083,,,,,
4:59:29 PM,36000,3950701169,,,3685,61.4,36000,0.9023,3.60,0.0977,0.0081,,,,,
4:59:34 PM,36000,3950701174,,,3690,61.5,36000,0.9023,3.60,0.0977,0.0081,,,,,
4:59:39 PM,36000,3950701179,,,3695,61.6,36000,0.9023,3.60,0.0977,0.0082,,,,,
4:59:44 PM,35900,3950701184,,,3700,61.7,35900,0.8997,3.59,0.1003,0.0084,,,,,
4:59:49 PM,35800,3950701189,,,3705,61.8,35800,0.8972,3.58,0.1028,0.0086,,,,,
4:59:54 PM,35800,3950701194,,,3710,61.8,35800,0.8972,3.58,0.1028,0.0086,,,,,
4:59:59 PM,35800,3950701199,,,3715,61.9,35800,0.8972,3.58,0.1028,0.0086,,,,,
5:00:04 PM,35800,3950701204,,,3720,62.0,35800,0.8972,3.58,0.1028,0.0086,,,,,
5:00:09 PM,35900,3950701209,,,3725,62.1,35900,0.8997,3.59,0.1003,0.0084,,,,,
5:00:14 PM,36000,3950701214,,,3730,62.2,36000,0.9023,3.60,0.0977,0.0081,,,,,
5:00:19 PM,36000,3950701219,,,3735,62.3,36000,0.9023,3.60,0.0977,0.0081,,,,,
5:00:24 PM,36000,3950701224,,,3740,62.3,36000,0.9023,3.60,0.0977,0.0082,,,,,
5:00:29 PM,35800,3950701229,,,3745,62.4,35800,0.8972,3.58,0.1028,0.0086,,,,,
5:00:34 PM,35800,3950701234,,,3750,62.5,35800,0.8972,3.58,0.1028,0.0086,,,,,
5:00:39 PM,35800,3950701239,,,3755,62.6,35800,0.8972,3.58,0.1028,0.0086,,,,,
5:00:44 PM,36000,3950701244,,,3760,62.7,36000,0.9023,3.60,0.0977,0.0082,,,,,
5:00:50 PM,35800,3950701250,,,3765,62.8,35800,0.8972,3.58,0.1028,0.0090,,,,,
5:00:55 PM,35900,3950701255,,,3770,62.8,35900,0.8997,3.59,0.1003,0.0082,,,,,
5:01:00 PM,35800,3950701260,,,3775,62.9,35800,0.8972,3.58,0.1028,0.0085,,,,,
5:01:05 PM,35900,3950701265,,,3780,63.0,35900,0.8997,3.59,0.1003,0.0083,,,,,
5:01:09 PM,36000,3950701269,,,3785,63.1,36000,0.9023,3.60,0.0977,0.0080,,,,,
5:01:14 PM,36000,3950701274,,,3790,63.2,36000,0.9023,3.60,0.0977,0.0082,,,,,
5:01:19 PM,36100,3950701279,,,3795,63.3,36100,0.9048,3.61,0.0952,0.0079,,,,,
5:01:24 PM,36000,3950701284,,,3800,63.3,36000,0.9023,3.60,0.0977,0.0082,,,,,
5:01:29 PM,35800,3950701289,,,3805,63.4,35800,0.8972,3.58,0.1028,0.0086,,,,,
5:01:34 PM,36200,3950701294,,,3810,63.5,36200,0.9073,3.62,0.0927,0.0077,,,,,
5:01:39 PM,36000,3950701299,,,3815,63.6,36000,0.9023,3.60,0.0977,0.0082,,,,,
5:01:44 PM,35800,3950701304,,,3820,63.7,35800,0.8972,3.58,0.1028,0.0086,,,,,
5:01:49 PM,36000,3950701309,,,3825,63.8,36000,0.9023,3.60,0.0977,0.0081,,,,,
5:01:54 PM,35900,3950701314,,,3830,63.8,35900,0.8997,3.59,0.1003,0.0084,,,,,
5:01:59 PM,35900,3950701319,,,3835,63.9,35900,0.8997,3.59,0.1003,0.0083,,,,,
5:02:04 PM,36100,3950701324,,,3840,64.0,36100,0.9048,3.61,0.0952,0.0080,,,,,
5:02:09 PM,36200,3950701329,,,3845,64.1,36200,0.9073,3.62,0.0927,0.0077,,,,,
5:02:14 PM,36100,3950701334,,,3850,64.2,36100,0.9048,3.61,0.0952,0.0079,,,,,
5:02:19 PM,36300,3950701339,,,3855,64.3,36300,0.9098,3.63,0.0902,0.0075,,,,,
5:02:24 PM,36000,3950701344,,,3860,64.3,36000,0.9023,3.60,0.0977,0.0082,,,,,
5:02:29 PM,35800,3950701349,,,3865,64.4,35800,0.8972,3.58,0.1028,0.0086,,,,,
5:02:34 PM,35900,3950701354,,,3870,64.5,35900,0.8997,3.59,0.1003,0.0083,,,,,
5:02:39 PM,35800,3950701359,,,3875,64.6,35800,0.8972,3.58,0.1028,0.0086,,,,,
5:02:44 PM,35800,3950701364,,,3880,64.7,35800,0.8972,3.58,0.1028,0.0085,,,,,
5:02:49 PM,35800,3950701369,,,3885,64.8,35800,0.8972,3.58,0.1028,0.0086,,,,,
5:02:55 PM,35800,3950701375,,,3890,64.8,35800,0.8972,3.58,0.1028,0.0086,,,,,
5:03:00 PM,35800,3950701380,,,3895,64.9,35800,0.8972,3.58,0.1028,0.0086,,,,,
5:03:05 PM,35900,3950701385,,,3900,65.0,35900,0.8997,3.59,0.1003,0.0083,,,,,
5:03:10 PM,36000,3950701390,,,3905,65.1,36000,0.9023,3.60,0.0977,0.0084,,,,,
5:03:15 PM,36100,3950701395,,,3910,65.2,36100,0.9048,3.61,0.0952,0.0079,,,,,
5:03:20 PM,36000,3950701400,,,3915,65.3,36000,0.9023,3.60,0.0977,0.0082,,,,,
5:03:25 PM,35800,3950701405,,,3920,65.3,35800,0.8972,3.58,0.1028,0.0085,,,,,
5:03:30 PM,35900,3950701410,,,3925,65.4,35900,0.8997,3.59,0.1003,0.0083,,,,,
5:03:35 PM,35800,3950701415,,,3930,65.5,35800,0.8972,3.58,0.1028,0.0086,,,,,
5:03:40 PM,35800,3950701420,,,3935,65.6,35800,0.8972,3.58,0.1028,0.0087,,,,,
5:03:45 PM,36200,3950701425,,,3940,65.7,36200,0.9073,3.62,0.0927,0.0078,,,,,
5:03:50 PM,35900,3950701430,,,3945,65.8,35900,0.8997,3.59,0.1003,0.0085,,,,,
5:03:55 PM,35800,3950701435,,,3951,65.8,35800,0.8972,3.58,0.1028,0.0087,,,,,
5:04:00 PM,35900,3950701440,,,3956,65.9,35900,0.8997,3.59,0.1003,0.0087,,,,,
5:04:05 PM,35900,3950701445,,,3961,66.0,35900,0.8997,3.59,0.1003,0.0085,,,,,
5:04:10 PM,36100,3950701450,,,3966,66.1,36100,0.9048,3.61,0.0952,0.0079,,,,,
5:04:15 PM,36100,3950701455,,,3971,66.2,36100,0.9048,3.61,0.0952,0.0079,,,,,
5:04:20 PM,36300,3950701460,,,3976,66.3,36300,0.9098,3.63,0.0902,0.0077,,,,,
5:04:25 PM,36200,3950701465,,,3981,66.3,36200,0.9073,3.62,0.0927,0.0078,,,,,
5:04:30 PM,36100,3950701470,,,3986,66.4,36100,0.9048,3.61,0.0952,0.0080,,,,,
5:04:36 PM,36400,3950701476,,,3991,66.5,36400,0.9123,3.64,0.0877,0.0076,,,,,
5:04:41 PM,36300,3950701481,,,3996,66.6,36300,0.9098,3.63,0.0902,0.0077,,,,,
5:04:46 PM,36000,3950701486,,,4001,66.7,36000,0.9023,3.60,0.0977,0.0083,,,,,
5:04:51 PM,36000,3950701491,,,4006,66.8,36000,0.9023,3.60,0.0977,0.0083,,,,,
5:04:56 PM,36000,3950701496,,,4012,66.9,36000,0.9023,3.60,0.0977,0.0084,,,,,
5:05:01 PM,36300,3950701501,,,4017,66.9,36300,0.9098,3.63,0.0902,0.0077,,,,,
5:05:06 PM,36000,3950701506,,,4022,67.0,36000,0.9023,3.60,0.0977,0.0083,,,,,
5:05:11 PM,35800,3950701511,,,4027,67.1,35800,0.8972,3.58,0.1028,0.0086,,,,,
5:05:17 PM,36000,3950701517,,,4032,67.2,36000,0.9023,3.60,0.0977,0.0085,,,,,
5:05:22 PM,36000,3950701522,,,4037,67.3,36000,0.9023,3.60,0.0977,0.0083,,,,,
5:05:27 PM,36100,3950701527,,,4042,67.4,36100,0.9048,3.61,0.0952,0.0081,,,,,
5:05:32 PM,36000,3950701532,,,4047,67.5,36000,0.9023,3.60,0.0977,0.0083,,,,,
5:05:37 PM,35800,3950701537,,,4053,67.5,35800,0.8972,3.58,0.1028,0.0088,,,,,
5:05:42 PM,36000,3950701542,,,4058,67.6,36000,0.9023,3.60,0.0977,0.0083,,,,,
5:05:47 PM,36200,3950701547,,,4063,67.7,36200,0.9073,3.62,0.0927,0.0080,,,,,
5:05:52 PM,36100,3950701552,,,4068,67.8,36100,0.9048,3.61,0.0952,0.0082,,,,,
5:05:58 PM,35900,3950701558,,,4073,67.9,35900,0.8997,3.59,0.1003,0.0086,,,,,
5:06:03 PM,36000,3950701563,,,4078,68.0,36000,0.9023,3.60,0.0977,0.0085,,,,,
5:06:08 PM,36000,3950701568,,,4084,68.1,36000,0.9023,3.60,0.0977,0.0085,,,,,
5:06:13 PM,36100,3950701573,,,4089,68.1,36100,0.9048,3.61,0.0952,0.0082,,,,,
5:06:18 PM,35900,3950701578,,,4094,68.2,35900,0.8997,3.59,0.1003,0.0086,,,,,
5:06:23 PM,36000,3950701583,,,4099,68.3,36000,0.9023,3.60,0.0977,0.0084,,,,,
5:06:29 PM,35900,3950701589,,,4104,68.4,35900,0.8997,3.59,0.1003,0.0088,,,,,
5:06:34 PM,36100,3950701594,,,4110,68.5,36100,0.9048,3.61,0.0952,0.0083,,,,,
5:06:39 PM,35800,3950701599,,,4115,68.6,35800,0.8972,3.58,0.1028,0.0089,,,,,
5:06:44 PM,35800,3950701604,,,4120,68.7,35800,0.8972,3.58,0.1028,0.0089,,,,,
5:06:49 PM,35900,3950701609,,,4125,68.8,35900,0.8997,3.59,0.1003,0.0086,,,,,
5:06:55 PM,36000,3950701615,,,4130,68.8,36000,0.9023,3.60,0.0977,0.0086,,,,,
5:07:00 PM,35800,3950701620,,,4135,68.9,35800,0.8972,3.58,0.1028,0.0089,,,,,
5:07:05 PM,35900,3950701625,,,4141,69.0,35900,0.8997,3.59,0.1003,0.0087,,,,,
5:07:10 PM,36000,3950701630,,,4146,69.1,36000,0.9023,3.60,0.0977,0.0085,,,,,
5:07:16 PM,35900,3950701636,,,4151,69.2,35900,0.8997,3.59,0.1003,0.0087,,,,,
5:07:21 PM,35900,3950701641,,,4156,69.3,35900,0.8997,3.59,0.1003,0.0087,,,,,
5:07:26 PM,36000,3950701646,,,4161,69.4,36000,0.9023,3.60,0.0977,0.0084,,,,,
5:07:31 PM,35900,3950701651,,,4167,69.4,35900,0.8997,3.59,0.1003,0.0087,,,,,
5:07:36 PM,35900,3950701656,,,4172,69.5,35900,0.8997,3.59,0.1003,0.0088,,,,,
5:07:42 PM,35800,3950701662,,,4177,69.6,35800,0.8972,3.58,0.1028,0.0090,,,,,
5:07:47 PM,36000,3950701667,,,4182,69.7,36000,0.9023,3.60,0.0977,0.0084,,,,,
5:07:52 PM,36200,3950701672,,,4188,69.8,36200,0.9073,3.62,0.0927,0.0081,,,,,
5:07:57 PM,36200,3950701677,,,4193,69.9,36200,0.9073,3.62,0.0927,0.0083,,,,,
5:08:03 PM,36200,3950701683,,,4198,70.0,36200,0.9073,3.62,0.0927,0.0081,,,,,
5:08:08 PM,36200,3950701688,,,4203,70.1,36200,0.9073,3.62,0.0927,0.0082,,,,,
5:08:13 PM,36100,3950701693,,,4209,70.1,36100,0.9048,3.61,0.0952,0.0085,,,,,
5:08:19 PM,35800,3950701699,,,4214,70.2,35800,0.8972,3.58,0.1028,0.0094,,,,,
5:08:24 PM,36000,3950701704,,,4220,70.3,36000,0.9023,3.60,0.0977,0.0089,,,,,
5:08:30 PM,35800,3950701710,,,4225,70.4,35800,0.8972,3.58,0.1028,0.0091,,,,,
5:08:35 PM,36000,3950701715,,,4231,70.5,36000,0.9023,3.60,0.0977,0.0088,,,,,
5:08:40 PM,36100,3950701720,,,4236,70.6,36100,0.9048,3.61,0.0952,0.0087,,,,,
5:08:46 PM,36000,3950701726,,,4241,70.7,36000,0.9023,3.60,0.0977,0.0088,,,,,
5:08:51 PM,35900,3950701731,,,4247,70.8,35900,0.8997,3.59,0.1003,0.0091,,,,,
5:08:57 PM,35800,3950701737,,,4252,70.9,35800,0.8972,3.58,0.1028,0.0093,,,,,
5:09:02 PM,36000,3950701742,,,4258,71.0,36000,0.9023,3.60,0.0977,0.0087,,,,,
5:09:07 PM,36000,3950701747,,,4263,71.0,36000,0.9023,3.60,0.0977,0.0085,,,,,
5:09:13 PM,35900,3950701753,,,4268,71.1,35900,0.8997,3.59,0.1003,0.0090,,,,,
5:09:18 PM,35900,3950701758,,,4273,71.2,35900,0.8997,3.59,0.1003,0.0088,,,,,
5:09:23 PM,35700,3950701763,,,4279,71.3,35700,0.8947,3.57,0.1053,0.0093,,,,,
5:09:28 PM,35700,3950701768,,,4284,71.4,35700,0.8947,3.57,0.1053,0.0092,,,,,
5:09:34 PM,35800,3950701774,,,4289,71.5,35800,0.8972,3.58,0.1028,0.0090,,,,,
5:09:39 PM,36100,3950701779,,,4295,71.6,36100,0.9048,3.61,0.0952,0.0084,,,,,
5:09:44 PM,36100,3950701784,,,4300,71.7,36100,0.9048,3.61,0.0952,0.0083,,,,,
5:09:50 PM,36200,3950701790,,,4305,71.8,36200,0.9073,3.62,0.0927,0.0082,,,,,
5:09:55 PM,35900,3950701795,,,4310,71.8,35900,0.8997,3.59,0.1003,0.0089,,,,,
5:10:00 PM,36000,3950701800,,,4316,71.9,36000,0.9023,3.60,0.0977,0.0088,,,,,
5:10:06 PM,35800,3950701806,,,4321,72.0,35800,0.8972,3.58,0.1028,0.0092,,,,,
5:10:11 PM,36000,3950701811,,,4327,72.1,36000,0.9023,3.60,0.0977,0.0087,,,,,
5:10:16 PM,36200,3950701816,,,4332,72.2,36200,0.9073,3.62,0.0927,0.0081,,,,,
5:10:22 PM,36100,3950701822,,,4337,72.3,36100,0.9048,3.61,0.0952,0.0085,,,,,
5:10:27 PM,36000,3950701827,,,4343,72.4,36000,0.9023,3.60,0.0977,0.0087,,,,,
5:10:32 PM,36000,3950701832,,,4348,72.5,36000,0.9023,3.60,0.0977,0.0088,,,,,
5:10:38 PM,36000,3950701838,,,4353,72.6,36000,0.9023,3.60,0.0977,0.0086,,,,,
5:10:43 PM,35900,3950701843,,,4359,72.6,35900,0.8997,3.59,0.1003,0.0089,,,,,
5:10:49 PM,36200,3950701849,,,4364,72.7,36200,0.9073,3.62,0.0927,0.0087,,,,,
5:10:54 PM,36100,3950701854,,,4370,72.8,36100,0.9048,3.61,0.0952,0.0086,,,,,
5:10:59 PM,36000,3950701859,,,4375,72.9,36000,0.9023,3.60,0.0977,0.0088,,,,,
5:11:05 PM,36000,3950701865,,,4381,73.0,36000,0.9023,3.60,0.0977,0.0089,,,,,
5:11:10 PM,36100,3950701870,,,4386,73.1,36100,0.9048,3.61,0.0952,0.0085,,,,,
5:11:16 PM,36200,3950701876,,,4391,73.2,36200,0.9073,3.62,0.0927,0.0082,,,,,
5:11:21 PM,36200,3950701881,,,4397,73.3,36200,0.9073,3.62,0.0927,0.0082,,,,,
5:11:26 PM,36100,3950701886,,,4402,73.4,36100,0.9048,3.61,0.0952,0.0084,,,,,
5:11:32 PM,36000,3950701892,,,4407,73.5,36000,0.9023,3.60,0.0977,0.0087,,,,,
5:11:37 PM,36000,3950701897,,,4413,73.5,36000,0.9023,3.60,0.0977,0.0088,,,,,
5:11:42 PM,35800,3950701902,,,4418,73.6,35800,0.8972,3.58,0.1028,0.0093,,,,,
5:11:48 PM,36300,3950701908,,,4423,73.7,36300,0.9098,3.63,0.0902,0.0081,,,,,
5:11:53 PM,36200,3950701913,,,4429,73.8,36200,0.9073,3.62,0.0927,0.0084,,,,,
5:11:59 PM,36300,3950701919,,,4434,73.9,36300,0.9098,3.63,0.0902,0.0082,,,,,
5:12:04 PM,36300,3950701924,,,4440,74.0,36300,0.9098,3.63,0.0902,0.0082,,,,,
5:12:10 PM,36100,3950701930,,,4445,74.1,36100,0.9048,3.61,0.0952,0.0087,,,,,
5:12:15 PM,36100,3950701935,,,4451,74.2,36100,0.9048,3.61,0.0952,0.0086,,,,,
5:12:21 PM,36100,3950701941,,,4456,74.3,36100,0.9048,3.61,0.0952,0.0086,,,,,
5:12:26 PM,36200,3950701946,,,4462,74.4,36200,0.9073,3.62,0.0927,0.0085,,,,,
5:12:32 PM,36100,3950701952,,,4467,74.5,36100,0.9048,3.61,0.0952,0.0087,,,,,
5:12:37 PM,36300,3950701957,,,4473,74.5,36300,0.9098,3.63,0.0902,0.0082,,,,,
5:12:42 PM,35900,3950701962,,,4478,74.6,35900,0.8997,3.59,0.1003,0.0091,,,,,
5:12:48 PM,36000,3950701968,,,4483,74.7,36000,0.9023,3.60,0.0977,0.0089,,,,,
5:12:53 PM,35900,3950701973,,,4489,74.8,35900,0.8997,3.59,0.1003,0.0090,,,,,
5:12:59 PM,36000,3950701979,,,4494,74.9,36000,0.9023,3.60,0.0977,0.0088,,,,,
5:13:04 PM,35900,3950701984,,,4500,75.0,35900,0.8997,3.59,0.1003,0.0091,,,,,
5:13:10 PM,36200,3950701990,,,4505,75.1,36200,0.9073,3.62,0.0927,0.0084,,,,,
5:13:15 PM,36000,3950701995,,,4511,75.2,36000,0.9023,3.60,0.0977,0.0088,,,,,
5:13:20 PM,36000,3950702000,,,4516,75.3,36000,0.9023,3.60,0.0977,0.0088,,,,,
5:13:26 PM,36000,3950702006,,,4521,75.4,36000,0.9023,3.60,0.0977,0.0088,,,,,
5:13:31 PM,36100,3950702011,,,4527,75.4,36100,0.9048,3.61,0.0952,0.0087,,,,,
5:13:37 PM,36300,3950702017,,,4532,75.5,36300,0.9098,3.63,0.0902,0.0083,,,,,
5:13:42 PM,36000,3950702022,,,4538,75.6,36000,0.9023,3.60,0.0977,0.0089,,,,,
5:13:48 PM,36100,3950702028,,,4543,75.7,36100,0.9048,3.61,0.0952,0.0086,,,,,
5:13:53 PM,35900,3950702033,,,4549,75.8,35900,0.8997,3.59,0.1003,0.0090,,,,,
5:13:59 PM,36000,3950702039,,,4554,75.9,36000,0.9023,3.60,0.0977,0.0089,,,,,
5:14:04 PM,36000,3950702044,,,4560,76.0,36000,0.9023,3.60,0.0977,0.0089,,,,,
5:14:09 PM,36100,3950702049,,,4565,76.1,36100,0.9048,3.61,0.0952,0.0086,,,,,
5:14:15 PM,36100,3950702055,,,4570,76.2,36100,0.9048,3.61,0.0952,0.0087,,,,,
5:14:20 PM,36100,3950702060,,,4576,76.3,36100,0.9048,3.61,0.0952,0.0086,,,,,
5:14:26 PM,36000,3950702066,,,4581,76.4,36000,0.9023,3.60,0.0977,0.0090,,,,,
5:14:31 PM,35900,3950702071,,,4587,76.4,35900,0.8997,3.59,0.1003,0.0091,,,,,
5:14:37 PM,35800,3950702077,,,4593,76.5,35800,0.8972,3.58,0.1028,0.0098,,,,,
5:14:43 PM,36000,3950702083,,,4598,76.6,36000,0.9023,3.60,0.0977,0.0094,,,,,
5:14:48 PM,36200,3950702088,,,4604,76.7,36200,0.9073,3.62,0.0927,0.0086,,,,,
5:14:54 PM,36200,3950702094,,,4610,76.8,36200,0.9073,3.62,0.0927,0.0087,,,,,
5:14:59 PM,36100,3950702099,,,4615,76.9,36100,0.9048,3.61,0.0952,0.0087,,,,,
5:15:05 PM,35900,3950702105,,,4621,77.0,35900,0.8997,3.59,0.1003,0.0094,,,,,
5:15:11 PM,36000,3950702111,,,4626,77.1,36000,0.9023,3.60,0.0977,0.0091,,,,,
5:15:16 PM,36000,3950702116,,,4632,77.2,36000,0.9023,3.60,0.0977,0.0091,,,,,
5:15:22 PM,36000,3950702122,,,4637,77.3,36000,0.9023,3.60,0.0977,0.0090,,,,,
5:15:27 PM,36300,3950702127,,,4643,77.4,36300,0.9098,3.63,0.0902,0.0083,,,,,
5:15:33 PM,36300,3950702133,,,4648,77.5,36300,0.9098,3.63,0.0902,0.0083,,,,,
5:15:38 PM,36300,3950702138,,,4654,77.6,36300,0.9098,3.63,0.0902,0.0083,,,,,
5:15:44 PM,36300,3950702144,,,4659,77.7,36300,0.9098,3.63,0.0902,0.0084,,,,,
5:15:49 PM,36200,3950702149,,,4665,77.8,36200,0.9073,3.62,0.0927,0.0087,,,,,
5:15:55 PM,36100,3950702155,,,4671,77.8,36100,0.9048,3.61,0.0952,0.0088,,,,,
5:16:01 PM,36100,3950702161,,,4676,77.9,36100,0.9048,3.61,0.0952,0.0090,,,,,
5:16:06 PM,35900,3950702166,,,4682,78.0,35900,0.8997,3.59,0.1003,0.0095,,,,,
5:16:12 PM,35900,3950702172,,,4688,78.1,35900,0.8997,3.59,0.1003,0.0094,,,,,
5:16:18 PM,36100,3950702178,,,4693,78.2,36100,0.9048,3.61,0.0952,0.0090,,,,,
5:16:23 PM,36100,3950702183,,,4699,78.3,36100,0.9048,3.61,0.0952,0.0089,,,,,
5:16:29 PM,36100,3950702189,,,4705,78.4,36100,0.9048,3.61,0.0952,0.0089,,,,,
5:16:35 PM,36200,3950702195,,,4710,78.5,36200,0.9073,3.62,0.0927,0.0089,,,,,
5:16:40 PM,36100,3950702200,,,4716,78.6,36100,0.9048,3.61,0.0952,0.0089,,,,,
5:16:46 PM,36000,3950702206,,,4722,78.7,36000,0.9023,3.60,0.0977,0.0092,,,,,
5:16:52 PM,36300,3950702212,,,4727,78.8,36300,0.9098,3.63,0.0902,0.0085,,,,,
5:16:57 PM,36300,3950702217,,,4733,78.9,36300,0.9098,3.63,0.0902,0.0087,,,,,
5:17:03 PM,36300,3950702223,,,4739,79.0,36300,0.9098,3.63,0.0902,0.0085,,,,,
5:17:09 PM,36200,3950702229,,,4744,79.1,36200,0.9073,3.62,0.0927,0.0087,,,,,
5:17:14 PM,36100,3950702234,,,4750,79.2,36100,0.9048,3.61,0.0952,0.0088,,,,,
5:17:20 PM,36100,3950702240,,,4755,79.3,36100,0.9048,3.61,0.0952,0.0088,,,,,
5:17:25 PM,36300,3950702245,,,4761,79.3,36300,0.9098,3.63,0.0902,0.0084,,,,,
5:17:31 PM,36200,3950702251,,,4767,79.4,36200,0.9073,3.62,0.0927,0.0088,,,,,
5:17:37 PM,35900,3950702257,,,4772,79.5,35900,0.8997,3.59,0.1003,0.0094,,,,,
5:17:42 PM,36200,3950702262,,,4778,79.6,36200,0.9073,3.62,0.0927,0.0088,,,,,
5:17:48 PM,36200,3950702268,,,4784,79.7,36200,0.9073,3.62,0.0927,0.0088,,,,,
5:17:54 PM,36300,3950702274,,,4789,79.8,36300,0.9098,3.63,0.0902,0.0084,,,,,
5:17:59 PM,36100,3950702279,,,4795,79.9,36100,0.9048,3.61,0.0952,0.0093,,,,,
5:18:05 PM,36500,3950702285,,,4801,80.0,36500,0.9148,3.65,0.0852,0.0085,,,,,
5:18:11 PM,36200,3950702291,,,4807,80.1,36200,0.9073,3.62,0.0927,0.0088,,,,,
5:18:17 PM,36100,3950702297,,,4812,80.2,36100,0.9048,3.61,0.0952,0.0090,,,,,
5:18:23 PM,36100,3950702303,,,4818,80.3,36100,0.9048,3.61,0.0952,0.0090,,,,,
5:18:28 PM,36300,3950702308,,,4824,80.4,36300,0.9098,3.63,0.0902,0.0087,,,,,
5:18:34 PM,36200,3950702314,,,4830,80.5,36200,0.9073,3.62,0.0927,0.0089,,,,,
5:18:40 PM,36000,3950702320,,,4835,80.6,36000,0.9023,3.60,0.0977,0.0093,,,,,
5:18:45 PM,36300,3950702325,,,4841,80.7,36300,0.9098,3.63,0.0902,0.0086,,,,,
5:18:51 PM,36100,3950702331,,,4847,80.8,36100,0.9048,3.61,0.0952,0.0091,,,,,
5:18:57 PM,36000,3950702337,,,4853,80.9,36000,0.9023,3.60,0.0977,0.0096,,,,,
5:19:03 PM,36000,3950702343,,,4858,81.0,36000,0.9023,3.60,0.0977,0.0092,,,,,
5:19:08 PM,36300,3950702348,,,4864,81.1,36300,0.9098,3.63,0.0902,0.0086,,,,,
5:19:14 PM,36000,3950702354,,,4870,81.2,36000,0.9023,3.60,0.0977,0.0093,,,,,
5:19:20 PM,36000,3950702360,,,4875,81.3,36000,0.9023,3.60,0.0977,0.0093,,,,,
5:19:26 PM,36000,3950702366,,,4881,81.4,36000,0.9023,3.60,0.0977,0.0094,,,,,
5:19:31 PM,36000,3950702371,,,4887,81.4,36000,0.9023,3.60,0.0977,0.0093,,,,,
5:19:37 PM,36200,3950702377,,,4893,81.5,36200,0.9073,3.62,0.0927,0.0089,,,,,
5:19:43 PM,36200,3950702383,,,4898,81.6,36200,0.9073,3.62,0.0927,0.0089,,,,,
5:19:49 PM,36000,3950702389,,,4904,81.7,36000,0.9023,3.60,0.0977,0.0094,,,,,
5:19:54 PM,36000,3950702394,,,4910,81.8,36000,0.9023,3.60,0.0977,0.0093,,,,,
5:20:00 PM,35800,3950702400,,,4916,81.9,35800,0.8972,3.58,0.1028,0.0102,,,,,
5:20:06 PM,36200,3950702406,,,4922,82.0,36200,0.9073,3.62,0.0927,0.0089,,,,,
5:20:12 PM,36100,3950702412,,,4927,82.1,36100,0.9048,3.61,0.0952,0.0092,,,,,
5:20:17 PM,36000,3950702417,,,4933,82.2,36000,0.9023,3.60,0.0977,0.0093,,,,,
5:20:23 PM,36000,3950702423,,,4939,82.3,36000,0.9023,3.60,0.0977,0.0094,,,,,
5:20:29 PM,36000,3950702429,,,4945,82.4,36000,0.9023,3.60,0.0977,0.0094,,,,,
5:20:35 PM,36000,3950702435,,,4950,82.5,36000,0.9023,3.60,0.0977,0.0094,,,,,
5:20:40 PM,36000,3950702440,,,4956,82.6,36000,0.9023,3.60,0.0977,0.0093,,,,,
5:20:46 PM,36000,3950702446,,,4962,82.7,36000,0.9023,3.60,0.0977,0.0094,,,,,
5:20:52 PM,36000,3950702452,,,4968,82.8,36000,0.9023,3.60,0.0977,0.0100,,,,,
5:20:58 PM,36200,3950702458,,,4974,82.9,36200,0.9073,3.62,0.0927,0.0090,,,,,
5:21:04 PM,36300,3950702464,,,4980,83.0,36300,0.9098,3.63,0.0902,0.0088,,,,,
5:21:10 PM,36200,3950702470,,,4986,83.1,36200,0.9073,3.62,0.0927,0.0091,,,,,
5:21:16 PM,36100,3950702476,,,4991,83.2,36100,0.9048,3.61,0.0952,0.0093,,,,,
5:21:22 PM,35900,3950702482,,,4997,83.3,35900,0.8997,3.59,0.1003,0.0097,,,,,
5:21:27 PM,36000,3950702487,,,5003,83.4,36000,0.9023,3.60,0.0977,0.0094,,,,,
5:21:33 PM,36200,3950702493,,,5009,83.5,36200,0.9073,3.62,0.0927,0.0090,,,,,
5:21:39 PM,36100,3950702499,,,5015,83.6,36100,0.9048,3.61,0.0952,0.0091,,,,,
5:21:45 PM,36300,3950702505,,,5020,83.7,36300,0.9098,3.63,0.0902,0.0087,,,,,
5:21:51 PM,36200,3950702511,,,5026,83.8,36200,0.9073,3.62,0.0927,0.0090,,,,,
5:21:56 PM,36200,3950702516,,,5032,83.9,36200,0.9073,3.62,0.0927,0.0090,,,,,
5:22:02 PM,36000,3950702522,,,5038,84.0,36000,0.9023,3.60,0.0977,0.0095,,,,,
5:22:08 PM,36200,3950702528,,,5044,84.1,36200,0.9073,3.62,0.0927,0.0089,,,,,
5:22:14 PM,36000,3950702534,,,5049,84.2,36000,0.9023,3.60,0.0977,0.0094,,,,,
5:22:19 PM,36000,3950702539,,,5055,84.3,36000,0.9023,3.60,0.0977,0.0094,,,,,
5:22:25 PM,36000,3950702545,,,5061,84.3,36000,0.9023,3.60,0.0977,0.0094,,,,,
5:22:31 PM,35900,3950702551,,,5067,84.4,35900,0.8997,3.59,0.1003,0.0098,,,,,
5:22:37 PM,35900,3950702557,,,5073,84.5,35900,0.8997,3.59,0.1003,0.0097,,,,,
5:22:43 PM,36000,3950702563,,,5078,84.6,36000,0.9023,3.60,0.0977,0.0095,,,,,
5:22:49 PM,36200,3950702569,,,5084,84.7,36200,0.9073,3.62,0.0927,0.0090,,,,,
5:22:55 PM,36200,3950702575,,,5090,84.8,36200,0.9073,3.62,0.0927,0.0091,,,,,
5:23:00 PM,36000,3950702580,,,5096,84.9,36000,0.9023,3.60,0.0977,0.0096,,,,,
5:23:06 PM,36000,3950702586,,,5102,85.0,36000,0.9023,3.60,0.0977,0.0095,,,,,
5:23:12 PM,36000,3950702592,,,5108,85.1,36000,0.9023,3.60,0.0977,0.0096,,,,,
5:23:18 PM,36400,3950702598,,,5114,85.2,36400,0.9123,3.64,0.0877,0.0087,,,,,
5:23:24 PM,36100,3950702604,,,5120,85.3,36100,0.9048,3.61,0.0952,0.0094,,,,,
5:23:30 PM,36100,3950702610,,,5125,85.4,36100,0.9048,3.61,0.0952,0.0093,,,,,
5:23:36 PM,36100,3950702616,,,5131,85.5,36100,0.9048,3.61,0.0952,0.0093,,,,,
5:23:42 PM,35900,3950702622,,,5137,85.6,35900,0.8997,3.59,0.1003,0.0099,,,,,
5:23:47 PM,35800,3950702627,,,5143,85.7,35800,0.8972,3.58,0.1028,0.0100,,,,,
5:23:53 PM,36000,3950702633,,,5149,85.8,36000,0.9023,3.60,0.0977,0.0097,,,,,
5:23:59 PM,36000,3950702639,,,5155,85.9,36000,0.9023,3.60,0.0977,0.0096,,,,,
5:24:05 PM,36300,3950702645,,,5161,86.0,36300,0.9098,3.63,0.0902,0.0090,,,,,
5:24:11 PM,36200,3950702651,,,5167,86.1,36200,0.9073,3.62,0.0927,0.0091,,,,,
5:24:17 PM,36200,3950702657,,,5173,86.2,36200,0.9073,3.62,0.0927,0.0091,,,,,
5:24:23 PM,36000,3950702663,,,5179,86.3,36000,0.9023,3.60,0.0977,0.0098,,,,,
5:24:29 PM,36000,3950702669,,,5185,86.4,36000,0.9023,3.60,0.0977,0.0096,,,,,
5:24:35 PM,36000,3950702675,,,5191,86.5,36000,0.9023,3.60,0.0977,0.0098,,,,,
5:24:41 PM,36100,3950702681,,,5197,86.6,36100,0.9048,3.61,0.0952,0.0096,,,,,
5:24:47 PM,36100,3950702687,,,5203,86.7,36100,0.9048,3.61,0.0952,0.0094,,,,,
5:24:53 PM,36100,3950702693,,,5209,86.8,36100,0.9048,3.61,0.0952,0.0095,,,,,
5:24:59 PM,36300,3950702699,,,5214,86.9,36300,0.9098,3.63,0.0902,0.0090,,,,,
5:25:05 PM,36300,3950702705,,,5221,87.0,36300,0.9098,3.63,0.0902,0.0090,,,,,
5:25:11 PM,36200,3950702711,,,5226,87.1,36200,0.9073,3.62,0.0927,0.0092,,,,,
5:25:17 PM,36000,3950702717,,,5233,87.2,36000,0.9023,3.60,0.0977,0.0099,,,,,
5:25:23 PM,36000,3950702723,,,5238,87.3,36000,0.9023,3.60,0.0977,0.0096,,,,,
5:25:29 PM,36000,3950702729,,,5244,87.4,36000,0.9023,3.60,0.0977,0.0097,,,,,
5:25:35 PM,35900,3950702735,,,5250,87.5,35900,0.8997,3.59,0.1003,0.0100,,,,,
5:25:41 PM,36000,3950702741,,,5256,87.6,36000,0.9023,3.60,0.0977,0.0096,,,,,
5:25:47 PM,36200,3950702747,,,5262,87.7,36200,0.9073,3.62,0.0927,0.0092,,,,,
5:25:53 PM,36100,3950702753,,,5268,87.8,36100,0.9048,3.61,0.0952,0.0096,,,,,
5:25:59 PM,36200,3950702759,,,5274,87.9,36200,0.9073,3.62,0.0927,0.0092,,,,,
5:26:05 PM,36200,3950702765,,,5280,88.0,36200,0.9073,3.62,0.0927,0.0092,,,,,
5:26:11 PM,36300,3950702771,,,5286,88.1,36300,0.9098,3.63,0.0902,0.0089,,,,,
5:26:17 PM,36200,3950702777,,,5292,88.2,36200,0.9073,3.62,0.0927,0.0093,,,,,
5:26:23 PM,36400,3950702783,,,5298,88.3,36400,0.9123,3.64,0.0877,0.0087,,,,,
5:26:29 PM,36200,3950702789,,,5304,88.4,36200,0.9073,3.62,0.0927,0.0093,,,,,
5:26:35 PM,36100,3950702795,,,5310,88.5,36100,0.9048,3.61,0.0952,0.0098,,,,,
5:26:41 PM,36100,3950702801,,,5316,88.6,36100,0.9048,3.61,0.0952,0.0096,,,,,
5:26:47 PM,36100,3950702807,,,5322,88.7,36100,0.9048,3.61,0.0952,0.0096,,,,,
5:26:53 PM,36100,3950702813,,,5329,88.8,36100,0.9048,3.61,0.0952,0.0097,,,,,
5:26:59 PM,36000,3950702819,,,5335,88.9,36000,0.9023,3.60,0.0977,0.0098,,,,,
5:27:05 PM,36000,3950702825,,,5341,89.0,36000,0.9023,3.60,0.0977,0.0098,,,,,
5:27:11 PM,36000,3950702831,,,5347,89.1,36000,0.9023,3.60,0.0977,0.0100,,,,,
5:27:17 PM,36000,3950702837,,,5353,89.2,36000,0.9023,3.60,0.0977,0.0100,,,,,
5:27:23 PM,36100,3950702843,,,5359,89.3,36100,0.9048,3.61,0.0952,0.0096,,,,,
5:27:29 PM,36000,3950702849,,,5365,89.4,36000,0.9023,3.60,0.0977,0.0099,,,,,
5:27:35 PM,36000,3950702855,,,5371,89.5,36000,0.9023,3.60,0.0977,0.0099,,,,,
5:27:41 PM,36100,3950702861,,,5377,89.6,36100,0.9048,3.61,0.0952,0.0095,,,,,
5:27:47 PM,36200,3950702867,,,5383,89.7,36200,0.9073,3.62,0.0927,0.0094,,,,,
5:27:53 PM,36300,3950702873,,,5389,89.8,36300,0.9098,3.63,0.0902,0.0091,,,,,
5:28:00 PM,36300,3950702880,,,5395,89.9,36300,0.9098,3.63,0.0902,0.0092,,,,,
5:28:06 PM,36400,3950702886,,,5401,90.0,36400,0.9123,3.64,0.0877,0.0088,,,,,
5:28:12 PM,36200,3950702892,,,5407,90.1,36200,0.9073,3.62,0.0927,0.0094,,,,,
5:28:18 PM,36200,3950702898,,,5413,90.2,36200,0.9073,3.62,0.0927,0.0094,,,,,
5:28:24 PM,36100,3950702904,,,5419,90.3,36100,0.9048,3.61,0.0952,0.0096,,,,,
5:28:30 PM,36200,3950702910,,,5426,90.4,36200,0.9073,3.62,0.0927,0.0094,,,,,
5:28:36 PM,36300,3950702916,,,5432,90.5,36300,0.9098,3.63,0.0902,0.0092,,,,,
5:28:42 PM,36100,3950702922,,,5438,90.6,36100,0.9048,3.61,0.0952,0.0100,,,,,
5:28:48 PM,36300,3950702928,,,5444,90.7,36300,0.9098,3.63,0.0902,0.0092,,,,,
5:28:55 PM,36300,3950702935,,,5450,90.8,36300,0.9098,3.63,0.0902,0.0092,,,,,
5:29:01 PM,36500,3950702941,,,5456,90.9,36500,0.9148,3.65,0.0852,0.0087,,,,,
5:29:07 PM,36300,3950702947,,,5462,91.0,36300,0.9098,3.63,0.0902,0.0091,,,,,
5:29:13 PM,36200,3950702953,,,5468,91.1,36200,0.9073,3.62,0.0927,0.0093,,,,,
5:29:19 PM,36200,3950702959,,,5474,91.2,36200,0.9073,3.62,0.0927,0.0094,,,,,
5:29:25 PM,36000,3950702965,,,5481,91.3,36000,0.9023,3.60,0.0977,0.0100,,,,,
5:29:31 PM,36000,3950702971,,,5487,91.4,36000,0.9023,3.60,0.0977,0.0099,,,,,
5:29:37 PM,36300,3950702977,,,5493,91.5,36300,0.9098,3.63,0.0902,0.0092,,,,,
5:29:43 PM,36200,3950702983,,,5499,91.6,36200,0.9073,3.62,0.0927,0.0094,,,,,
5:29:49 PM,36200,3950702989,,,5505,91.7,36200,0.9073,3.62,0.0927,0.0095,,,,,
5:29:55 PM,36300,3950702995,,,5511,91.9,36300,0.9098,3.63,0.0902,0.0093,,,,,
5:30:02 PM,36200,3950703002,,,5517,92.0,36200,0.9073,3.62,0.0927,0.0094,,,,,
5:30:08 PM,36300,3950703008,,,5523,92.1,36300,0.9098,3.63,0.0902,0.0092,,,,,
5:30:14 PM,36300,3950703014,,,5529,92.2,36300,0.9098,3.63,0.0902,0.0092,,,,,
5:30:20 PM,36300,3950703020,,,5536,92.3,36300,0.9098,3.63,0.0902,0.0092,,,,,
5:30:26 PM,36300,3950703026,,,5542,92.4,36300,0.9098,3.63,0.0902,0.0092,,,,,
5:30:32 PM,36000,3950703032,,,5548,92.5,36000,0.9023,3.60,0.0977,0.0100,,,,,
5:30:38 PM,35900,3950703038,,,5554,92.6,35900,0.8997,3.59,0.1003,0.0104,,,,,
5:30:45 PM,36100,3950703045,,,5560,92.7,36100,0.9048,3.61,0.0952,0.0098,,,,,
5:30:51 PM,36100,3950703051,,,5567,92.8,36100,0.9048,3.61,0.0952,0.0105,,,,,
5:30:57 PM,36000,3950703057,,,5573,92.9,36000,0.9023,3.60,0.0977,0.0101,,,,,
5:31:04 PM,36400,3950703064,,,5579,93.0,36400,0.9123,3.64,0.0877,0.0090,,,,,
5:31:10 PM,36100,3950703070,,,5585,93.1,36100,0.9048,3.61,0.0952,0.0099,,,,,
5:31:16 PM,36000,3950703076,,,5592,93.2,36000,0.9023,3.60,0.0977,0.0100,,,,,
5:31:22 PM,36200,3950703082,,,5598,93.3,36200,0.9073,3.62,0.0927,0.0096,,,,,
5:31:28 PM,36100,3950703088,,,5604,93.4,36100,0.9048,3.61,0.0952,0.0098,,,,,
5:31:35 PM,36200,3950703095,,,5610,93.5,36200,0.9073,3.62,0.0927,0.0096,,,,,
5:31:41 PM,36000,3950703101,,,5616,93.6,36000,0.9023,3.60,0.0977,0.0100,,,,,
5:31:47 PM,36200,3950703107,,,5623,93.7,36200,0.9073,3.62,0.0927,0.0097,,,,,
5:31:53 PM,36300,3950703113,,,5629,93.8,36300,0.9098,3.63,0.0902,0.0097,,,,,
5:32:00 PM,36000,3950703120,,,5635,93.9,36000,0.9023,3.60,0.0977,0.0102,,,,,
5:32:06 PM,36200,3950703126,,,5642,94.0,36200,0.9073,3.62,0.0927,0.0097,,,,,
5:32:12 PM,36100,3950703132,,,5648,94.1,36100,0.9048,3.61,0.0952,0.0098,,,,,
5:32:18 PM,36100,3950703138,,,5654,94.2,36100,0.9048,3.61,0.0952,0.0098,,,,,
5:32:25 PM,36100,3950703145,,,5660,94.3,36100,0.9048,3.61,0.0952,0.0099,,,,,
5:32:31 PM,36200,3950703151,,,5666,94.4,36200,0.9073,3.62,0.0927,0.0096,,,,,
5:32:37 PM,36100,3950703157,,,5673,94.5,36100,0.9048,3.61,0.0952,0.0098,,,,,
5:32:43 PM,36000,3950703163,,,5679,94.6,36000,0.9023,3.60,0.0977,0.0101,,,,,
5:32:50 PM,36000,3950703170,,,5685,94.8,36000,0.9023,3.60,0.0977,0.0102,,,,,
5:32:56 PM,36000,3950703176,,,5691,94.9,36000,0.9023,3.60,0.0977,0.0101,,,,,
5:33:02 PM,36100,3950703182,,,5698,95.0,36100,0.9048,3.61,0.0952,0.0101,,,,,
5:33:09 PM,36100,3950703189,,,5704,95.1,36100,0.9048,3.61,0.0952,0.0102,,,,,
5:33:15 PM,36100,3950703195,,,5710,95.2,36100,0.9048,3.61,0.0952,0.0101,,,,,
5:33:21 PM,36000,3950703201,,,5717,95.3,36000,0.9023,3.60,0.0977,0.0102,,,,,
5:33:27 PM,36000,3950703207,,,5723,95.4,36000,0.9023,3.60,0.0977,0.0103,,,,,
5:33:34 PM,36000,3950703214,,,5729,95.5,36000,0.9023,3.60,0.0977,0.0102,,,,,
5:33:40 PM,36100,3950703220,,,5736,95.6,36100,0.9048,3.61,0.0952,0.0100,,,,,
5:33:46 PM,36200,3950703226,,,5742,95.7,36200,0.9073,3.62,0.0927,0.0098,,,,,
5:33:53 PM,36100,3950703233,,,5748,95.8,36100,0.9048,3.61,0.0952,0.0102,,,,,
5:33:59 PM,36300,3950703239,,,5755,95.9,36300,0.9098,3.63,0.0902,0.0095,,,,,
5:34:05 PM,36300,3950703245,,,5761,96.0,36300,0.9098,3.63,0.0902,0.0096,,,,,
5:34:12 PM,36300,3950703252,,,5767,96.1,36300,0.9098,3.63,0.0902,0.0093,,,,,
5:34:18 PM,36300,3950703258,,,5774,96.2,36300,0.9098,3.63,0.0902,0.0094,,,,,
5:34:24 PM,36200,3950703264,,,5780,96.3,36200,0.9073,3.62,0.0927,0.0096,,,,,
5:34:30 PM,36200,3950703270,,,5786,96.4,36200,0.9073,3.62,0.0927,0.0096,,,,,
5:34:37 PM,36200,3950703277,,,5792,96.5,36200,0.9073,3.62,0.0927,0.0098,,,,,
5:34:43 PM,36300,3950703283,,,5799,96.6,36300,0.9098,3.63,0.0902,0.0095,,,,,
5:34:49 PM,36300,3950703289,,,5805,96.7,36300,0.9098,3.63,0.0902,0.0094,,,,,
5:34:55 PM,36200,3950703295,,,5811,96.9,36200,0.9073,3.62,0.0927,0.0096,,,,,
5:35:02 PM,35800,3950703302,,,5817,97.0,35800,0.8972,3.58,0.1028,0.0109,,,,,
5:35:08 PM,36000,3950703308,,,5824,97.1,36000,0.9023,3.60,0.0977,0.0104,,,,,
5:35:15 PM,36000,3950703315,,,5830,97.2,36000,0.9023,3.60,0.0977,0.0104,,,,,
5:35:21 PM,36000,3950703321,,,5837,97.3,36000,0.9023,3.60,0.0977,0.0103,,,,,
5:35:27 PM,36200,3950703327,,,5843,97.4,36200,0.9073,3.62,0.0927,0.0099,,,,,
5:35:34 PM,36200,3950703334,,,5849,97.5,36200,0.9073,3.62,0.0927,0.0098,,,,,
5:35:40 PM,36200,3950703340,,,5856,97.6,36200,0.9073,3.62,0.0927,0.0098,,,,,
5:35:46 PM,36300,3950703346,,,5862,97.7,36300,0.9098,3.63,0.0902,0.0095,,,,,
5:35:53 PM,36300,3950703353,,,5869,97.8,36300,0.9098,3.63,0.0902,0.0103,,,,,
5:35:59 PM,36300,3950703359,,,5875,97.9,36300,0.9098,3.63,0.0902,0.0095,,,,,
5:36:06 PM,36300,3950703366,,,5881,98.0,36300,0.9098,3.63,0.0902,0.0095,,,,,
5:36:12 PM,36000,3950703372,,,5888,98.1,36000,0.9023,3.60,0.0977,0.0105,,,,,
5:36:19 PM,36300,3950703379,,,5894,98.2,36300,0.9098,3.63,0.0902,0.0095,,,,,
5:36:25 PM,36300,3950703385,,,5901,98.3,36300,0.9098,3.63,0.0902,0.0097,,,,,
5:36:32 PM,36100,3950703392,,,5907,98.5,36100,0.9048,3.61,0.0952,0.0103,,,,,
5:36:38 PM,36300,3950703398,,,5914,98.6,36300,0.9098,3.63,0.0902,0.0098,,,,,
5:36:44 PM,36300,3950703404,,,5920,98.7,36300,0.9098,3.63,0.0902,0.0097,,,,,
5:36:51 PM,36400,3950703411,,,5926,98.8,36400,0.9123,3.64,0.0877,0.0094,,,,,
5:36:57 PM,36300,3950703417,,,5933,98.9,36300,0.9098,3.63,0.0902,0.0096,,,,,
5:37:04 PM,36300,3950703424,,,5939,99.0,36300,0.9098,3.63,0.0902,0.0097,,,,,
5:37:10 PM,36200,3950703430,,,5946,99.1,36200,0.9073,3.62,0.0927,0.0099,,,,,
5:37:17 PM,36300,3950703437,,,5952,99.2,36300,0.9098,3.63,0.0902,0.0097,,,,,
5:37:23 PM,36100,3950703443,,,5959,99.3,36100,0.9048,3.61,0.0952,0.0103,,,,,
5:37:30 PM,36000,3950703450,,,5965,99.4,36000,0.9023,3.60,0.0977,0.0105,,,,,
5:37:36 PM,36100,3950703456,,,5972,99.5,36100,0.9048,3.61,0.0952,0.0102,,,,,
5:37:42 PM,36400,3950703462,,,5978,99.6,36400,0.9123,3.64,0.0877,0.0095,,,,,
5:37:49 PM,36400,3950703469,,,5984,99.7,36400,0.9123,3.64,0.0877,0.0094,,,,,
5:37:55 PM,36200,3950703475,,,5991,99.8,36200,0.9073,3.62,0.0927,0.0100,,,,,
5:38:02 PM,36200,3950703482,,,5997,100.0,36200,0.9073,3.62,0.0927,0.0101,,,,,
5:38:08 PM,36300,3950703488,,,6004,100.1,36300,0.9098,3.63,0.0902,0.0096,,,,,
5:38:15 PM,36500,3950703495,,,6010,100.2,36500,0.9148,3.65,0.0852,0.0091,,,,,
5:38:21 PM,36500,3950703501,,,6017,100.3,36500,0.9148,3.65,0.0852,0.0092,,,,,
5:38:28 PM,36300,3950703508,,,6023,100.4,36300,0.9098,3.63,0.0902,0.0098,,,,,
5:38:34 PM,36300,3950703514,,,6030,100.5,36300,0.9098,3.63,0.0902,0.0098,,,,,
5:38:41 PM,36000,3950703521,,,6036,100.6,36000,0.9023,3.60,0.0977,0.0107,,,,,
5:38:47 PM,36000,3950703527,,,6043,100.7,36000,0.9023,3.60,0.0977,0.0107,,,,,
5:38:54 PM,36300,3950703534,,,6050,100.8,36300,0.9098,3.63,0.0902,0.0099,,,,,
5:39:00 PM,36500,3950703540,,,6056,100.9,36500,0.9148,3.65,0.0852,0.0093,,,,,
5:39:07 PM,36400,3950703547,,,6063,101.0,36400,0.9123,3.64,0.0877,0.0095,,,,,
5:39:13 PM,36400,3950703553,,,6069,101.2,36400,0.9123,3.64,0.0877,0.0095,,,,,
5:39:20 PM,36400,3950703560,,,6075,101.3,36400,0.9123,3.64,0.0877,0.0094,,,,,
5:39:26 PM,36200,3950703566,,,6082,101.4,36200,0.9073,3.62,0.0927,0.0101,,,,,
5:39:33 PM,36100,3950703573,,,6089,101.5,36100,0.9048,3.61,0.0952,0.0104,,,,,
5:39:39 PM,36300,3950703579,,,6095,101.6,36300,0.9098,3.63,0.0902,0.0097,,,,,
5:39:46 PM,36100,3950703586,,,6101,101.7,36100,0.9048,3.61,0.0952,0.0103,,,,,
5:39:52 PM,36000,3950703592,,,6108,101.8,36000,0.9023,3.60,0.0977,0.0106,,,,,
5:39:59 PM,36000,3950703599,,,6115,101.9,36000,0.9023,3.60,0.0977,0.0107,,,,,
5:40:05 PM,36200,3950703605,,,6121,102.0,36200,0.9073,3.62,0.0927,0.0101,,,,,
5:40:12 PM,36300,3950703612,,,6128,102.1,36300,0.9098,3.63,0.0902,0.0098,,,,,
5:40:18 PM,36100,3950703618,,,6134,102.2,36100,0.9048,3.61,0.0952,0.0104,,,,,
5:40:25 PM,36100,3950703625,,,6141,102.3,36100,0.9048,3.61,0.0952,0.0104,,,,,
5:40:32 PM,36300,3950703632,,,6147,102.5,36300,0.9098,3.63,0.0902,0.0099,,,,,
5:40:38 PM,36200,3950703638,,,6154,102.6,36200,0.9073,3.62,0.0927,0.0102,,,,,
5:40:45 PM,36200,3950703645,,,6160,102.7,36200,0.9073,3.62,0.0927,0.0102,,,,,
5:40:52 PM,36100,3950703652,,,6167,102.8,36100,0.9048,3.61,0.0952,0.0109,,,,,
5:40:58 PM,36300,3950703658,,,6174,102.9,36300,0.9098,3.63,0.0902,0.0100,,,,,
5:41:05 PM,36300,3950703665,,,6180,103.0,36300,0.9098,3.63,0.0902,0.0099,,,,,
5:41:11 PM,36400,3950703671,,,6187,103.1,36400,0.9123,3.64,0.0877,0.0096,,,,,
5:41:18 PM,36300,3950703678,,,6194,103.2,36300,0.9098,3.63,0.0902,0.0099,,,,,
5:41:25 PM,36100,3950703685,,,6200,103.3,36100,0.9048,3.61,0.0952,0.0103,,,,,
5:41:31 PM,36100,3950703691,,,6207,103.4,36100,0.9048,3.61,0.0952,0.0104,,,,,
5:41:38 PM,36200,3950703698,,,6213,103.6,36200,0.9073,3.62,0.0927,0.0102,,,,,
5:41:44 PM,36200,3950703704,,,6220,103.7,36200,0.9073,3.62,0.0927,0.0101,,,,,
5:41:51 PM,36300,3950703711,,,6226,103.8,36300,0.9098,3.63,0.0902,0.0098,,,,,
5:41:57 PM,36300,3950703717,,,6233,103.9,36300,0.9098,3.63,0.0902,0.0099,,,,,
5:42:04 PM,36100,3950703724,,,6240,104.0,36100,0.9048,3.61,0.0952,0.0104,,,,,
5:42:10 PM,36300,3950703730,,,6246,104.1,36300,0.9098,3.63,0.0902,0.0099,,,,,
5:42:17 PM,36500,3950703737,,,6253,104.2,36500,0.9148,3.65,0.0852,0.0094,,,,,
5:42:24 PM,36300,3950703744,,,6259,104.3,36300,0.9098,3.63,0.0902,0.0099,,,,,
5:42:30 PM,36500,3950703750,,,6266,104.4,36500,0.9148,3.65,0.0852,0.0093,,,,,
5:42:37 PM,36300,3950703757,,,6272,104.5,36300,0.9098,3.63,0.0902,0.0100,,,,,
5:42:44 PM,36300,3950703764,,,6279,104.7,36300,0.9098,3.63,0.0902,0.0101,,,,,
5:42:51 PM,36500,3950703771,,,6286,104.8,36500,0.9148,3.65,0.0852,0.0098,,,,,
5:42:57 PM,36300,3950703777,,,6293,104.9,36300,0.9098,3.63,0.0902,0.0100,,,,,
5:43:04 PM,36100,3950703784,,,6299,105.0,36100,0.9048,3.61,0.0952,0.0107,,,,,
5:43:10 PM,36500,3950703790,,,6306,105.1,36500,0.9148,3.65,0.0852,0.0094,,,,,
5:43:17 PM,36300,3950703797,,,6313,105.2,36300,0.9098,3.63,0.0902,0.0101,,,,,
5:43:24 PM,36400,3950703804,,,6319,105.3,36400,0.9123,3.64,0.0877,0.0098,,,,,
5:43:31 PM,36000,3950703811,,,6326,105.4,36000,0.9023,3.60,0.0977,0.0109,,,,,
5:43:37 PM,36000,3950703817,,,6333,105.5,36000,0.9023,3.60,0.0977,0.0109,,,,,
5:43:44 PM,36100,3950703824,,,6340,105.7,36100,0.9048,3.61,0.0952,0.0112,,,,,
5:43:51 PM,36200,3950703831,,,6347,105.8,36200,0.9073,3.62,0.0927,0.0106,,,,,
5:43:58 PM,36100,3950703838,,,6353,105.9,36100,0.9048,3.61,0.0952,0.0106,,,,,
5:44:05 PM,36200,3950703845,,,6360,106.0,36200,0.9073,3.62,0.0927,0.0103,,,,,
5:44:11 PM,36300,3950703851,,,6367,106.1,36300,0.9098,3.63,0.0902,0.0100,,,,,
5:44:18 PM,36300,3950703858,,,6374,106.2,36300,0.9098,3.63,0.0902,0.0101,,,,,
5:44:25 PM,36100,3950703865,,,6380,106.3,36100,0.9048,3.61,0.0952,0.0106,,,,,
5:44:31 PM,36100,3950703871,,,6387,106.4,36100,0.9048,3.61,0.0952,0.0106,,,,,
5:44:38 PM,36300,3950703878,,,6394,106.6,36300,0.9098,3.63,0.0902,0.0103,,,,,
5:44:45 PM,36500,3950703885,,,6400,106.7,36500,0.9148,3.65,0.0852,0.0097,,,,,
5:44:52 PM,36300,3950703892,,,6407,106.8,36300,0.9098,3.63,0.0902,0.0103,,,,,
5:44:58 PM,36300,3950703898,,,6414,106.9,36300,0.9098,3.63,0.0902,0.0102,,,,,
5:45:05 PM,36100,3950703905,,,6421,107.0,36100,0.9048,3.61,0.0952,0.0108,,,,,
5:45:12 PM,36300,3950703912,,,6428,107.1,36300,0.9098,3.63,0.0902,0.0102,,,,,
5:45:19 PM,36200,3950703919,,,6434,107.2,36200,0.9073,3.62,0.0927,0.0105,,,,,
5:45:26 PM,36300,3950703926,,,6441,107.4,36300,0.9098,3.63,0.0902,0.0101,,,,,
5:45:32 PM,36300,3950703932,,,6448,107.5,36300,0.9098,3.63,0.0902,0.0101,,,,,
5:45:39 PM,36200,3950703939,,,6455,107.6,36200,0.9073,3.62,0.0927,0.0103,,,,,
5:45:46 PM,36300,3950703946,,,6461,107.7,36300,0.9098,3.63,0.0902,0.0101,,,,,
5:45:52 PM,36400,3950703952,,,6468,107.8,36400,0.9123,3.64,0.0877,0.0098,,,,,
5:45:59 PM,36300,3950703959,,,6475,107.9,36300,0.9098,3.63,0.0902,0.0102,,,,,
5:46:06 PM,36300,3950703966,,,6482,108.0,36300,0.9098,3.63,0.0902,0.0103,,,,,
5:46:13 PM,36400,3950703973,,,6488,108.1,36400,0.9123,3.64,0.0877,0.0098,,,,,
5:46:19 PM,36400,3950703979,,,6495,108.3,36400,0.9123,3.64,0.0877,0.0098,,,,,
5:46:26 PM,36400,3950703986,,,6502,108.4,36400,0.9123,3.64,0.0877,0.0099,,,,,
5:46:33 PM,36300,3950703993,,,6509,108.5,36300,0.9098,3.63,0.0902,0.0101,,,,,
5:46:40 PM,36300,3950704000,,,6515,108.6,36300,0.9098,3.63,0.0902,0.0102,,,,,
5:46:46 PM,36000,3950704006,,,6522,108.7,36000,0.9023,3.60,0.0977,0.0111,,,,,
5:46:53 PM,36000,3950704013,,,6529,108.8,36000,0.9023,3.60,0.0977,0.0110,,,,,
5:47:00 PM,36000,3950704020,,,6536,108.9,36000,0.9023,3.60,0.0977,0.0110,,,,,
5:47:07 PM,36300,3950704027,,,6542,109.0,36300,0.9098,3.63,0.0902,0.0102,,,,,
5:47:14 PM,36300,3950704034,,,6549,109.2,36300,0.9098,3.63,0.0902,0.0102,,,,,
5:47:20 PM,36400,3950704040,,,6556,109.3,36400,0.9123,3.64,0.0877,0.0099,,,,,
5:47:27 PM,36000,3950704047,,,6563,109.4,36000,0.9023,3.60,0.0977,0.0111,,,,,
5:47:34 PM,36200,3950704054,,,6570,109.5,36200,0.9073,3.62,0.0927,0.0106,,,,,
5:47:41 PM,36400,3950704061,,,6576,109.6,36400,0.9123,3.64,0.0877,0.0099,,,,,
5:47:48 PM,36300,3950704068,,,6583,109.7,36300,0.9098,3.63,0.0902,0.0102,,,,,
5:47:54 PM,36200,3950704074,,,6590,109.8,36200,0.9073,3.62,0.0927,0.0106,,,,,
5:48:01 PM,36000,3950704081,,,6597,109.9,36000,0.9023,3.60,0.0977,0.0112,,,,,
5:48:08 PM,36200,3950704088,,,6604,110.1,36200,0.9073,3.62,0.0927,0.0105,,,,,
5:48:15 PM,36100,3950704095,,,6611,110.2,36100,0.9048,3.61,0.0952,0.0109,,,,,
5:48:22 PM,36300,3950704102,,,6617,110.3,36300,0.9098,3.63,0.0902,0.0103,,,,,
5:48:29 PM,36300,3950704109,,,6624,110.4,36300,0.9098,3.63,0.0902,0.0105,,,,,
5:48:36 PM,36200,3950704116,,,6631,110.5,36200,0.9073,3.62,0.0927,0.0107,,,,,
5:48:43 PM,35900,3950704123,,,6638,110.6,35900,0.8997,3.59,0.1003,0.0116,,,,,
5:48:50 PM,36100,3950704130,,,6645,110.8,36100,0.9048,3.61,0.0952,0.0111,,,,,
5:48:57 PM,36300,3950704137,,,6652,110.9,36300,0.9098,3.63,0.0902,0.0104,,,,,
5:49:04 PM,36300,3950704144,,,6659,111.0,36300,0.9098,3.63,0.0902,0.0104,,,,,
5:49:10 PM,36200,3950704150,,,6666,111.1,36200,0.9073,3.62,0.0927,0.0106,,,,,
5:49:17 PM,36000,3950704157,,,6673,111.2,36000,0.9023,3.60,0.0977,0.0112,,,,,
5:49:24 PM,36100,3950704164,,,6680,111.3,36100,0.9048,3.61,0.0952,0.0110,,,,,
5:49:31 PM,36000,3950704171,,,6687,111.4,36000,0.9023,3.60,0.0977,0.0112,,,,,
5:49:38 PM,36100,3950704178,,,6694,111.6,36100,0.9048,3.61,0.0952,0.0109,,,,,
5:49:45 PM,36200,3950704185,,,6700,111.7,36200,0.9073,3.62,0.0927,0.0105,,,,,
5:49:52 PM,36300,3950704192,,,6707,111.8,36300,0.9098,3.63,0.0902,0.0102,,,,,
5:49:58 PM,36000,3950704198,,,6714,111.9,36000,0.9023,3.60,0.0977,0.0113,,,,,
5:50:05 PM,36300,3950704205,,,6721,112.0,36300,0.9098,3.63,0.0902,0.0105,,,,,
5:50:12 PM,36400,3950704212,,,6728,112.1,36400,0.9123,3.64,0.0877,0.0101,,,,,
5:50:19 PM,36100,3950704219,,,6735,112.2,36100,0.9048,3.61,0.0952,0.0110,,,,,
5:50:26 PM,36200,3950704226,,,6742,112.4,36200,0.9073,3.62,0.0927,0.0107,,,,,
5:50:33 PM,36300,3950704233,,,6749,112.5,36300,0.9098,3.63,0.0902,0.0104,,,,,
5:50:40 PM,36300,3950704240,,,6756,112.6,36300,0.9098,3.63,0.0902,0.0104,,,,,
5:50:47 PM,36300,3950704247,,,6762,112.7,36300,0.9098,3.63,0.0902,0.0104,,,,,
5:50:54 PM,36200,3950704254,,,6770,112.8,36200,0.9073,3.62,0.0927,0.0113,,,,,
5:51:01 PM,36200,3950704261,,,6777,112.9,36200,0.9073,3.62,0.0927,0.0107,,,,,
5:51:08 PM,36000,3950704268,,,6784,113.1,36000,0.9023,3.60,0.0977,0.0115,,,,,
5:51:15 PM,36300,3950704275,,,6791,113.2,36300,0.9098,3.63,0.0902,0.0106,,,,,
5:51:22 PM,36100,3950704282,,,6798,113.3,36100,0.9048,3.61,0.0952,0.0111,,,,,
5:51:29 PM,36500,3950704289,,,6805,113.4,36500,0.9148,3.65,0.0852,0.0099,,,,,
5:51:36 PM,36300,3950704296,,,6812,113.5,36300,0.9098,3.63,0.0902,0.0104,,,,,
5:51:43 PM,36300,3950704303,,,6819,113.6,36300,0.9098,3.63,0.0902,0.0106,,,,,
5:51:50 PM,36100,3950704310,,,6826,113.8,36100,0.9048,3.61,0.0952,0.0110,,,,,
5:51:57 PM,36000,3950704317,,,6833,113.9,36000,0.9023,3.60,0.0977,0.0115,,,,,
5:52:04 PM,36100,3950704324,,,6840,114.0,36100,0.9048,3.61,0.0952,0.0113,,,,,
5:52:11 PM,36300,3950704331,,,6847,114.1,36300,0.9098,3.63,0.0902,0.0106,,,,,
5:52:18 PM,36200,3950704338,,,6854,114.2,36200,0.9073,3.62,0.0927,0.0108,,,,,
5:52:25 PM,36300,3950704345,,,6861,114.3,36300,0.9098,3.63,0.0902,0.0105,,,,,
5:52:32 PM,36200,3950704352,,,6868,114.5,36200,0.9073,3.62,0.0927,0.0108,,,,,
5:52:39 PM,36300,3950704359,,,6875,114.6,36300,0.9098,3.63,0.0902,0.0108,,,,,
5:52:46 PM,36300,3950704366,,,6882,114.7,36300,0.9098,3.63,0.0902,0.0106,,,,,
5:52:53 PM,36100,3950704373,,,6889,114.8,36100,0.9048,3.61,0.0952,0.0112,,,,,
5:53:00 PM,36100,3950704380,,,6896,114.9,36100,0.9048,3.61,0.0952,0.0112,,,,,
5:53:07 PM,36300,3950704387,,,6903,115.1,36300,0.9098,3.63,0.0902,0.0106,,,,,
5:53:14 PM,36200,3950704394,,,6910,115.2,36200,0.9073,3.62,0.0927,0.0108,,,,,
5:53:21 PM,36300,3950704401,,,6917,115.3,36300,0.9098,3.63,0.0902,0.0106,,,,,
5:53:29 PM,36300,3950704409,,,6924,115.4,36300,0.9098,3.63,0.0902,0.0106,,,,,
5:53:36 PM,36300,3950704416,,,6931,115.5,36300,0.9098,3.63,0.0902,0.0105,,,,,
5:53:43 PM,36300,3950704423,,,6938,115.6,36300,0.9098,3.63,0.0902,0.0106,,,,,
5:53:50 PM,36300,3950704430,,,6945,115.8,36300,0.9098,3.63,0.0902,0.0106,,,,,
5:53:57 PM,36300,3950704437,,,6952,115.9,36300,0.9098,3.63,0.0902,0.0107,,,,,
5:54:04 PM,36500,3950704444,,,6960,116.0,36500,0.9148,3.65,0.0852,0.0101,,,,,
5:54:11 PM,36300,3950704451,,,6967,116.1,36300,0.9098,3.63,0.0902,0.0105,,,,,
5:54:18 PM,36100,3950704458,,,6974,116.2,36100,0.9048,3.61,0.0952,0.0113,,,,,
5:54:25 PM,36000,3950704465,,,6981,116.3,36000,0.9023,3.60,0.0977,0.0115,,,,,
5:54:32 PM,36000,3950704472,,,6988,116.5,36000,0.9023,3.60,0.0977,0.0115,,,,,
5:54:39 PM,36100,3950704479,,,6995,116.6,36100,0.9048,3.61,0.0952,0.0112,,,,,
5:54:46 PM,36100,3950704486,,,7002,116.7,36100,0.9048,3.61,0.0952,0.0114,,,,,
5:54:54 PM,36000,3950704494,,,7009,116.8,36000,0.9023,3.60,0.0977,0.0117,,,,,
5:55:01 PM,36200,3950704501,,,7016,116.9,36200,0.9073,3.62,0.0927,0.0110,,,,,
5:55:08 PM,36100,3950704508,,,7023,117.1,36100,0.9048,3.61,0.0952,0.0113,,,,,
5:55:15 PM,36000,3950704515,,,7031,117.2,36000,0.9023,3.60,0.0977,0.0116,,,,,
5:55:22 PM,36300,3950704522,,,7038,117.3,36300,0.9098,3.63,0.0902,0.0107,,,,,
5:55:29 PM,36100,3950704529,,,7045,117.4,36100,0.9048,3.61,0.0952,0.0113,,,,,
5:55:36 PM,36000,3950704536,,,7052,117.5,36000,0.9023,3.60,0.0977,0.0116,,,,,
5:55:43 PM,36100,3950704543,,,7059,117.6,36100,0.9048,3.61,0.0952,0.0112,,,,,
5:55:51 PM,36200,3950704551,,,7066,117.8,36200,0.9073,3.62,0.0927,0.0110,,,,,
5:55:58 PM,36100,3950704558,,,7073,117.9,36100,0.9048,3.61,0.0952,0.0111,,,,,
5:56:05 PM,36200,3950704565,,,7080,118.0,36200,0.9073,3.62,0.0927,0.0109,,,,,
5:56:12 PM,36200,3950704572,,,7087,118.1,36200,0.9073,3.62,0.0927,0.0111,,,,,
5:56:19 PM,36200,3950704579,,,7095,118.2,36200,0.9073,3.62,0.0927,0.0111,,,,,
5:56:26 PM,36300,3950704586,,,7102,118.4,36300,0.9098,3.63,0.0902,0.0109,,,,,
5:56:33 PM,36000,3950704593,,,7109,118.5,36000,0.9023,3.60,0.0977,0.0118,,,,,
5:56:41 PM,35900,3950704601,,,7116,118.6,35900,0.8997,3.59,0.1003,0.0119,,,,,
5:56:48 PM,36100,3950704608,,,7123,118.7,36100,0.9048,3.61,0.0952,0.0114,,,,,
5:56:55 PM,36100,3950704615,,,7130,118.8,36100,0.9048,3.61,0.0952,0.0113,,,,,
5:57:02 PM,36200,3950704622,,,7138,119.0,36200,0.9073,3.62,0.0927,0.0113,,,,,
5:57:09 PM,36100,3950704629,,,7145,119.1,36100,0.9048,3.61,0.0952,0.0114,,,,,
5:57:17 PM,36400,3950704637,,,7152,119.2,36400,0.9123,3.64,0.0877,0.0105,,,,,
5:57:24 PM,36400,3950704644,,,7159,119.3,36400,0.9123,3.64,0.0877,0.0107,,,,,
5:57:31 PM,36400,3950704651,,,7167,119.4,36400,0.9123,3.64,0.0877,0.0105,,,,,
5:57:38 PM,36300,3950704658,,,7174,119.6,36300,0.9098,3.63,0.0902,0.0108,,,,,
5:57:45 PM,36500,3950704665,,,7181,119.7,36500,0.9148,3.65,0.0852,0.0101,,,,,
5:57:53 PM,36300,3950704673,,,7188,119.8,36300,0.9098,3.63,0.0902,0.0109,,,,,
5:58:00 PM,36400,3950704680,,,7195,119.9,36400,0.9123,3.64,0.0877,0.0104,,,,,
5:58:07 PM,36300,3950704687,,,7202,120.0,36300,0.9098,3.63,0.0902,0.0108,,,,,
5:58:14 PM,36000,3950704694,,,7210,120.2,36000,0.9023,3.60,0.0977,0.0117,,,,,
5:58:21 PM,36300,3950704701,,,7217,120.3,36300,0.9098,3.63,0.0902,0.0109,,,,,
5:58:29 PM,36300,3950704709,,,7224,120.4,36300,0.9098,3.63,0.0902,0.0111,,,,,
,,,,,,,,,,,,,,,,
