,sensor [Auto],,,,
,CO2,Pressure,Temperature,Humidity,
05/22/26 10:43:54.955,,"1008",,,
05/22/26 10:43:55.215,,,"23.6",,
05/22/26 10:43:55.482,,,,"55.5",
05/22/26 10:44:48.362,"480","1008","23.6","55.3",
05/22/26 10:45:18.356,"460","1008","23.6","55.6",
05/22/26 10:45:48.356,"500","1008","23.6","55.2",
05/22/26 10:46:18.357,"470","1008","23.5","55.3",
05/22/26 10:46:48.357,"460","1008","23.6","55.3",
05/22/26 10:47:18.357,"540","1008","23.6","55.3",
05/22/26 10:47:48.357,"530","1008","23.6","55.1",
05/22/26 10:48:18.347,"530","1008","23.6","55.1",
05/22/26 10:48:48.354,"530","1008","23.6","54.4",
05/22/26 10:49:18.351,"500","1008","23.6","55.1",
05/22/26 10:49:41.250,"500","1008","23.6","54.7",
05/22/26 10:55:49.973,"111270","1008","23.5","54.4",
05/22/26 10:55:54.971,"111420","1008","23.5","54.5",
05/22/26 10:55:59.967,"111420","1008","23.5","54.3",
05/22/26 10:56:04.966,"111130","1008","23.5","54.4",
05/22/26 10:56:09.967,"110840","1008","23.5","54.4",
05/22/26 10:56:14.967,"110840","1008","23.5","54.3",
05/22/26 10:56:19.975,"110700","1008","23.5","54.5",
05/22/26 10:56:24.973,"111130","1008","23.5","54.3",
05/22/26 10:56:29.980,"111270","1008","23.5","54.3",
05/22/26 10:56:34.978,"111270","1008","23.5","54.3",
05/22/26 10:56:39.975,"111270","1008","23.5","54.3",
05/22/26 10:56:44.968,"111270","1008","23.5","54.2",
05/22/26 10:56:49.975,"111270","1008","23.5","54.4",
05/22/26 10:56:54.979,"111270","1008","23.5","54.4",
05/22/26 10:56:59.969,"111430","1008","23.4","54.6",
05/22/26 10:57:04.978,"111420","1008","23.4","54.5",
05/22/26 10:57:09.970,"111570","1008","23.5","54.6",
05/22/26 10:57:14.976,"111710","1008","23.4","54.4",
05/22/26 10:57:19.979,"111270","1008","23.5","54.4",
05/22/26 10:57:24.979,"111430","1008","23.5","54.8",
05/22/26 10:57:29.976,"111270","1008","23.5","54.8",
05/22/26 10:57:34.973,"111430","1008","23.5","54.7",
05/22/26 10:57:39.974,"111280","1008","23.5","54.8",
05/22/26 10:57:44.981,"111570","1008","23.5","54.7",
05/22/26 10:57:49.981,"111570","1008","23.5","54.4",
05/22/26 10:57:54.974,"111570","1008","23.5","54.4",
05/22/26 10:57:59.979,"111860","1008","23.5","54.2",
05/22/26 10:58:04.978,"112290","1008","23.5","54.6",
05/22/26 10:58:09.974,"111860","1008","23.5","55.6",
05/22/26 10:58:14.977,"112290","1008","23.5","55.4",
05/22/26 10:58:19.974,"112730","1008","23.5","55",
05/22/26 10:58:24.966,"112880","1008","23.5","54.7",
05/22/26 10:58:29.975,"112290","1008","23.5","54.5",
05/22/26 10:58:34.978,"111860","1008","23.5","54.5",
05/22/26 10:58:39.972,"112440","1008","23.5","54.8",
05/22/26 10:58:44.981,"113030","1008","23.5","54.7",
05/22/26 10:58:49.980,"112440","1008","23.5","54.7",
05/22/26 10:58:54.981,"112150","1008","23.5","54.7",
05/22/26 10:58:59.966,"112000","1008","23.5","54.5",
05/22/26 10:59:04.976,"111860","1008","23.5","54.6",
05/22/26 10:59:09.982,"112300","1008","23.5","54.8",
05/22/26 10:59:14.975,"112440","1008","23.5","54.5",
05/22/26 10:59:19.968,"112300","1008","23.5","54.3",
05/22/26 10:59:24.977,"111860","1008","23.5","54.3",
05/22/26 10:59:29.972,"111860","1008","23.5","54.6",
05/22/26 10:59:34.981,"111570","1008","23.5","54.4",
05/22/26 10:59:39.974,"111000","1008","23.5","54.5",
05/22/26 10:59:44.980,"110420","1008","23.5","54.5",
05/22/26 10:59:49.974,"108970","1008","23.5","54.5",
05/22/26 10:59:54.967,"106320","1008","23.5","54.4",
05/22/26 10:59:59.975,"104950","1008","23.5","54.6",
05/22/26 11:00:04.969,"103060","1008","23.5","54.5",
05/22/26 11:00:09.979,"102680","1008","23.5","54.1",
05/22/26 11:00:14.971,"102150","1008","23.5","54.2",
05/22/26 11:00:19.981,"101640","1008","23.5","54.3",
05/22/26 11:00:24.982,"100990","1008","23.5","54.2",
05/22/26 11:00:29.980,"100720","1008","23.5","54.2",
05/22/26 11:00:34.969,"100850","1008","23.5","54.3",
05/22/26 11:00:39.982,"100850","1008","23.5","54.3",
05/22/26 11:00:44.978,"100200","1008","23.5","54.2",
05/22/26 11:00:49.980,"100460","1008","23.5","54.1",
05/22/26 11:00:54.981,"100730","1008","23.5","54.3",
05/22/26 11:00:59.977,"100860","1008","23.5","54.3",
05/22/26 11:01:04.972,"100990","1008","23.5","54.6",
05/22/26 11:01:09.968,"101120","1008","23.5","54.6",
05/22/26 11:01:14.971,"100860","1008","23.5","54.5",
05/22/26 11:01:19.971,"100330","1008","23.5","54.2",
05/22/26 11:01:24.981,"100990","1008","23.5","54",
05/22/26 11:01:29.973,"100860","1008","23.5","54.2",
05/22/26 11:01:34.981,"101110","1008","23.4","54.2",
05/22/26 11:01:39.971,"101120","1008","23.4","54.3",
05/22/26 11:01:44.978,"101640","1008","23.4","54.5",
05/22/26 11:01:49.980,"100990","1008","23.4","54.3",
05/22/26 11:01:54.977,"100730","1008","23.4","54.9",
05/22/26 11:01:59.972,"100200","1008","23.4","54.7",
05/22/26 11:02:04.970,"100200","1008","23.4","54.7",
05/22/26 11:02:09.978,"100860","1008","23.4","54.6",
05/22/26 11:02:14.982,"100990","1008","23.4","54.6",
05/22/26 11:02:19.973,"100990","1008","23.4","54.5",
05/22/26 11:02:24.980,"101380","1008","23.4","54.6",
05/22/26 11:02:29.981,"101120","1008","23.4","54.6",
05/22/26 11:02:34.973,"101380","1008","23.4","54.8",
05/22/26 11:02:39.982,"100990","1008","23.5","54.8",
05/22/26 11:02:44.975,"100730","1008","23.5","54.9",
05/22/26 11:02:49.980,"100860","1008","23.5","54.6",
05/22/26 11:02:54.979,"101120","1008","23.5","54.9",
05/22/26 11:02:59.983,"100730","1008","23.5","54.8",
05/22/26 11:03:04.976,"101380","1008","23.5","54.7",
05/22/26 11:03:09.973,"100990","1008","23.5","54.5",
05/22/26 11:03:14.981,"100990","1008","23.5","54.7",
05/22/26 11:03:19.983,"100600","1008","23.5","54.6",
05/22/26 11:03:24.983,"100860","1008","23.5","54.5",
05/22/26 11:03:29.984,"100600","1008","23.5","54.4",
05/22/26 11:03:34.984,"100990","1008","23.5","54.4",
05/22/26 11:03:39.969,"101250","1008","23.5","54.4",
05/22/26 11:03:44.982,"101120","1008","23.5","54.4",
05/22/26 11:03:49.984,"101380","1008","23.5","54.3",
05/22/26 11:03:54.975,"100990","1008","23.5","54.2",
05/22/26 11:03:59.982,"100460","1008","23.5","54.2",
05/22/26 11:04:04.976,"100990","1008","23.5","54.5",
05/22/26 11:04:09.982,"101380","1008","23.5","54.6",
05/22/26 11:04:14.982,"101250","1008","23.5","54.3",
05/22/26 11:04:19.981,"101640","1008","23.5","54.2",
05/22/26 11:04:24.984,"101380","1008","23.5","54.1",
05/22/26 11:04:29.981,"100600","1008","23.5","54.1",
05/22/26 11:04:34.978,"99810","1008","23.5","54.4",
05/22/26 11:04:39.984,"99950","1008","23.4","54.5",
05/22/26 11:04:44.978,"99550","1008","23.4","54.4",
05/22/26 11:04:49.982,"100340","1008","23.4","54.4",
05/22/26 11:04:54.977,"100080","1008","23.5","54.5",
05/22/26 11:04:59.983,"100340","1008","23.5","54.6",
05/22/26 11:05:04.978,"99950","1008","23.5","54.2",
05/22/26 11:05:09.979,"99950","1008","23.5","54.2",
05/22/26 11:05:14.970,"100080","1008","23.5","54",
05/22/26 11:05:19.985,"99810","1008","23.5","54.2",
05/22/26 11:05:24.977,"99550","1008","23.5","54.4",
05/22/26 11:05:29.969,"99810","1008","23.5","54.3",
05/22/26 11:05:34.979,"100080","1008","23.5","54.3",
05/22/26 11:05:39.979,"100070","1008","23.5","54.4",
05/22/26 11:05:44.982,"99680","1008","23.5","54.7",
05/22/26 11:05:49.981,"99180","1008","23.5","54.5",
05/22/26 11:05:54.975,"100080","1008","23.5","54.6",
05/22/26 11:05:59.985,"99180","1008","23.5","54.6",
05/22/26 11:06:04.975,"99300","1008","23.5","54.5",
05/22/26 11:06:09.979,"99180","1008","23.5","54.4",
05/22/26 11:06:14.977,"99680","1008","23.5","54.4",
05/22/26 11:06:19.984,"99680","1008","23.5","54.7",
05/22/26 11:06:24.983,"99680","1008","23.5","54.7",
05/22/26 11:06:29.971,"99680","1008","23.5","54.5",
05/22/26 11:06:34.979,"100470","1008","23.5","54.2",
05/22/26 11:06:39.983,"100340","1008","23.5","54.4",
05/22/26 11:06:44.985,"99950","1008","23.5","54.4",
05/22/26 11:06:49.970,"99810","1008","23.5","54.3",
05/22/26 11:06:54.978,"99810","1008","23.5","54.3",
05/22/26 11:06:59.985,"99950","1008","23.5","54.2",
05/22/26 11:07:04.985,"99680","1008","23.5","54.3",
05/22/26 11:07:09.985,"99430","1008","23.5","54.3",
05/22/26 11:07:14.985,"98810","1008","23.5","54.1",
05/22/26 11:07:19.985,"99810","1008","23.5","54.2",
05/22/26 11:07:24.985,"99550","1008","23.5","54.3",
05/22/26 11:07:29.985,"99300","1008","23.5","54.2",
05/22/26 11:07:34.985,"100080","1008","23.5","54.3",
05/22/26 11:07:39.985,"100210","1008","23.5","54.2",
05/22/26 11:07:44.985,"100210","1008","23.5","54.4",
05/22/26 11:07:49.985,"100600","1008","23.5","54.4",
05/22/26 11:07:54.986,"99680","1008","23.4","54.4",
05/22/26 11:07:59.985,"100080","1008","23.4","54.3",
05/22/26 11:08:04.985,"99810","1008","23.4","54.2",
05/22/26 11:08:09.986,"99550","1008","23.4","54.4",
05/22/26 11:08:14.985,"99060","1008","23.4","54.3",
05/22/26 11:08:19.985,"99060","1008","23.4","54.4",
05/22/26 11:08:24.986,"98560","1008","23.4","54.5",
05/22/26 11:08:29.985,"98810","1008","23.4","54.5",
05/22/26 11:08:34.985,"98810","1008","23.4","54.5",
05/22/26 11:08:39.985,"98930","1008","23.4","54.4",
05/22/26 11:08:44.986,"98690","1008","23.4","54.7",
05/22/26 11:08:49.986,"98190","1008","23.4","54.7",
05/22/26 11:08:54.985,"98560","1008","23.4","54.8",
05/22/26 11:08:59.986,"97820","1008","23.4","54.5",
05/22/26 11:09:04.986,"97190","1008","23.4","54.3",
05/22/26 11:09:09.986,"97440","1008","23.4","54.3",
05/22/26 11:09:14.986,"97070","1008","23.4","54.3",
05/22/26 11:09:19.986,"96580","1008","23.4","54.2",
05/22/26 11:09:24.986,"96820","1008","23.4","54.1",
05/22/26 11:09:29.986,"96450","1008","23.4","54.2",
05/22/26 11:09:34.986,"96210","1008","23.4","54.1",
05/22/26 11:09:39.986,"95710","1008","23.4","54.1",
05/22/26 11:09:44.986,"95710","1008","23.4","54.2",
05/22/26 11:09:49.986,"95580","1008","23.4","54.4",
05/22/26 11:09:54.987,"94990","1008","23.4","54.6",
05/22/26 11:09:59.987,"94530","1008","23.4","54.4",
05/22/26 11:10:04.987,"94640","1008","23.4","54.5",
05/22/26 11:10:09.987,"94760","1008","23.4","54.6",
05/22/26 11:10:14.987,"94530","1008","23.4","54.6",
05/22/26 11:10:19.986,"94170","1008","23.4","54.6",
05/22/26 11:10:24.987,"93820","1008","23.4","54.4",
05/22/26 11:10:29.987,"93470","1008","23.4","54.5",
05/22/26 11:10:34.987,"93470","1008","23.4","54.6",
05/22/26 11:10:39.987,"93000","1008","23.4","54.8",
05/22/26 11:10:44.986,"92880","1008","23.4","54.6",
05/22/26 11:10:49.987,"92880","1008","23.3","54.4",
05/22/26 11:10:54.987,"92650","1008","23.3","54.5",
05/22/26 11:10:59.988,"92530","1008","23.4","54.3",
05/22/26 11:11:04.987,"92300","1008","23.4","54.4",
05/22/26 11:11:09.988,"91710","1008","23.3","54.5",
05/22/26 11:11:14.987,"91150","1008","23.4","54.4",
05/22/26 11:11:19.987,"90930","1007","23.4","54.3",
05/22/26 11:11:24.987,"90810","1008","23.4","54.4",
05/22/26 11:11:29.988,"90250","1008","23.4","54.4",
05/22/26 11:11:34.987,"89910","1008","23.4","54.3",
05/22/26 11:11:39.988,"89680","1008","23.5","54.2",
05/22/26 11:11:44.988,"89680","1008","23.4","54.2",
05/22/26 11:11:49.988,"89800","1008","23.4","54.4",
05/22/26 11:11:54.988,"89800","1008","23.4","54.3",
05/22/26 11:11:59.988,"89240","1008","23.4","54.3",
05/22/26 11:12:04.987,"89130","1008","23.4","54.5",
05/22/26 11:12:09.987,"88900","1008","23.4","54.1",
05/22/26 11:12:14.988,"88790","1008","23.3","54.1",
05/22/26 11:12:19.987,"88120","1008","23.3","54.7",
05/22/26 11:12:24.988,"88020","1008","23.3","54.9",
05/22/26 11:12:29.988,"88120","1007","23.3","55",
05/22/26 11:12:34.988,"87590","1008","23.4","54.9",
05/22/26 11:12:39.988,"87270","1008","23.4","54.8",
05/22/26 11:12:44.988,"86950","1008","23.3","54.6",
05/22/26 11:12:49.989,"86520","1008","23.3","54.6",
05/22/26 11:12:54.989,"86100","1008","23.3","54.8",
05/22/26 11:12:59.989,"85780","1008","23.4","54.6",
05/22/26 11:13:04.988,"85560","1008","23.4","54.5",
05/22/26 11:13:09.989,"85780","1008","23.4","54.6",
05/22/26 11:13:14.988,"85780","1008","23.3","54.6",
05/22/26 11:13:19.989,"85030","1008","23.3","54.6",
05/22/26 11:13:24.988,"84720","1008","23.4","54.7",
05/22/26 11:13:29.989,"85030","1007","23.4","54.3",
05/22/26 11:13:34.989,"84930","1008","23.4","54.5",
05/22/26 11:13:39.989,"85250","1008","23.4","54.5",
05/22/26 11:13:44.989,"83600","1008","23.4","54.4",
05/22/26 11:13:49.989,"69800","1008","23.4","54.6",
05/22/26 11:13:54.989,"48850","1008","23.4","54.6",
05/22/26 11:13:59.989,"32360","1008","23.4","54.5",
05/22/26 11:14:04.988,"21100","1008","23.4","54.5",
05/22/26 11:14:09.989,"13930","1008","23.4","54.5",
05/22/26 11:14:14.989,"9520","1008","23.4","54.7",
05/22/26 11:14:19.989,"6880","1008","23.3","54.7",
05/22/26 11:14:24.989,"5260","1008","23.4","54.4",
05/22/26 11:14:29.990,"4190","1008","23.3","54.5",
05/22/26 11:14:34.989,"3600","1008","23.4","54.7",
05/22/26 11:14:39.989,"3130","1008","23.4","54.9",
05/22/26 11:14:44.989,"2830","1008","23.4","54.7",
05/22/26 11:14:49.990,"2520","1008","23.4","54.6",
05/22/26 11:14:54.989,"2320","1008","23.4","54.8",
05/22/26 11:14:59.989,"2190","1008","23.4","54.9",
05/22/26 11:15:04.990,"2050","1008","23.4","55",
05/22/26 11:15:09.990,"1910","1008","23.4","54.9",
05/22/26 11:15:14.990,"1780","1008","23.4","54.6",
05/22/26 11:15:19.990,"1720","1008","23.4","54.6",
05/22/26 11:15:24.990,"1610","1008","23.4","54.6",
05/22/26 11:15:29.989,"1510","1008","23.4","54.2",
05/22/26 11:15:34.990,"1470","1008","23.4","54.5",
05/22/26 11:15:39.990,"1410","1008","23.4","54.5",
05/22/26 11:15:44.990,"1310","1008","23.4","54.6",
05/22/26 11:15:49.990,"1260","1008","23.3","54.8",
05/22/26 11:15:54.991,"1220","1008","23.3","54.9",
05/22/26 11:15:59.990,"1150","1008","23.3","54.8",
05/22/26 11:16:04.990,"1110","1008","23.3","54.7",
05/22/26 11:16:09.990,"1050","1008","23.3","54.5",
05/22/26 11:16:14.990,"1010","1008","23.3","54.7",
05/22/26 11:16:19.989,"970","1008","23.3","54.6",
05/22/26 11:16:24.990,"950","1008","23.3","54.7",
05/22/26 11:16:29.990,"910","1008","23.3","54.6",
05/22/26 11:16:34.991,"880","1008","23.3","54.6",
05/22/26 11:16:39.991,"830","1008","23.4","54.8",
05/22/26 11:16:44.990,"790","1008","23.3","54.8",
05/22/26 11:16:49.990,"770","1008","23.4","54.7",
05/22/26 11:16:54.990,"730","1008","23.4","54.5",
05/22/26 11:16:59.991,"680","1008","23.4","54.4",
05/22/26 11:17:04.991,"660","1008","23.4","54.4",
05/22/26 11:17:09.991,"660","1008","23.4","54.6",
05/22/26 11:17:14.991,"620","1008","23.4","54.5",
05/22/26 11:17:19.991,"590","1008","23.4","54.6",
05/22/26 11:17:24.991,"600","1008","23.4","54.3",
05/22/26 11:17:29.991,"560","1008","23.4","54.4",
05/22/26 11:17:34.992,"540","1008","23.4","55.1",
05/22/26 11:17:39.991,"540","1008","23.4","55",
05/22/26 11:17:44.991,"540","1008","23.4","54.6",
05/22/26 11:17:49.991,"520","1008","23.4","54.7",
05/22/26 11:17:54.991,"500","1008","23.4","54.7",
05/22/26 11:17:59.992,"500","1008","23.4","54.5",
05/22/26 11:18:04.992,"470","1008","23.4","55",
05/22/26 11:18:09.991,"470","1008","23.4","54.9",
05/22/26 11:18:14.991,"470","1008","23.4","54.6",
05/22/26 11:18:19.991,"450","1008","23.4","54.8",
05/22/26 11:18:24.991,"440","1008","23.4","54.8",
05/22/26 11:18:29.992,"430","1008","23.4","55",
05/22/26 11:18:34.992,"420","1008","23.4","54.8",
05/22/26 11:18:39.992,"430","1008","23.4","54.6",
05/22/26 11:18:44.992,"430","1008","23.4","54.8",
05/22/26 11:18:49.992,"420","1008","23.4","54.7",
05/22/26 11:18:54.992,"410","1008","23.4","54.4",
05/22/26 11:18:59.992,"370","1008","23.3","54.4",
05/22/26 11:19:04.992,"360","1008","23.3","54.5",
05/22/26 11:19:09.991,"350","1008","23.3","54.5",
05/22/26 11:19:14.992,"360","1008","23.4","54.5",
05/22/26 11:19:19.992,"350","1008","23.4","54.3",
05/22/26 11:19:24.992,"330","1008","23.3","54.3",
05/22/26 11:19:29.992,"320","1008","23.4","54.4",
05/22/26 11:19:34.992,"340","1008","23.4","54.3",
05/22/26 11:19:39.993,"330","1008","23.4","54.2",
05/22/26 11:19:44.992,"310","1008","23.4","54.4",
05/22/26 11:19:49.992,"300","1008","23.4","54.3",
05/22/26 11:19:54.992,"310","1008","23.3","54.1",
05/22/26 11:19:59.992,"300","1008","23.3","54",
05/22/26 11:20:04.992,"310","1008","23.3","54",
05/22/26 11:20:09.992,"300","1008","23.4","54.1",
05/22/26 11:20:14.992,"280","1008","23.4","54.2",
05/22/26 11:20:19.993,"280","1007","23.4","54.3",
05/22/26 11:20:24.993,"280","1008","23.3","54.3",
05/22/26 11:20:29.992,"270","1008","23.3","54.3",
05/22/26 11:20:34.993,"290","1008","23.3","54.1",
05/22/26 11:20:39.993,"280","1007","23.3","53.9",
05/22/26 11:20:44.992,"250","1008","23.3","53.9",
05/22/26 11:20:49.993,"250","1007","23.4","53.9",
05/22/26 11:20:54.993,"240","1008","23.4","53.9",
05/22/26 11:20:59.993,"220","1008","23.4","53.8",
05/22/26 11:21:04.993,"250","1008","23.4","53.6",
05/22/26 11:21:09.993,"250","1007","23.4","53.8",
05/22/26 11:21:14.993,"240","1008","23.4","53.7",
05/22/26 11:21:19.994,"240","1007","23.4","53.7",
05/22/26 11:21:24.993,"220","1007","23.4","53.8",
05/22/26 11:21:29.993,"210","1007","23.4","54.1",
05/22/26 11:21:34.993,"230","1008","23.4","54",
05/22/26 11:21:39.993,"220","1007","23.4","53.7",
05/22/26 11:21:44.994,"220","1008","23.4","54.1",
05/22/26 11:21:49.994,"220","1007","23.4","53.9",
05/22/26 11:21:54.993,"190","1008","23.4","53.6",
05/22/26 11:21:59.994,"220","1007","23.4","53.5",
05/22/26 11:22:04.994,"210","1007","23.4","53.7",
05/22/26 11:22:09.994,"200","1008","23.5","53.7",
05/22/26 11:22:14.994,"180","1008","23.5","53.5",
05/22/26 11:22:19.994,"200","1007","23.4","53.4",
05/22/26 11:22:24.994,"190","1008","23.4","53.6",
05/22/26 11:22:29.994,"200","1008","23.4","53.7",
05/22/26 11:22:34.994,"190","1007","23.4","53.6",
05/22/26 11:22:39.995,"200","1007","23.4","53.4",
05/22/26 11:22:44.994,"210","1007","23.4","53.3",
05/22/26 11:22:49.994,"210","1007","23.4","53.6",
05/22/26 11:22:54.993,"190","1007","23.4","53.8",
05/22/26 11:23:00.021,"200","1008","23.4","54",
05/22/26 11:23:04.993,"190","1007","23.5","53.9",
05/22/26 11:23:09.993,"190","1007","23.5","53.9",
05/22/26 11:23:14.994,"190","1007","23.5","54",
05/22/26 11:23:19.994,"160","1007","23.5","54",
05/22/26 11:23:24.994,"150","1008","23.5","54",
05/22/26 11:23:29.990,"120","1007","23.5","53.9",
05/22/26 11:23:34.985,"130","1008","23.5","53.9",
05/22/26 11:23:39.994,"170","1007","23.6","53.9",
05/22/26 11:23:44.993,"170","1008","23.6","53.9",
05/22/26 11:23:49.990,"170","1008","23.6","53.9",
05/22/26 11:23:54.994,"190","1008","23.6","53.9",
05/22/26 11:23:59.991,"160","1008","23.6","53.9",
05/22/26 11:24:04.994,"170","1008","23.6","53.9",
05/22/26 11:24:09.991,"170","1008","23.6","53.9",
05/22/26 11:24:14.995,"170","1008","23.6","53.9",
05/22/26 11:24:19.994,"170","1008","23.5","53.6",
05/22/26 11:24:24.993,"170","1008","23.5","53.5",
05/22/26 11:24:29.995,"140","1008","23.5","53.7",
05/22/26 11:24:34.994,"120","1008","23.5","53.9",
05/22/26 11:24:39.990,"130","1008","23.5","53.9",
05/22/26 11:24:44.993,"130","1007","23.5","54.1",
05/22/26 11:24:49.996,"160","1008","23.5","54.2",
05/22/26 11:24:54.993,"150","1008","23.5","54",
05/22/26 11:24:59.994,"150","1008","23.5","54",
05/22/26 11:25:04.995,"150","1008","23.5","54.1",
05/22/26 11:25:09.994,"150","1008","23.5","54.1",
05/22/26 11:25:14.995,"140","1008","23.6","54",
05/22/26 11:25:19.994,"160","1008","23.6","54",
05/22/26 11:25:24.990,"170","1008","23.6","53.8",
05/22/26 11:25:29.996,"140","1008","23.6","53.7",
05/22/26 11:25:34.994,"120","1008","23.6","53.7",
05/22/26 11:25:39.994,"150","1008","23.6","53.7",
05/22/26 11:25:44.994,"140","1008","23.6","53.8",
05/22/26 11:25:49.994,"140","1008","23.6","53.8",
05/22/26 11:25:54.995,"150","1008","23.6","54",
05/22/26 11:25:59.994,"140","1008","23.6","54.2",
05/22/26 11:26:04.992,"110","1008","23.6","54.1",
05/22/26 11:26:09.991,"100","1008","23.6","54.1",
05/22/26 11:26:14.994,"100","1008","23.6","54.1",
05/22/26 11:26:19.995,"90","1008","23.6","54.2",
05/22/26 11:26:24.994,"80","1008","23.6","54.1",
05/22/26 11:26:29.995,"110","1008","23.6","54.1",
05/22/26 11:26:34.996,"100","1008","23.6","54.2",
05/22/26 11:26:39.993,"110","1008","23.6","53.8",
05/22/26 11:26:44.995,"100","1008","23.6","53.8",
05/22/26 11:26:49.996,"90","1008","23.6","54",
05/22/26 11:26:54.996,"110","1008","23.6","54.2",
05/22/26 11:26:59.992,"110","1008","23.5","53.9",
05/22/26 11:27:04.995,"100","1008","23.5","53.9",
05/22/26 11:27:09.996,"110","1008","23.5","53.9",
05/22/26 11:27:14.996,"120","1008","23.5","54",
05/22/26 11:27:19.988,"110","1008","23.5","54",
05/22/26 11:27:24.996,"120","1008","23.6","54.3",
05/22/26 11:27:29.995,"140","1008","23.6","54.1",
05/22/26 11:27:34.996,"140","1008","23.6","53.9",
05/22/26 11:27:39.994,"140","1007","23.6","54",
05/22/26 11:27:44.995,"140","1008","23.5","53.8",
05/22/26 11:27:49.996,"120","1008","23.5","53.7",
05/22/26 11:27:54.996,"110","1007","23.5","53.7",
05/22/26 11:27:59.991,"90","1008","23.5","53.6",
05/22/26 11:28:04.993,"80","1008","23.5","53.7",
05/22/26 11:28:09.995,"100","1008","23.5","53.7",
05/22/26 11:28:14.990,"80","1008","23.6","53.6",
05/22/26 11:28:19.996,"90","1008","23.5","53.7",
05/22/26 11:28:24.997,"100","1008","23.5","53.8",
05/22/26 11:28:29.996,"100","1008","23.5","53.7",
05/22/26 11:28:34.995,"70","1008","23.6","53.7",
05/22/26 11:28:39.996,"80","1008","23.6","53.8",
05/22/26 11:28:44.996,"70","1008","23.6","53.7",
05/22/26 11:28:49.997,"80","1008","23.6","53.6",
05/22/26 11:28:54.997,"110","1008","23.6","53.5",
05/22/26 11:28:59.997,"110","1008","23.6","53.7",
05/22/26 11:29:04.991,"90","1008","23.6","53.5",
05/22/26 11:29:09.996,"100","1008","23.6","53.4",
05/22/26 11:29:14.997,"110","1008","23.6","53.4",
05/22/26 11:29:19.998,"100","1008","23.5","53.3",
05/22/26 11:29:24.997,"90","1008","23.5","53.3",
05/22/26 11:29:29.997,"90","1008","23.5","53.7",
05/22/26 11:29:34.996,"70","1008","23.5","53.7",
05/22/26 11:29:39.997,"60","1007","23.5","53.8",
05/22/26 11:29:44.997,"70","1008","23.5","53.7",
05/22/26 11:29:49.989,"80","1008","23.5","53.6",
05/22/26 11:29:54.997,"70","1008","23.5","53.5",
05/22/26 11:29:59.997,"70","1008","23.5","53.8",
05/22/26 11:30:04.998,"70","1008","23.6","53.8",
05/22/26 11:30:09.997,"80","1008","23.6","53.8",
05/22/26 11:30:14.996,"70","1008","23.6","53.8",
05/22/26 11:30:19.997,"80","1008","23.6","53.8",
05/22/26 11:30:24.995,"100","1008","23.6","53.6",
05/22/26 11:30:29.994,"80","1008","23.6","53.6",
05/22/26 11:30:34.997,"70","1008","23.6","53.7",
05/22/26 11:30:39.996,"80","1008","23.6","53.8",
05/22/26 11:30:44.998,"80","1008","23.6","53.8",
05/22/26 11:30:49.987,"60","1008","23.6","54.1",
05/22/26 11:30:54.997,"70","1008","23.6","54.1",
05/22/26 11:30:59.997,"60","1008","23.7","54.4",
05/22/26 11:31:04.997,"80","1008","23.7","54.6",
05/22/26 11:31:09.989,"90","1008","23.7","54.6",
05/22/26 11:31:14.998,"90","1008","23.7","54.5",
05/22/26 11:31:19.996,"80","1008","23.7","54.4",
05/22/26 11:31:24.998,"80","1008","23.7","54.3",
05/22/26 11:31:29.995,"80","1008","23.7","54.3",
05/22/26 11:31:34.998,"90","1008","23.7","54.2",
05/22/26 11:31:39.997,"70","1008","23.7","54.1",
05/22/26 11:31:44.999,"70","1008","23.7","54.2",
05/22/26 11:31:49.997,"60","1008","23.7","54.1",
05/22/26 11:31:54.993,"80","1008","23.7","53.7",
05/22/26 11:31:59.998,"100","1008","23.7","53.7",
05/22/26 11:32:04.995,"100","1008","23.7","53.8",
05/22/26 11:32:09.995,"110","1008","23.7","53.8",
05/22/26 11:32:14.998,"90","1008","23.7","53.8",
05/22/26 11:32:19.997,"90","1008","23.7","53.8",
05/22/26 11:32:24.999,"100","1008","23.7","53.6",
05/22/26 11:32:29.999,"100","1008","23.7","53.6",
05/22/26 11:32:34.999,"100","1007","23.7","53.7",
05/22/26 11:32:39.997,"90","1008","23.7","53.3",
05/22/26 11:32:44.998,"90","1008","23.7","53.2",
05/22/26 11:32:49.998,"80","1008","23.7","53.4",
05/22/26 11:32:54.997,"90","1007","23.7","53.7",
05/22/26 11:32:59.999,"90","1008","23.7","53.6",
05/22/26 11:33:04.998,"110","1008","23.7","53.5",
05/22/26 11:33:09.996,"100","1008","23.7","53.5",
05/22/26 11:33:14.997,"80","1008","23.7","53.5",
05/22/26 11:33:19.994,"90","1008","23.7","53.5",
05/22/26 11:33:24.994,"80","1008","23.7","53.4",
05/22/26 11:33:29.999,"80","1008","23.7","53.5",
05/22/26 11:33:34.998,"70","1008","23.7","53.5",
05/22/26 11:33:39.999,"60","1008","23.7","53.3",
05/22/26 11:33:44.995,"60","1008","23.7","53.2",
05/22/26 11:33:49.997,"60","1008","23.7","53.4",
05/22/26 11:33:54.999,"70","1008","23.7","53.5",
05/22/26 11:33:59.996,"80","1008","23.7","53.6",
05/22/26 11:34:04.999,"50","1008","23.8","53.6",
05/22/26 11:34:09.999,"60","1008","23.8","53.5",
05/22/26 11:34:14.992,"90","1008","23.8","53.6",
05/22/26 11:34:19.999,"60","1008","23.8","53.6",
05/22/26 11:34:25.000,"50","1008","23.8","53.6",
05/22/26 11:34:30.000,"70","1008","23.8","53.6",
05/22/26 11:34:34.994,"50","1008","23.8","53.5",
05/22/26 11:34:39.999,"50","1008","23.8","53.4",
05/22/26 11:34:44.999,"50","1008","23.8","53.4",
05/22/26 11:34:49.996,"60","1008","23.8","53.4",
05/22/26 11:34:54.999,"50","1008","23.8","53.5",
05/22/26 11:34:59.998,"50","1008","23.8","53.7",
05/22/26 11:35:05.000,"70","1008","23.8","53.7",
05/22/26 11:35:09.997,"60","1008","23.8","53.8",
05/22/26 11:35:14.998,"50","1008","23.8","53.6",
05/22/26 11:35:20.000,"50","1008","23.7","53.5",
05/22/26 11:35:24.996,"60","1008","23.7","53.6",
05/22/26 11:35:30.000,"30","1008","23.8","53.6",
05/22/26 11:35:34.992,"40","1008","23.8","53.6",
05/22/26 11:35:39.999,"40","1008","23.8","53.5",
05/22/26 11:35:45.000,"30","1008","23.8","53.3",
05/22/26 11:35:49.999,"50","1008","23.7","53.3",
05/22/26 11:35:55.001,"60","1008","23.8","53.5",
05/22/26 11:36:00.000,"80","1008","23.8","53.5",
05/22/26 11:36:04.999,"50","1008","23.8","53.6",
05/22/26 11:36:09.999,"70","1008","23.8","53.6",
05/22/26 11:36:14.999,"90","1008","23.8","53.7",
05/22/26 11:36:19.999,"90","1008","23.8","54.1",
05/22/26 11:36:25.000,"80","1008","23.8","54.1",
05/22/26 11:36:29.999,"60","1008","23.8","53.9",
05/22/26 11:36:34.994,"50","1008","23.8","53.7",
05/22/26 11:36:39.996,"70","1008","23.8","53.6",
05/22/26 11:36:44.995,"40","1008","23.8","53.4",
05/22/26 11:36:50.000,"30","1008","23.7","53.2",
05/22/26 11:36:55.000,"40","1008","23.7","53.5",
05/22/26 11:37:00.001,"30","1008","23.8","53.6",
05/22/26 11:37:04.996,"40","1008","23.8","53.6",
05/22/26 11:37:09.999,"40","1008","23.8","53.6",
05/22/26 11:37:15.000,"40","1008","23.8","53.6",
05/22/26 11:37:20.000,"40","1008","23.8","53.7",
05/22/26 11:37:24.993,"60","1008","23.8","53.6",
05/22/26 11:37:30.000,"50","1008","23.8","53.5",
05/22/26 11:37:35.000,"30","1008","23.8","53.5",
05/22/26 11:37:40.001,"30","1008","23.8","53.4",
05/22/26 11:37:45.001,"60","1008","23.8","53.4",
05/22/26 11:37:49.990,"60","1008","23.8","53.4",
05/22/26 11:37:55.001,"60","1007","23.8","53.5",
05/22/26 11:37:59.994,"40","1008","23.8","53.4",
05/22/26 11:38:05.001,"60","1008","23.8","53.6",
05/22/26 11:38:10.000,"60","1008","23.8","53.6",
05/22/26 11:38:15.001,"60","1008","23.8","53.4",
05/22/26 11:38:20.001,"50","1008","23.8","53.3",
05/22/26 11:38:25.000,"60","1008","23.8","53.2",
05/22/26 11:38:30.001,"70","1008","23.8","53.1",
05/22/26 11:38:34.995,"60","1008","23.8","53.1",
05/22/26 11:38:40.001,"70","1008","23.8","53.2",
05/22/26 11:38:45.000,"50","1008","23.8","53.2",
05/22/26 11:38:50.002,"40","1008","23.8","53.3",
05/22/26 11:38:55.001,"40","1008","23.8","53.2",
05/22/26 11:39:00.002,"50","1008","23.8","53.3",
05/22/26 11:39:05.002,"60","1008","23.8","53.4",
05/22/26 11:39:10.002,"80","1008","23.8","53.1",
05/22/26 11:39:15.000,"90","1008","23.8","53.2",
05/22/26 11:39:20.000,"70","1008","23.8","53.3",
05/22/26 11:39:24.997,"60","1008","23.8","53.2",
05/22/26 11:39:30.001,"60","1008","23.8","53.4",
05/22/26 11:39:35.001,"50","1008","23.8","53.2",
05/22/26 11:39:40.001,"60","1008","23.8","53.2",
05/22/26 11:39:45.001,"70","1008","23.8","53.3",
05/22/26 11:39:50.000,"50","1008","23.7","53",
05/22/26 11:39:55.002,"70","1007","23.7","53",
05/22/26 11:40:00.001,"70","1008","23.7","53",
05/22/26 11:40:05.002,"50","1008","23.7","52.9",
05/22/26 11:40:09.995,"60","1008","23.7","53.2",
05/22/26 11:40:15.001,"50","1008","23.8","53.3",
05/22/26 11:40:20.002,"60","1008","23.8","53.3",
05/22/26 11:40:25.001,"60","1008","23.8","53.2",
05/22/26 11:40:30.002,"60","1008","23.8","53.3",
05/22/26 11:40:35.001,"50","1008","23.8","53.4",
05/22/26 11:40:40.002,"60","1008","23.8","53.4",
05/22/26 11:40:45.002,"30","1008","23.8","53.4",
05/22/26 11:40:50.001,"30","1008","23.8","53.2",
05/22/26 11:40:55.001,"30","1008","23.8","53.2",
05/22/26 11:41:00.001,"20","1008","23.8","53.3",
05/22/26 11:41:05.003,"30","1008","23.8","53.3",
05/22/26 11:41:10.002,"40","1008","23.8","53.3",
05/22/26 11:41:15.001,"30","1008","23.8","53.5",
05/22/26 11:41:19.996,"50","1008","23.8","53.1",
05/22/26 11:41:25.003,"40","1008","23.8","53.6",
05/22/26 11:41:30.001,"40","1008","23.8","53.5",
05/22/26 11:41:35.001,"40","1008","23.8","53.4",
05/22/26 11:41:40.002,"50","1008","23.8","53.4",
05/22/26 11:41:45.003,"50","1008","23.8","53.3",
05/22/26 11:41:50.000,"40","1008","23.8","53.3",
05/22/26 11:41:55.002,"50","1007","23.8","53.3",
05/22/26 11:42:00.003,"50","1008","23.8","53.3",
05/22/26 11:42:04.994,"40","1008","23.8","53.5",
05/22/26 11:42:10.003,"40","1008","23.8","53.3",
05/22/26 11:42:15.004,"50","1008","23.8","53.1",
05/22/26 11:42:20.002,"40","1007","23.8","53.1",
05/22/26 11:42:25.002,"30","1008","23.8","53.1",
05/22/26 11:42:30.001,"20","1008","23.8","53.2",
05/22/26 11:42:35.004,"30","1008","23.8","53.2",
05/22/26 11:42:40.002,"40","1007","23.8","53.3",
05/22/26 11:42:45.002,"40","1008","23.8","53.4",
05/22/26 11:42:50.003,"70","1008","23.8","53.5",
05/22/26 11:42:55.001,"70","1008","23.8","53.5",
05/22/26 11:43:00.004,"80","1008","23.8","53.6",
05/22/26 11:43:05.000,"50","1008","23.9","53.5",
05/22/26 11:43:10.002,"60","1008","23.9","53.5",
05/22/26 11:43:15.003,"50","1008","23.9","53.5",
05/22/26 11:43:20.002,"40","1008","23.9","53.4",
05/22/26 11:43:25.002,"60","1008","23.8","53.3",
05/22/26 11:43:30.003,"50","1008","23.8","53.3",
05/22/26 11:43:35.004,"40","1008","23.9","53.3",
05/22/26 11:43:40.004,"60","1008","23.8","53.4",
05/22/26 11:43:45.003,"40","1008","23.9","53.4",
05/22/26 11:43:50.001,"50","1008","23.8","53.6",
05/22/26 11:43:55.003,"60","1008","23.8","53.9",
05/22/26 11:44:00.004,"80","1008","23.8","53.9",
05/22/26 11:44:04.999,"50","1008","23.8","53.4",
05/22/26 11:44:10.004,"50","1007","23.8","53.3",
05/22/26 11:44:15.003,"60","1008","23.8","53.3",
05/22/26 11:44:20.004,"50","1007","23.8","53.5",
05/22/26 11:44:25.005,"80","1008","23.8","53.5",
05/22/26 11:44:30.004,"70","1007","23.8","53.5",
05/22/26 11:44:35.004,"60","1007","23.8","53.5",
05/22/26 11:44:40.004,"50","1007","23.8","53.7",
05/22/26 11:44:45.005,"50","1007","23.8","53.5",
05/22/26 11:44:50.005,"50","1008","23.8","53.2",
05/22/26 11:44:55.004,"40","1007","23.8","52.9",
05/22/26 11:45:00.004,"60","1007","23.8","53.1",
05/22/26 11:45:05.005,"50","1007","23.9","53.1",
05/22/26 11:45:10.005,"30","1007","23.8","53.1",
05/22/26 11:45:15.005,"40","1007","23.8","53.1",
05/22/26 11:45:20.005,"40","1008","23.8","53",
05/22/26 11:45:25.004,"30","1007","23.8","53",
05/22/26 11:45:30.005,"30","1007","23.8","53",
05/22/26 11:45:35.005,"50","1008","23.8","53",
05/22/26 11:45:40.005,"30","1007","23.9","53",
05/22/26 11:45:45.004,"40","1007","23.8","53",
05/22/26 11:45:50.005,"20","1007","23.9","53",
05/22/26 11:45:55.005,"10","1007","23.8","53",
05/22/26 11:46:00.005,"60","1007","23.8","52.9",
05/22/26 11:46:05.005,"180","1007","23.8","52.9",
05/22/26 11:46:10.005,"630","1007","23.8","52.9",
05/22/26 11:46:15.005,"1410","1007","23.9","52.9",
05/22/26 11:46:20.005,"2480","1007","23.9","53.2",
05/22/26 11:46:25.005,"3780","1007","23.9","53",
05/22/26 11:46:30.006,"5210","1007","23.9","52.9",
05/22/26 11:46:35.005,"6800","1007","23.8","52.9",
05/22/26 11:46:40.005,"8410","1007","23.8","52.9",
05/22/26 11:46:45.006,"10050","1007","23.9","52.9",
05/22/26 11:46:50.006,"11650","1007","23.9","52.9",
05/22/26 11:46:55.006,"13380","1007","23.9","52.9",
05/22/26 11:47:00.006,"14900","1007","23.8","53",
05/22/26 11:47:05.006,"16390","1007","23.8","52.9",
05/22/26 11:47:10.005,"17830","1007","23.8","53",
05/22/26 11:47:15.005,"19210","1007","23.8","53.1",
05/22/26 11:47:20.006,"20450","1007","23.8","53.1",
05/22/26 11:47:25.006,"21750","1007","23.8","53.1",
05/22/26 11:47:30.006,"22920","1007","23.8","53.2",
05/22/26 11:47:35.006,"24150","1007","23.8","53.1",
05/22/26 11:47:40.006,"25110","1007","23.8","53.1",
05/22/26 11:47:45.006,"26330","1007","23.8","53.2",
05/22/26 11:47:50.007,"27270","1007","23.8","53.3",
05/22/26 11:47:55.006,"28380","1007","23.8","53.2",
05/22/26 11:48:00.007,"29280","1007","23.8","53.2",
05/22/26 11:48:05.007,"30330","1007","23.8","53.2",
05/22/26 11:48:10.006,"31280","1007","23.8","53.3",
05/22/26 11:48:15.007,"32130","1007","23.8","52.7",
05/22/26 11:48:20.007,"33160","1007","23.8","52.6",
05/22/26 11:48:25.007,"33900","1007","23.8","53",
05/22/26 11:48:30.007,"34810","1007","23.8","53.1",
05/22/26 11:48:35.006,"35830","1007","23.8","53.8",
05/22/26 11:48:40.007,"36720","1007","23.8","53.5",
05/22/26 11:48:45.007,"37440","1007","23.8","53.2",
05/22/26 11:48:50.007,"38140","1007","23.8","53.1",
05/22/26 11:48:55.007,"38750","1007","23.8","53.1",
05/22/26 11:49:00.007,"39510","1007","23.8","53.2",
05/22/26 11:49:05.007,"40380","1007","23.8","53.1",
05/22/26 11:49:10.007,"40990","1007","23.8","53.1",
05/22/26 11:49:15.007,"41690","1007","23.8","53.1",
05/22/26 11:49:20.007,"42410","1007","23.8","53",
05/22/26 11:49:25.007,"43080","1007","23.8","53.1",
05/22/26 11:49:30.007,"43720","1007","23.8","53.2",
05/22/26 11:49:35.007,"44680","1007","23.8","53.3",
05/22/26 11:49:40.008,"44980","1007","23.8","53.3",
05/22/26 11:49:45.008,"45660","1007","23.8","53.2",
05/22/26 11:49:50.008,"46130","1007","23.8","53.2",
05/22/26 11:49:55.008,"46550","1007","23.8","53.2",
05/22/26 11:50:00.008,"47030","1007","23.8","53.2",
05/22/26 11:50:05.008,"47780","1007","23.8","53.1",
05/22/26 11:50:10.008,"48210","1007","23.8","52.9",
05/22/26 11:50:15.008,"48710","1007","23.8","52.8",
05/22/26 11:50:20.008,"49210","1007","23.8","53.3",
05/22/26 11:50:25.008,"49500","1007","23.8","53.3",
05/22/26 11:50:30.008,"50230","1007","23.8","53.2",
05/22/26 11:50:35.008,"50750","1007","23.8","53.2",
05/22/26 11:50:40.008,"51450","1007","23.8","53.1",
05/22/26 11:50:45.008,"51570","1007","23.8","53",
05/22/26 11:50:50.008,"52330","1007","23.8","53.1",
05/22/26 11:50:55.008,"52810","1007","23.8","53.1",
05/22/26 11:51:00.008,"53240","1007","23.8","53.2",
05/22/26 11:51:05.009,"53610","1007","23.8","53.2",
05/22/26 11:51:10.008,"53900","1007","23.8","53.1",
05/22/26 11:51:15.008,"54530","1007","23.8","53",
05/22/26 11:51:20.008,"54650","1007","23.8","53.1",
05/22/26 11:51:25.009,"55220","1007","23.8","53.1",
05/22/26 11:51:30.008,"55660","1007","23.8","53.2",
05/22/26 11:51:35.008,"56050","1007","23.8","53.3",
05/22/26 11:51:40.008,"56370","1007","23.8","53.5",
05/22/26 11:51:45.009,"57090","1007","23.8","53",
05/22/26 11:51:50.009,"57160","1007","23.8","52.8",
05/22/26 11:51:55.009,"57690","1007","23.8","52.9",
05/22/26 11:52:00.009,"58280","1007","23.8","52.9",
05/22/26 11:52:05.009,"58490","1007","23.8","52.8",
05/22/26 11:52:10.009,"58490","1007","23.8","52.8",
05/22/26 11:52:15.009,"59100","1007","23.8","52.6",
05/22/26 11:52:20.010,"59510","1007","23.8","52.5",
05/22/26 11:52:25.009,"60120","1007","23.8","52.7",
05/22/26 11:52:30.010,"60260","1007","23.8","52.9",
05/22/26 11:52:35.009,"60900","1007","23.9","53.1",
05/22/26 11:52:40.010,"61330","1007","23.9","52.7",
05/22/26 11:52:45.010,"61120","1007","23.8","52.8",
05/22/26 11:52:50.010,"61470","1007","23.8","52.8",
05/22/26 11:52:55.010,"61900","1007","23.8","52.7",
05/22/26 11:53:00.009,"62330","1007","23.8","52.7",
05/22/26 11:53:05.009,"62540","1007","23.8","52.7",
05/22/26 11:53:10.009,"62470","1007","23.8","52.8",
05/22/26 11:53:15.010,"62610","1007","23.8","52.8",
05/22/26 11:53:20.009,"63060","1007","23.8","52.8",
05/22/26 11:53:25.009,"63280","1007","23.8","52.8",
05/22/26 11:53:30.009,"64020","1007","23.8","52.8",
05/22/26 11:53:35.010,"64320","1007","23.8","52.9",
05/22/26 11:53:40.011,"64240","1007","23.8","52.9",
05/22/26 11:53:45.010,"64390","1007","23.8","52.7",
05/22/26 11:53:50.010,"64470","1007","23.8","52.9",
05/22/26 11:53:55.011,"64760","1007","23.8","52.9",
05/22/26 11:54:00.011,"65140","1007","23.8","52.9",
05/22/26 11:54:05.010,"65300","1007","23.9","52.8",
05/22/26 11:54:10.010,"65840","1007","23.9","52.8",
05/22/26 11:54:15.011,"65840","1007","23.9","52.8",
05/22/26 11:54:20.011,"66380","1007","23.9","52.8",
05/22/26 11:54:25.010,"66230","1007","23.9","52.9",
05/22/26 11:54:30.011,"66460","1007","23.9","52.9",
05/22/26 11:54:35.010,"66930","1007","23.9","52.8",
05/22/26 11:54:40.011,"67240","1007","23.9","52.9",
05/22/26 11:54:45.010,"67470","1007","23.9","52.9",
05/22/26 11:54:50.011,"67390","1007","23.9","52.8",
05/22/26 11:54:55.010,"68120","1007","23.9","52.8",
05/22/26 11:55:00.011,"68200","1007","23.9","52.8",
05/22/26 11:55:05.011,"68360","1007","23.9","52.7",
05/22/26 11:55:10.011,"68530","1007","23.9","52.8",
05/22/26 11:55:15.011,"68850","1007","23.9","52.8",
05/22/26 11:55:20.011,"69420","1007","23.9","52.9",
05/22/26 11:55:25.011,"69420","1007","23.9","53.1",
05/22/26 11:55:30.012,"69500","1007","23.9","53",
05/22/26 11:55:35.011,"69340","1007","23.9","53.1",
05/22/26 11:55:40.011,"69250","1007","23.9","53",
05/22/26 11:55:45.012,"69820","1007","23.9","52.9",
05/22/26 11:55:50.011,"70820","1007","23.9","53",
05/22/26 11:55:55.012,"70650","1007","23.9","53.2",
05/22/26 11:56:00.012,"70400","1007","23.9","53.2",
05/22/26 11:56:05.012,"70400","1007","23.9","53.2",
05/22/26 11:56:10.012,"70900","1007","23.9","53.1",
05/22/26 11:56:15.011,"70990","1007","23.9","53",
05/22/26 11:56:20.012,"71330","1007","23.9","52.9",
05/22/26 11:56:25.012,"71490","1007","23.9","53.3",
05/22/26 11:56:30.012,"71660","1007","23.9","53.3",
05/22/26 11:56:35.012,"71750","1007","23.9","53.1",
05/22/26 11:56:40.012,"72080","1007","23.9","52.9",
05/22/26 11:56:45.012,"72500","1007","23.9","52.8",
05/22/26 11:56:50.012,"72590","1007","23.9","52.9",
05/22/26 11:56:55.012,"72590","1007","23.8","52.8",
05/22/26 11:57:00.013,"72760","1007","23.9","52.9",
05/22/26 11:57:05.013,"73200","1007","23.8","52.8",
05/22/26 11:57:10.012,"72760","1007","23.8","52.8",
05/22/26 11:57:15.012,"72850","1007","23.8","52.9",
05/22/26 11:57:20.013,"73290","1007","23.8","52.9",
05/22/26 11:57:25.013,"73200","1007","23.8","52.8",
05/22/26 11:57:30.012,"73020","1007","23.8","52.9",
05/22/26 11:57:35.013,"73640","1007","23.8","52.9",
05/22/26 11:57:40.013,"74000","1007","23.8","52.9",
05/22/26 11:57:45.013,"74090","1007","23.8","52.9",
05/22/26 11:57:50.013,"74440","1007","23.8","52.9",
05/22/26 11:57:55.013,"74170","1007","23.9","53",
05/22/26 11:58:00.013,"74350","1007","23.9","53.1",
05/22/26 11:58:05.013,"74260","1007","23.8","52.6",
05/22/26 11:58:10.013,"74700","1007","23.8","52.6",
05/22/26 11:58:15.013,"74530","1007","23.8","52.3",
05/22/26 11:58:20.013,"74970","1007","23.8","52.5",
05/22/26 11:58:25.014,"74790","1007","23.8","52.7",
05/22/26 11:58:30.014,"74970","1007","23.8","52.7",
05/22/26 11:58:35.014,"74790","1007","23.8","52.5",
05/22/26 11:58:40.013,"75320","1007","23.8","52.5",
05/22/26 11:58:45.013,"75690","1007","23.8","52.5",
05/22/26 11:58:50.013,"75500","1007","23.8","52.8",
05/22/26 11:58:55.014,"75410","1007","23.8","52.9",
05/22/26 11:59:00.013,"75690","1007","23.8","52.7",
05/22/26 11:59:05.005,"75320","1007","23.8","52.7",
05/22/26 11:59:10.008,"75590","1007","23.8","52.8",
05/22/26 11:59:15.013,"75690","1007","23.8","53",
05/22/26 11:59:20.009,"75970","1007","23.8","52.9",
05/22/26 11:59:25.009,"76430","1007","23.8","53",
05/22/26 11:59:30.013,"76430","1007","23.8","52.9",
05/22/26 11:59:35.002,"76520","1007","23.8","52.8",
05/22/26 11:59:40.011,"76990","1007","23.9","53",
05/22/26 11:59:45.013,"77170","1007","23.9","53.2",
05/22/26 11:59:50.013,"76990","1007","23.9","53",
05/22/26 11:59:55.012,"77350","1007","23.9","52.8",
05/22/26 12:00:00.012,"77080","1007","23.9","52.8",
05/22/26 12:00:05.007,"77540","1007","23.9","53.2",
05/22/26 12:00:10.008,"78000","1007","23.9","52.9",
05/22/26 12:00:15.001,"77630","1007","23.9","52.8",
05/22/26 12:00:20.013,"78090","1007","23.9","52.9",
05/22/26 12:00:25.014,"77910","1007","23.9","52.6",
05/22/26 12:00:30.012,"78180","1007","23.9","52.8",
05/22/26 12:00:35.010,"78280","1007","23.9","53.1",
05/22/26 12:00:40.012,"78090","1007","23.9","53.1",
05/22/26 12:00:45.005,"78460","1007","23.9","52.9",
05/22/26 12:00:50.005,"78180","1007","23.8","52.7",
05/22/26 12:00:55.002,"78180","1007","23.9","52.7",
05/22/26 12:01:00.015,"78370","1007","23.8","52.7",
05/22/26 12:01:05.014,"78650","1007","23.8","52.5",
05/22/26 12:01:10.011,"78750","1007","23.8","52.6",
05/22/26 12:01:15.006,"78560","1007","23.8","52.7",
05/22/26 12:01:20.004,"78650","1007","23.8","52.6",
05/22/26 12:01:25.014,"78560","1007","23.8","52.6",
05/22/26 12:01:30.000,"78940","1007","23.9","52.7",
05/22/26 12:01:35.005,"79040","1007","23.9","52.6",
05/22/26 12:01:40.002,"79430","1007","23.9","52.5",
05/22/26 12:01:45.012,"79620","1007","23.9","52.5",
05/22/26 12:01:50.015,"79910","1007","23.9","52.4",
05/22/26 12:01:55.011,"80400","1007","23.9","52.4",
05/22/26 12:02:00.015,"80010","1007","23.9","52.4",
05/22/26 12:02:05.009,"79820","1007","23.9","52.4",
05/22/26 12:02:10.008,"79910","1007","23.9","52.6",
05/22/26 12:02:15.014,"79820","1007","23.8","52.7",
05/22/26 12:02:20.007,"80490","1007","23.8","52.7",
05/22/26 12:02:25.014,"80400","1007","23.8","52.6",
05/22/26 12:02:30.004,"80490","1007","23.8","52.5",
05/22/26 12:02:35.007,"80490","1007","23.8","52.4",
05/22/26 12:02:40.002,"80690","1007","23.8","52.5",
05/22/26 12:02:45.005,"81270","1007","23.8","52.5",
05/22/26 12:02:50.012,"81080","1007","23.8","52.4",
05/22/26 12:02:55.004,"80790","1007","23.8","52.3",
05/22/26 12:03:00.009,"80880","1007","23.8","52.3",
05/22/26 12:03:05.011,"80980","1007","23.8","52.4",
05/22/26 12:03:10.016,"80590","1007","23.8","52.6",
05/22/26 12:03:15.002,"81170","1007","23.8","52.4",
05/22/26 12:03:20.015,"81270","1007","23.8","52.3",
05/22/26 12:03:25.014,"81370","1007","23.9","52.3",
05/22/26 12:03:30.009,"81970","1007","23.9","52.3",
05/22/26 12:03:35.014,"81660","1007","23.9","52.2",
05/22/26 12:03:40.001,"81460","1007","23.9","52.3",
05/22/26 12:03:45.004,"81560","1007","23.9","52.2",
05/22/26 12:03:50.012,"81660","1007","23.9","52.3",
05/22/26 12:03:55.005,"81660","1007","23.9","52.3",
05/22/26 12:04:00.002,"81760","1007","23.9","52.4",
05/22/26 12:04:05.004,"81860","1007","23.9","52.4",
05/22/26 12:04:10.013,"82270","1007","23.9","52.4",
05/22/26 12:04:15.008,"82170","1007","23.9","52.5",
05/22/26 12:04:20.008,"82470","1007","23.9","52.4",
05/22/26 12:04:25.002,"82980","1007","23.9","52.4",
05/22/26 12:04:30.003,"83190","1007","23.9","52.5",
05/22/26 12:04:35.015,"83080","1007","23.9","52.5",
05/22/26 12:04:40.015,"83290","1007","23.9","52.6",
05/22/26 12:04:45.009,"83600","1007","23.9","52.7",
05/22/26 12:04:50.014,"83490","1007","23.9","52.8",
05/22/26 12:04:55.002,"83090","1007","23.9","52.8",
05/22/26 12:05:00.014,"82470","1007","23.9","52.6",
05/22/26 12:05:05.013,"83180","1007","23.9","52.5",
05/22/26 12:05:10.009,"83390","1007","23.9","52.6",
05/22/26 12:05:15.015,"83180","1007","23.9","52.7",
05/22/26 12:05:20.015,"83590","1007","23.9","52.8",
05/22/26 12:05:25.002,"83390","1007","23.9","52.4",
05/22/26 12:05:30.002,"83490","1007","23.9","52.1",
05/22/26 12:05:35.015,"83490","1007","23.9","52.1",
05/22/26 12:05:40.002,"83490","1007","23.9","52.7",
05/22/26 12:05:45.008,"83690","1007","23.9","53",
05/22/26 12:05:50.011,"83900","1007","23.9","52.9",
05/22/26 12:05:55.016,"83690","1007","23.9","52.6",
05/22/26 12:06:00.012,"84000","1007","23.9","52.4",
05/22/26 12:06:05.016,"84100","1007","23.9","52.7",
05/22/26 12:06:10.009,"84300","1007","23.9","52.5",
05/22/26 12:06:15.003,"84300","1007","23.9","52.5",
05/22/26 12:06:20.015,"84410","1007","23.9","52.6",
05/22/26 12:06:25.010,"84410","1007","23.9","52.7",
05/22/26 12:06:30.008,"84810","1007","23.9","52.8",
05/22/26 12:06:35.008,"84510","1007","23.9","52.9",
05/22/26 12:06:40.007,"85130","1007","23.9","52.8",
05/22/26 12:06:45.004,"84920","1007","23.9","52.8",
05/22/26 12:06:50.015,"84920","1007","23.9","52.8",
05/22/26 12:06:55.017,"85550","1007","23.9","52.8",
05/22/26 12:07:00.017,"85550","1007","23.9","52.7",
05/22/26 12:07:05.009,"85020","1007","23.9","52.6",
05/22/26 12:07:10.013,"84810","1007","23.9","52.5",
05/22/26 12:07:15.017,"84510","1007","23.9","52.6",
05/22/26 12:07:20.018,"84410","1007","23.9","52.6",
05/22/26 12:07:25.008,"84710","1007","23.9","52.6",
05/22/26 12:07:30.007,"85020","1007","23.9","52.5",
05/22/26 12:07:35.008,"85020","1007","23.8","52.5",
05/22/26 12:07:40.007,"85660","1007","23.9","52.6",
05/22/26 12:07:45.015,"85550","1007","23.9","52.8",
05/22/26 12:07:50.012,"86090","1007","23.9","52.7",
05/22/26 12:07:55.010,"86090","1007","24","52.8",
05/22/26 12:08:00.008,"85870","1007","24","53.5",
05/22/26 12:08:05.007,"85870","1007","24","53.1",
05/22/26 12:08:10.003,"86090","1007","24","52.8",
05/22/26 12:08:15.006,"86400","1007","24","52.7",
05/22/26 12:08:20.007,"85660","1007","24","52.7",
05/22/26 12:08:25.016,"85980","1007","24","52.6",
05/22/26 12:08:30.011,"85660","1007","24","52.7",
05/22/26 12:08:35.016,"85870","1007","24","52.6",
05/22/26 12:08:40.008,"86090","1007","24","52.6",
05/22/26 12:08:45.010,"86510","1007","24","52.6",
05/22/26 12:08:50.005,"86720","1007","24","52.7",
05/22/26 12:08:55.005,"85980","1007","24","52.7",
05/22/26 12:09:00.019,"86620","1007","24","52.8",
05/22/26 12:09:05.008,"86940","1007","24","52.7",
05/22/26 12:09:10.008,"87040","1007","24","52.7",
05/22/26 12:09:15.003,"86940","1007","24","52.7",
05/22/26 12:09:20.007,"86940","1007","24","52.8",
05/22/26 12:09:25.019,"86830","1007","24","52.8",
05/22/26 12:09:30.007,"85870","1007","24","52.7",
05/22/26 12:09:35.014,"86400","1007","24","52.6",
05/22/26 12:09:40.018,"86510","1007","24","52.6",
05/22/26 12:09:45.010,"86400","1007","24","52.5",
05/22/26 12:09:50.006,"86940","1007","24","52.5",
05/22/26 12:09:55.010,"86830","1007","24","52.5",
05/22/26 12:10:00.009,"86720","1007","24","52.3",
05/22/26 12:10:05.004,"86620","1007","24","52.2",
05/22/26 12:10:10.019,"86400","1007","23.9","52.4",
05/22/26 12:10:15.014,"86720","1007","23.9","52.5",
05/22/26 12:10:20.019,"86720","1007","24","52.5",
05/22/26 12:10:25.014,"86940","1007","24","52.4",
05/22/26 12:10:30.018,"86940","1007","24","52.4",
05/22/26 12:10:35.014,"87040","1007","23.9","52.2",
05/22/26 12:10:40.007,"87040","1007","23.9","52.3",
05/22/26 12:10:45.007,"87150","1007","23.9","52.2",
05/22/26 12:10:50.016,"87250","1007","23.9","52.3",
05/22/26 12:10:55.019,"87250","1007","23.9","52.1",
05/22/26 12:11:00.019,"88100","1007","23.9","52",
05/22/26 12:11:05.004,"87360","1007","23.9","52.1",
05/22/26 12:11:10.016,"87470","1007","23.9","52.3",
05/22/26 12:11:15.008,"87470","1007","23.9","52.4",
05/22/26 12:11:20.009,"87680","1007","23.9","52.4",
05/22/26 12:11:25.005,"87470","1007","23.9","52.4",
05/22/26 12:11:30.017,"87790","1007","23.9","52.2",
05/22/26 12:11:35.019,"87570","1007","23.9","52.2",
05/22/26 12:11:40.004,"88100","1007","23.9","52.2",
05/22/26 12:11:45.005,"88100","1007","23.9","52.4",
05/22/26 12:11:50.005,"88210","1007","23.9","52.4",
05/22/26 12:11:55.012,"88210","1007","23.9","52.5",
05/22/26 12:12:00.015,"88100","1007","23.9","52.4",
05/22/26 12:12:05.014,"88320","1007","23.9","52.7",
05/22/26 12:12:10.011,"88210","1007","23.9","52.7",
05/22/26 12:12:15.009,"88880","1007","23.9","52.5",
05/22/26 12:12:20.010,"88660","1007","23.9","52.5",
05/22/26 12:12:25.015,"88880","1007","23.9","52.5",
05/22/26 12:12:30.015,"89110","1007","23.9","52.6",
05/22/26 12:12:35.015,"88210","1007","23.9","52.4",
05/22/26 12:12:40.011,"88320","1007","23.9","52.6",
05/22/26 12:12:45.009,"88320","1007","23.9","52.8",
05/22/26 12:12:50.010,"88320","1007","23.9","52.8",
05/22/26 12:12:55.007,"88660","1007","23.9","52.8",
05/22/26 12:13:00.019,"88880","1007","23.9","52.8",
05/22/26 12:13:05.017,"88430","1007","23.9","52.4",
05/22/26 12:13:10.018,"88320","1007","23.9","52.2",
05/22/26 12:13:15.015,"88320","1007","23.9","52.3",
05/22/26 12:13:20.016,"88990","1007","23.9","52.6",
05/22/26 12:13:25.017,"88430","1007","23.9","52.7",
05/22/26 12:13:30.015,"88100","1007","23.9","52.8",
05/22/26 12:13:35.008,"88550","1007","23.9","52.8",
05/22/26 12:13:40.019,"88660","1007","23.9","52.6",
05/22/26 12:13:45.020,"88880","1007","23.9","52.6",
05/22/26 12:13:50.007,"88880","1007","23.9","52.6",
05/22/26 12:13:55.014,"88770","1007","23.9","52.7",
05/22/26 12:14:00.007,"89220","1007","23.9","52.7",
05/22/26 12:14:05.008,"88990","1007","23.9","52.9",
05/22/26 12:14:10.013,"89110","1007","24","52.8",
05/22/26 12:14:15.018,"88770","1007","24","52.8",
05/22/26 12:14:20.010,"88880","1007","23.9","52.8",
05/22/26 12:14:25.012,"89110","1007","23.9","52.7",
05/22/26 12:14:30.017,"89330","1007","23.9","52.7",
05/22/26 12:14:35.021,"89220","1007","23.9","53.2",
05/22/26 12:14:40.017,"89220","1007","23.9","53.1",
05/22/26 12:14:45.014,"89440","1007","24","52.7",
05/22/26 12:14:50.007,"90000","1007","24","52.5",
05/22/26 12:14:55.017,"90000","1007","24","52.5",
05/22/26 12:15:00.016,"89780","1007","23.9","52.4",
05/22/26 12:15:05.021,"89330","1007","23.9","52.4",
05/22/26 12:15:10.016,"89330","1007","23.9","52.4",
05/22/26 12:15:15.021,"89220","1007","24","52.5",
05/22/26 12:15:20.011,"89330","1007","23.9","52.6",
05/22/26 12:15:25.008,"89440","1007","24","52.8",
05/22/26 12:15:30.018,"89890","1007","24","53.2",
05/22/26 12:15:35.021,"89890","1007","24","53.2",
05/22/26 12:15:40.016,"90000","1007","24","53.1",
05/22/26 12:15:45.021,"90000","1007","24","53.1",
05/22/26 12:15:50.010,"90000","1007","24","52.9",
05/22/26 12:15:55.012,"89890","1007","24","52.8",
05/22/26 12:16:00.015,"89890","1007","24","52.8",
05/22/26 12:16:05.016,"90110","1007","24","52.8",
05/22/26 12:16:10.017,"90110","1007","24","52.7",
05/22/26 12:16:15.017,"90560","1007","24","52.6",
05/22/26 12:16:20.022,"90560","1007","24","52.6",
05/22/26 12:16:25.015,"90110","1007","24","52.6",
05/22/26 12:16:30.015,"90000","1007","24","52.6",
05/22/26 12:16:35.010,"89890","1007","24","52.6",
05/22/26 12:16:40.020,"89440","1007","24","52.6",
05/22/26 12:16:45.018,"89890","1007","24","52.6",
05/22/26 12:16:50.018,"90110","1007","24","52.6",
05/22/26 12:16:55.013,"90000","1007","24","52.7",
05/22/26 12:17:00.007,"89890","1007","24","52.7",
05/22/26 12:17:05.022,"90110","1007","24","52.8",
05/22/26 12:17:10.014,"90110","1007","23.9","52.6",
05/22/26 12:17:15.016,"89890","1007","23.9","52.4",
05/22/26 12:17:20.017,"89890","1007","23.9","52.5",
05/22/26 12:17:25.022,"90340","1007","23.9","53.1",
05/22/26 12:17:30.021,"90110","1007","23.9","52.9",
05/22/26 12:17:35.013,"89780","1007","23.9","53",
05/22/26 12:17:40.020,"90220","1007","24","52.7",
05/22/26 12:17:45.009,"90340","1007","24","52.6",
05/22/26 12:17:50.014,"90340","1007","23.9","52.3",
05/22/26 12:17:55.022,"90220","1007","23.9","52.3",
05/22/26 12:18:00.012,"90900","1007","23.9","52.5",
05/22/26 12:18:05.022,"91120","1007","23.9","52.5",
05/22/26 12:18:10.022,"90340","1007","24","52.5",
05/22/26 12:18:15.019,"90220","1007","24","52.4",
05/22/26 12:18:20.016,"90340","1007","24","52.5",
05/22/26 12:18:25.009,"90220","1007","24","52.5",
05/22/26 12:18:30.015,"90670","1007","24","52.5",
05/22/26 12:18:35.016,"90780","1007","24","52.5",
05/22/26 12:18:40.010,"90780","1007","24","52.6",
05/22/26 12:18:45.009,"90780","1007","24","52.6",
05/22/26 12:18:50.021,"90780","1007","24","52.7",
05/22/26 12:18:55.015,"90780","1007","24","52.8",
05/22/26 12:19:00.015,"90340","1007","24","52.7",
05/22/26 12:19:05.009,"90340","1007","23.9","52.7",
05/22/26 12:19:10.022,"90000","1007","24","52.4",
05/22/26 12:19:15.023,"90220","1007","23.9","52.5",
05/22/26 12:19:20.022,"90220","1007","23.9","52.7",
05/22/26 12:19:25.023,"90340","1007","24","53.1",
05/22/26 12:19:30.021,"90340","1007","24","53",
05/22/26 12:19:35.020,"89660","1007","23.9","52.7",
05/22/26 12:19:40.019,"89780","1007","23.9","52.7",
05/22/26 12:19:45.018,"90560","1007","23.9","52.8",
05/22/26 12:19:50.014,"90780","1007","23.9","52.7",
05/22/26 12:19:55.013,"90560","1007","23.9","52.8",
05/22/26 12:20:00.021,"90220","1007","24","53",
05/22/26 12:20:05.022,"91120","1007","24","53",
05/22/26 12:20:10.021,"90900","1007","23.9","53.4",
05/22/26 12:20:15.011,"90900","1007","23.9","53.2",
05/22/26 12:20:20.008,"91010","1007","23.9","53.1",
05/22/26 12:20:25.014,"91010","1007","23.9","52.9",
05/22/26 12:20:30.017,"91690","1007","23.9","53",
05/22/26 12:20:35.020,"91350","1007","23.9","52.9",
05/22/26 12:20:40.019,"91800","1007","23.9","52.8",
05/22/26 12:20:45.021,"92030","1007","24","52.8",
05/22/26 12:20:50.023,"91460","1007","24","52.8",
05/22/26 12:20:55.023,"91570","1007","24","52.6",
05/22/26 12:21:00.009,"91800","1007","24","52.4",
05/22/26 12:21:05.020,"92030","1007","23.9","52.5",
05/22/26 12:21:10.019,"91690","1007","23.9","52.6",
05/22/26 12:21:15.012,"91460","1007","23.9","52.6",
05/22/26 12:21:20.016,"91340","1007","23.9","52.5",
05/22/26 12:21:25.023,"91230","1007","23.9","52.5",
05/22/26 12:21:30.009,"91920","1007","23.9","52.3",
05/22/26 12:21:35.010,"91910","1007","23.9","52.3",
05/22/26 12:21:40.015,"92150","1007","23.9","52.3",
05/22/26 12:21:45.021,"91690","1007","23.9","52.7",
05/22/26 12:21:50.014,"91570","1007","23.9","53",
05/22/26 12:21:55.016,"92030","1007","23.9","52.8",
05/22/26 12:22:00.018,"91690","1007","23.9","52.5",
05/22/26 12:22:05.011,"91800","1007","23.9","52.4",
05/22/26 12:22:10.021,"91790","1007","23.9","52.3",
05/22/26 12:22:15.023,"92270","1007","23.9","52.2",
05/22/26 12:22:20.009,"91790","1007","24","52.3",
05/22/26 12:22:25.025,"91680","1007","24","52.3",
05/22/26 12:22:30.018,"91680","1007","23.9","52.5",
05/22/26 12:22:35.016,"91680","1007","23.9","52.3",
05/22/26 12:22:40.020,"91010","1007","23.9","52.4",
05/22/26 12:22:45.014,"91790","1007","23.9","52.6",
05/22/26 12:22:50.014,"92030","1007","23.9","52.5",
05/22/26 12:22:55.018,"92030","1007","23.9","52.4",
05/22/26 12:23:00.024,"92500","1007","23.9","52.4",
05/22/26 12:23:05.010,"91910","1007","23.9","52.6",
05/22/26 12:23:10.012,"92030","1007","23.9","52.4",
05/22/26 12:23:15.023,"91680","1007","24","52.3",
05/22/26 12:23:20.016,"91680","1007","24","52.3",
05/22/26 12:23:25.013,"91570","1007","24","52.2",
05/22/26 12:23:30.025,"91680","1007","24","52.2",
05/22/26 12:23:35.022,"91790","1007","24","52.3",
05/22/26 12:23:40.025,"91690","1007","24","52.4",
05/22/26 12:23:45.023,"92270","1007","24","52.7",
05/22/26 12:23:50.017,"92270","1007","24","52.9",
05/22/26 12:23:55.015,"91680","1007","24","53",
05/22/26 12:24:00.014,"91920","1007","24","52.5",
05/22/26 12:24:05.025,"92270","1007","24","52.3",
05/22/26 12:24:10.023,"92620","1007","24","52.3",
05/22/26 12:24:15.018,"92270","1007","24","52.3",
05/22/26 12:24:20.024,"92150","1007","24","52.5",
05/22/26 12:24:25.017,"92740","1007","24","52.6",
05/22/26 12:24:30.024,"92620","1007","24","52.7",
05/22/26 12:24:35.020,"92620","1007","24","52.5",
05/22/26 12:24:40.018,"92850","1007","24","52.4",
05/22/26 12:24:45.019,"93320","1007","24","52.5",
05/22/26 12:24:50.010,"92850","1007","24","52.5",
05/22/26 12:24:55.023,"93210","1007","24","52.5",
05/22/26 12:25:00.022,"92620","1007","24","52.5",
05/22/26 12:25:05.020,"92390","1007","24","52.6",
05/22/26 12:25:10.019,"92620","1007","24","52.6",
05/22/26 12:25:15.021,"92970","1007","24","52.5",
05/22/26 12:25:20.023,"92970","1007","24","52.5",
05/22/26 12:25:25.022,"92970","1007","23.9","52.7",
05/22/26 12:25:30.024,"93440","1007","23.9","52.8",
05/22/26 12:25:35.023,"93440","1007","23.9","52.9",
05/22/26 12:25:40.021,"93210","1007","23.9","53",
05/22/26 12:25:45.023,"92850","1007","24","52.8",
05/22/26 12:25:50.016,"92500","1007","24","52.7",
05/22/26 12:25:55.014,"92850","1007","24","52.5",
05/22/26 12:26:00.024,"92740","1007","24","52.4",
05/22/26 12:26:05.015,"93090","1007","24","52.3",
05/22/26 12:26:10.014,"92850","1007","24","52.4",
05/22/26 12:26:15.017,"92970","1007","23.9","52.4",
05/22/26 12:26:20.016,"93210","1007","23.9","52.5",
05/22/26 12:26:25.017,"92970","1007","23.9","52.5",
05/22/26 12:26:30.017,"93090","1007","24","52.6",
05/22/26 12:26:35.019,"92850","1007","23.9","52.4",
05/22/26 12:26:40.023,"92390","1007","23.9","52.6",
05/22/26 12:26:45.012,"92270","1007","23.9","52.6",
05/22/26 12:26:50.026,"92620","1007","23.9","52.8",
05/22/26 12:26:55.016,"92970","1007","23.9","52.8",
05/22/26 12:27:00.024,"92740","1007","23.9","52.6",
05/22/26 12:27:05.021,"92740","1007","23.9","52.7",
05/22/26 12:27:10.023,"92620","1007","23.9","52.8",
05/22/26 12:27:15.019,"92970","1007","23.9","52.7",
05/22/26 12:27:20.018,"93560","1007","23.9","52.7",
05/22/26 12:27:25.013,"93440","1007","23.9","52.6",
05/22/26 12:27:30.025,"92850","1007","23.9","52.7",
05/22/26 12:27:35.019,"92620","1007","23.9","52.5",
05/22/26 12:27:40.025,"92850","1007","23.9","52.6",
05/22/26 12:27:45.020,"93210","1007","23.9","52.7",
05/22/26 12:27:50.026,"92850","1007","23.9","52.7",
05/22/26 12:27:55.020,"92970","1007","23.9","52.6",
05/22/26 12:28:00.026,"92970","1007","23.9","52.6",
05/22/26 12:28:05.025,"93090","1007","23.9","53",
05/22/26 12:28:10.023,"92850","1007","23.9","52.8",
05/22/26 12:28:15.025,"93090","1007","23.9","52.6",
05/22/26 12:28:20.018,"92610","1007","23.9","52.7",
05/22/26 12:28:25.018,"92610","1007","23.9","52.8",
05/22/26 12:28:30.025,"92740","1007","23.9","52.6",
05/22/26 12:28:35.016,"92970","1007","23.9","52.8",
05/22/26 12:28:40.016,"93210","1007","24","52.9",
05/22/26 12:28:45.026,"93210","1007","24","53.2",
05/22/26 12:28:50.020,"92970","1007","24","53.1",
05/22/26 12:28:55.020,"93560","1007","24","53.1",
05/22/26 12:29:00.028,"93560","1007","24","53.1",
05/22/26 12:29:05.019,"93680","1007","24","53",
05/22/26 12:29:10.024,"93440","1007","24","53",
05/22/26 12:29:15.027,"94030","1007","24","52.7",
05/22/26 12:29:20.013,"93790","1007","24","52.3",
05/22/26 12:29:25.014,"92970","1007","24.1","52.2",
05/22/26 12:29:30.015,"92850","1007","24","52.2",
05/22/26 12:29:35.024,"93320","1007","24","52.3",
05/22/26 12:29:40.022,"93440","1007","24","52.3",
05/22/26 12:29:45.023,"93560","1007","24.1","53.3",
05/22/26 12:29:50.023,"93090","1007","24.1","52.9",
05/22/26 12:29:55.019,"93210","1007","24","52.3",
05/22/26 12:30:00.028,"93440","1007","24.1","52.5",
05/22/26 12:30:05.027,"93790","1007","24.1","52.5",
05/22/26 12:30:10.028,"92970","1007","24.1","52.4",
05/22/26 12:30:15.025,"93210","1007","24.1","52.6",
05/22/26 12:30:20.025,"93560","1007","24.1","53.2",
05/22/26 12:30:25.023,"93790","1007","24.1","53.1",
05/22/26 12:30:30.023,"93560","1007","24.1","52.9",
05/22/26 12:30:35.018,"93910","1007","24.1","52.7",
05/22/26 12:30:40.021,"93560","1007","24.1","52.6",
05/22/26 12:30:45.019,"93560","1007","24.1","52.4",
05/22/26 12:30:50.025,"93560","1007","24.1","52.7",
05/22/26 12:30:55.023,"93790","1007","24.1","53",
05/22/26 12:31:00.027,"94140","1007","24.1","52.7",
05/22/26 12:31:05.024,"94030","1007","24.1","52.3",
05/22/26 12:31:10.026,"94380","1007","24.1","52.1",
05/22/26 12:31:15.027,"94140","1007","24.1","52",
05/22/26 12:31:20.024,"94260","1007","24.1","51.9",
05/22/26 12:31:25.022,"94140","1007","24.1","52.2",
05/22/26 12:31:30.025,"93910","1007","24.1","52.2",
05/22/26 12:31:35.027,"93430","1007","24.1","52.3",
05/22/26 12:31:40.023,"94020","1007","24.1","52.3",
05/22/26 12:31:45.026,"94140","1007","24.1","52.3",
05/22/26 12:31:50.020,"93780","1007","24.1","52.3",
05/22/26 12:31:55.014,"93900","1007","24.1","52.3",
05/22/26 12:32:00.028,"93670","1007","24.1","52.4",
05/22/26 12:32:05.029,"93550","1007","24.1","52.4",
05/22/26 12:32:10.017,"93670","1007","24.1","52.4",
05/22/26 12:32:15.018,"93780","1007","24.1","52.4",
05/22/26 12:32:20.018,"94490","1007","24.1","52.3",
05/22/26 12:32:25.020,"94380","1007","24.1","52.2",
05/22/26 12:32:30.026,"94610","1007","24.1","52.1",
05/22/26 12:32:35.025,"94020","1007","24.1","52",
05/22/26 12:32:40.027,"94130","1007","24.1","52",
05/22/26 12:32:45.019,"93670","1007","24","51.9",
05/22/26 12:32:50.028,"94490","1007","24","51.9",
05/22/26 12:32:55.029,"94020","1007","24","51.9",
05/22/26 12:33:00.028,"93310","1007","24","51.9",
05/22/26 12:33:05.015,"93430","1007","24","51.9",
05/22/26 12:33:10.016,"93430","1007","24","51.9",
05/22/26 12:33:15.019,"93550","1007","24.1","51.9",
05/22/26 12:33:20.015,"93200","1007","24.1","52",
05/22/26 12:33:25.020,"94020","1007","24.1","52.2",
05/22/26 12:33:30.024,"93780","1007","24.1","52.2",
05/22/26 12:33:35.021,"93430","1007","24.1","52",
05/22/26 12:33:40.017,"93780","1007","24.1","51.9",
05/22/26 12:33:45.015,"93780","1007","24.1","51.9",
05/22/26 12:33:50.025,"94250","1007","24","51.8",
05/22/26 12:33:55.027,"94370","1007","24","51.9",
05/22/26 12:34:00.022,"94020","1007","24","51.9",
05/22/26 12:34:05.021,"94370","1007","24","51.9",
05/22/26 12:34:10.028,"94370","1007","24","51.9",
05/22/26 12:34:15.028,"94600","1007","24.1","51.9",
05/22/26 12:34:20.030,"94600","1007","24.1","52",
05/22/26 12:34:25.029,"94600","1007","24.1","51.9",
05/22/26 12:34:30.028,"94490","1007","24","51.8",
05/22/26 12:34:35.026,"94370","1007","24","51.8",
05/22/26 12:34:40.024,"94370","1007","24","51.9",
05/22/26 12:34:45.020,"94370","1007","24","51.9",
05/22/26 12:34:50.021,"94250","1007","24.1","52.5",
05/22/26 12:34:55.017,"94020","1007","24.1","52.8",
05/22/26 12:35:00.028,"94020","1007","24","52.8",
05/22/26 12:35:05.025,"94720","1007","24","52.3",
05/22/26 12:35:10.019,"94720","1007","24.1","52.2",
05/22/26 12:35:15.029,"94950","1007","24","52.4",
05/22/26 12:35:20.029,"94720","1007","24.1","52.6",
05/22/26 12:35:25.022,"93900","1007","24.1","52.5",
05/22/26 12:35:30.024,"94130","1007","24.1","52.3",
05/22/26 12:35:35.026,"94250","1007","24.1","52.2",
05/22/26 12:35:40.015,"94130","1007","24.1","52.2",
05/22/26 12:35:45.026,"94130","1007","24.1","52.2",
05/22/26 12:35:50.023,"94250","1007","24.1","52.2",
05/22/26 12:35:55.021,"94600","1007","24.1","52.4",
05/22/26 12:36:00.022,"94490","1007","24.1","52.9",
05/22/26 12:36:05.020,"94840","1007","24.1","53",
05/22/26 12:36:10.030,"94130","1007","24","52.7",
05/22/26 12:36:15.030,"94600","1007","24.1","52.5",
05/22/26 12:36:20.028,"94950","1007","24.1","52.3",
05/22/26 12:36:25.025,"94840","1007","24","52.4",
05/22/26 12:36:30.027,"94720","1007","24","52.4",
05/22/26 12:36:35.030,"94950","1007","24","52.2",
05/22/26 12:36:40.028,"94840","1007","24","52.1",
05/22/26 12:36:45.026,"94130","1007","24","52.1",
05/22/26 12:36:50.029,"93670","1007","24","52.1",
05/22/26 12:36:55.023,"94130","1007","24","52.4",
05/22/26 12:37:00.022,"94490","1007","24","52.5",
05/22/26 12:37:05.020,"94600","1007","24","52.3",
05/22/26 12:37:10.021,"95070","1007","24","52.7",
05/22/26 12:37:15.027,"95070","1007","24","52.5",
05/22/26 12:37:20.019,"94720","1007","24","52.3",
05/22/26 12:37:25.020,"94950","1007","24","52.4",
05/22/26 12:37:30.020,"94600","1007","24","52.6",
05/22/26 12:37:35.018,"94370","1007","24","52.5",
05/22/26 12:37:40.032,"94490","1007","24","52.4",
05/22/26 12:37:45.026,"94370","1007","24","52.3",
05/22/26 12:37:50.023,"94600","1007","23.9","52.2",
05/22/26 12:37:55.019,"94130","1007","23.9","52.7",
05/22/26 12:38:00.025,"94250","1007","24","52.9",
05/22/26 12:38:05.027,"94370","1007","24","52.7",
05/22/26 12:38:10.023,"94250","1007","24","52.6",
05/22/26 12:38:15.021,"94370","1007","24","52.4",
05/22/26 12:38:20.032,"94370","1007","24","52.3",
05/22/26 12:38:25.020,"94720","1007","24","52.2",
05/22/26 12:38:30.018,"94370","1007","24","52.4",
05/22/26 12:38:35.029,"94130","1007","24","52.4",
05/22/26 12:38:40.026,"94490","1007","24","52.4",
05/22/26 12:38:45.028,"94130","1007","23.9","52.4",
05/22/26 12:38:50.019,"94130","1007","23.9","52.5",
05/22/26 12:38:55.029,"94370","1007","24","52.4",
05/22/26 12:39:00.028,"94130","1007","23.9","52.4",
05/22/26 12:39:05.024,"94720","1007","23.9","52.5",
05/22/26 12:39:10.024,"94840","1007","24","52.7",
05/22/26 12:39:15.019,"94720","1007","24","52.4",
05/22/26 12:39:20.027,"94950","1007","24","52.3",
05/22/26 12:39:25.031,"94600","1007","24","52.2",
05/22/26 12:39:30.025,"94490","1007","24","52.3",
05/22/26 12:39:35.018,"94600","1007","24","52.2",
05/22/26 12:39:40.020,"95070","1007","24","52.2",
05/22/26 12:39:45.028,"94840","1007","24","52.3",
05/22/26 12:39:50.020,"94600","1006","24","52.4",
05/22/26 12:39:55.022,"94370","1007","24","52.3",
05/22/26 12:40:00.023,"93900","1007","24","52.1",
05/22/26 12:40:05.026,"94130","1007","23.9","52",
05/22/26 12:40:10.028,"94600","1007","23.9","51.9",
05/22/26 12:40:15.031,"94370","1006","23.9","52",
05/22/26 12:40:20.031,"95070","1007","23.9","52.4",
05/22/26 12:40:25.025,"94720","1007","23.9","52.7",
05/22/26 12:40:30.023,"94840","1007","23.9","52.7",
05/22/26 12:40:35.027,"94950","1007","24","52.4",
05/22/26 12:40:40.019,"94840","1007","24","52.2",
05/22/26 12:40:45.019,"94950","1007","24","52.1",
05/22/26 12:40:50.031,"94600","1006","24","52.1",
05/22/26 12:40:55.031,"94950","1006","23.9","52.1",
05/22/26 12:41:00.028,"94720","1006","24","52.3",
05/22/26 12:41:05.028,"95190","1006","23.9","52.4",
05/22/26 12:41:10.024,"94720","1007","23.9","52.4",
05/22/26 12:41:15.020,"94370","1006","23.9","52.7",
05/22/26 12:41:20.019,"94600","1007","24","52.7",
05/22/26 12:41:25.022,"95420","1007","24","52.9",
05/22/26 12:41:30.032,"95420","1006","24","52.7",
05/22/26 12:41:35.032,"95070","1006","24","52.5",
05/22/26 12:41:40.018,"94720","1006","24","52.5",
05/22/26 12:41:45.020,"95540","1007","24","52.5",
05/22/26 12:41:50.019,"95540","1006","24","52.4",
05/22/26 12:41:55.020,"94950","1006","24","52.8",
05/22/26 12:42:00.019,"94840","1006","24","52.8",
05/22/26 12:42:05.030,"94720","1006","24","52.5",
05/22/26 12:42:10.031,"94600","1006","24","52.4",
05/22/26 12:42:15.033,"94720","1006","23.9","52.6",
05/22/26 12:42:20.028,"95540","1006","24","52.9",
05/22/26 12:42:25.020,"94720","1006","24","52.9",
05/22/26 12:42:30.023,"94950","1006","24","52.7",
05/22/26 12:42:35.024,"94720","1006","24","52.6",
05/22/26 12:42:40.024,"94600","1007","24","52.3",
05/22/26 12:42:45.031,"95070","1006","24","52.5",
05/22/26 12:42:50.022,"94600","1006","24","52.4",
05/22/26 12:42:55.030,"94490","1006","24","52.3",
05/22/26 12:43:00.021,"94840","1006","24","52.4",
05/22/26 12:43:05.032,"94950","1006","24","52.3",
05/22/26 12:43:10.030,"94950","1006","24","52.2",
05/22/26 12:43:15.022,"94720","1006","24","52.3",
05/22/26 12:43:20.024,"94720","1007","24","52.2",
05/22/26 12:43:25.034,"94840","1006","23.9","52.3",
05/22/26 12:43:30.023,"95190","1006","23.9","52.1",
05/22/26 12:43:35.035,"94950","1006","23.9","52.2",
05/22/26 12:43:40.031,"94950","1006","24","52.3",
05/22/26 12:43:45.024,"94950","1006","24","52.2",
05/22/26 12:43:50.034,"94950","1006","23.9","52.1",
05/22/26 12:43:55.030,"94950","1006","23.9","52",
05/22/26 12:44:00.030,"95670","1006","23.9","52.3",
05/22/26 12:44:05.035,"95540","1006","24","52.4",
05/22/26 12:44:10.173,"95540","1006","24","52.4",
05/22/26 12:44:15.107,"95920","1006","24","52.2",
05/22/26 12:44:20.102,"96170","1006","24","52.2",
05/22/26 12:44:25.071,"96040","1006","24","52.4",
05/22/26 12:44:30.019,"95670","1006","24","52.6",
05/22/26 12:44:35.024,"95310","1006","24","52.5",
05/22/26 12:44:40.026,"95310","1006","24","52.3",
05/22/26 12:44:45.030,"95310","1006","24","52.2",
05/22/26 12:44:50.033,"94840","1006","24","52.2",
05/22/26 12:44:55.032,"94720","1006","24","52.2",
05/22/26 12:45:00.025,"94720","1006","24","52.1",
05/22/26 12:45:05.032,"95420","1006","24","52",
05/22/26 12:45:10.034,"95310","1006","24","52.2",
05/22/26 12:45:15.041,"95420","1006","24","52",
05/22/26 12:45:20.033,"95670","1006","24","52.1",
05/22/26 12:45:25.034,"94950","1006","24","52.1",
05/22/26 12:45:30.025,"95070","1006","24","52.1",
05/22/26 12:45:35.028,"95070","1007","24","52",
05/22/26 12:45:40.027,"95660","1006","24","52",
05/22/26 12:45:45.029,"95070","1006","24","52",
05/22/26 12:45:50.031,"95070","1006","24","52",
05/22/26 12:45:55.027,"94840","1006","24","51.9",
05/22/26 12:46:00.030,"95420","1006","24","52",
05/22/26 12:46:05.034,"95910","1006","24","52.1",
05/22/26 12:46:10.032,"95660","1006","24","52",
05/22/26 12:46:15.060,"94950","1006","24","52.1",
05/22/26 12:46:20.030,"95190","1006","24","52.4",
05/22/26 12:46:25.060,"95540","1006","24","52.5",
05/22/26 12:46:30.083,"96030","1006","24","52.3",
05/22/26 12:46:35.059,"95420","1006","24","52.2",
05/22/26 12:46:40.049,"94950","1006","23.9","52.2",
05/22/26 12:46:45.057,"95190","1006","23.9","52.2",
05/22/26 12:46:50.036,"95660","1006","24","52.2",
05/22/26 12:46:55.062,"95420","1006","24","52.2",
05/22/26 12:47:00.075,"95670","1006","24","52.3",
05/22/26 12:47:05.093,"96030","1006","24","52.2",
05/22/26 12:47:10.097,"95540","1006","24","52",
05/22/26 12:47:15.160,"95910","1006","24","52.1",
05/22/26 12:47:20.252,"96280","1006","24","52.1",
05/22/26 12:47:25.308,"96910","1006","24","52.3",
05/22/26 12:47:30.329,"96540","1006","24","52.1",
05/22/26 12:47:35.348,"96280","1006","24","52.1",
05/22/26 12:47:40.362,"95910","1006","24","52",
05/22/26 12:47:45.427,"95910","1006","24","52.1",
05/22/26 12:47:50.431,"96040","1006","24","52.1",
05/22/26 12:47:55.472,"96040","1006","24","52.1",
05/22/26 12:48:00.520,"95420","1006","24.1","52.2",
05/22/26 12:48:05.535,"95540","1006","24","52.2",
05/22/26 12:48:10.565,"96040","1006","24","52.4",
05/22/26 12:48:15.602,"95540","1006","24","52.1",
05/22/26 12:48:20.634,"95660","1006","24","52.1",
05/22/26 12:48:25.754,"95910","1006","24","52.1",
05/22/26 12:48:30.811,"95660","1006","24","52",
05/22/26 12:48:35.881,"95420","1006","24","52.4",
05/22/26 12:48:40.965,"95910","1006","24","52.1",
05/22/26 12:48:46.074,"95920","1006","24","52.2",
05/22/26 12:48:51.255,"96040","1006","24","52.1",
05/22/26 12:48:56.323,"96660","1006","24","52.1",
05/22/26 12:49:01.428,"96170","1006","24","52.2",
05/22/26 12:49:06.499,"95910","1006","24","52.1",
05/22/26 12:49:11.598,"95540","1006","24","52",
05/22/26 12:49:16.738,"95540","1006","24","51.9",
05/22/26 12:49:21.891,"95540","1006","24","51.9",
05/22/26 12:49:27.049,"95910","1006","24","52.1",
05/22/26 12:49:32.126,"95920","1006","24","52.3",
05/22/26 12:49:37.215,"96290","1006","24","52.7",
05/22/26 12:49:42.337,"96540","1006","24","52.8",
05/22/26 12:49:47.458,"96040","1006","24","52.5",
05/22/26 12:49:52.540,"95660","1006","24","52.2",
05/22/26 12:49:57.647,"95420","1006","24","52.2",
05/22/26 12:50:02.856,"95420","1006","24","52.1",
05/22/26 12:50:07.965,"95420","1006","24","52.2",
05/22/26 12:50:13.133,"95420","1006","24","52.3",
05/22/26 12:50:18.339,"95910","1006","24","52.6",
05/22/26 12:50:23.433,"95420","1006","24","52.6",
05/22/26 12:50:28.555,"95910","1006","24","52.4",
05/22/26 12:50:33.667,"96540","1006","24","52",
05/22/26 12:50:38.789,"96410","1006","24","52",
05/22/26 12:50:43.954,"96160","1006","24","51.9",
05/22/26 12:50:49.087,"96660","1006","24","51.9",
05/22/26 12:50:54.251,"96160","1006","24","51.9",
05/22/26 12:50:59.404,"88430","1006","24","52.1",
05/22/26 12:51:04.525,"71750","1006","24","52.2",
05/22/26 12:51:09.656,"56390","1006","24","52.1",
05/22/26 12:51:14.812,"43780","1006","24","51.9",
05/22/26 12:51:19.973,"36600","1006","24","51.7",
05/22/26 12:51:25.108,"39250","1006","23.9","51.7",
05/22/26 12:51:30.295,"47360","1006","23.9","51.9",
05/22/26 12:51:35.441,"56780","1006","23.9","51.7",
05/22/26 12:51:40.623,"66390","1006","23.9","51.7",
05/22/26 12:51:45.801,"73650","1006","23.9","51.9",
05/22/26 12:51:50.970,"78650","1006","23.9","52.5",
05/22/26 12:51:56.085,"82470","1006","23.9","52.8",
05/22/26 12:52:01.337,"85650","1006","24","52.7",
05/22/26 12:52:06.466,"87040","1006","24","52.6",
05/22/26 12:52:11.651,"88550","1006","24","53.7",
05/22/26 12:52:16.905,"90220","1006","24","53",
05/22/26 12:52:22.139,"90780","1006","24","52.4",
05/22/26 12:52:27.332,"90220","1006","24","52.4",
05/22/26 12:52:32.504,"89330","1006","24","52.5",
05/22/26 12:52:37.685,"87790","1006","24","52.5",
05/22/26 12:52:42.897,"83080","1006","24","52.3",
05/22/26 12:52:48.103,"74890","1006","24","52.2",
05/22/26 12:52:53.283,"61910","1006","24","52.3",
05/22/26 12:52:58.490,"48220","1006","24","52.4",
05/22/26 12:53:03.728,"38190","1006","24","52.3",
05/22/26 12:53:08.906,"30030","1006","24","52.2",
05/22/26 12:53:14.144,"24450","1006","24","52.3",
05/22/26 12:53:19.350,"20560","1006","24","52.1",
05/22/26 12:53:24.527,"17500","1006","24","52.1",
05/22/26 12:53:29.773,"15360","1006","24","52.2",
05/22/26 12:53:35.011,"13510","1006","24","51.9",
05/22/26 12:53:40.238,"12320","1006","24","52",
05/22/26 12:53:45.532,"11130","1006","24","52.1",
05/22/26 12:53:50.751,"10220","1006","24","52.3",
05/22/26 12:53:55.974,"9450","1006","24","52.2",
05/22/26 12:54:01.263,"8890","1006","24","52.1",
05/22/26 12:54:06.771,"8310","1006","24","52.1",
05/22/26 12:54:12.023,"7780","1006","24","52.1",
05/22/26 12:54:17.265,"7340","1006","24","52.1",
05/22/26 12:54:22.507,"7010","1006","24","52.4",
05/22/26 12:54:27.739,"6840","1006","24","52.3",
05/22/26 12:54:32.964,"6890","1006","24","52.3",
05/22/26 12:54:38.194,"7320","1006","23.9","52.1",
05/22/26 12:54:43.477,"7960","1006","23.9","52.2",
05/22/26 12:54:48.771,"8850","1006","24","52.4",
05/22/26 12:54:54.017,"9950","1006","23.9","52.2",
05/22/26 12:54:59.311,"11330","1006","23.9","52.2",
05/22/26 12:55:04.570,"12480","1006","24","52.2",
05/22/26 12:55:09.804,"13820","1006","24","52.2",
05/22/26 12:55:15.205,"14960","1006","23.9","52.1",
05/22/26 12:55:20.479,"15920","1006","23.9","52.1",
05/22/26 12:55:25.743,"16900","1006","23.9","52.1",
05/22/26 12:55:31.091,"17840","1006","23.9","52.1",
05/22/26 12:55:36.381,"18760","1006","23.9","52.4",
05/22/26 12:55:41.678,"19370","1006","24","52.2",
05/22/26 12:55:47.024,"20000","1006","24","52.2",
05/22/26 12:55:52.328,"20560","1006","23.9","52.2",
05/22/26 12:55:57.635,"21100","1006","24","52",
05/22/26 12:56:02.939,"21380","1006","24","52",
05/22/26 12:56:08.288,"21790","1006","24","51.9",
05/22/26 12:56:13.599,"22270","1006","24","52.3",
05/22/26 12:56:18.937,"22700","1006","24","52.6",
05/22/26 12:56:24.198,"23020","1006","24","52.7",
05/22/26 12:56:29.512,"23520","1006","24","52.8",
05/22/26 12:56:34.838,"23750","1006","24","52.8",
05/22/26 12:56:40.122,"23960","1006","24","52.7",
05/22/26 12:56:45.448,"24240","1006","24","52.6",
05/22/26 12:56:50.776,"24630","1006","24","52.5",
05/22/26 12:56:56.104,"24930","1006","24","52.7",
05/22/26 12:57:01.439,"25150","1006","24","52.9",
05/22/26 12:57:06.812,"25420","1006","24","52.9",
05/22/26 12:57:12.148,"25550","1006","24","53",
05/22/26 12:57:17.498,"25930","1006","24","52.8",
05/22/26 12:57:22.911,"26020","1006","24","52.9",
05/22/26 12:57:28.283,"26250","1006","24","52.8",
05/22/26 12:57:33.652,"26540","1006","24","52.9",
05/22/26 12:57:39.002,"26600","1006","24","52.8",
05/22/26 12:57:44.365,"26700","1006","24","52.6",
05/22/26 12:57:49.699,"26960","1006","24","52.6",
05/22/26 12:57:55.063,"27290","1006","24","52.7",
05/22/26 12:58:00.467,"27390","1006","24","52.6",
05/22/26 12:58:05.816,"27580","1006","24","52.6",
05/22/26 12:58:11.204,"27550","1006","24","52.6",
05/22/26 12:58:16.584,"27680","1006","23.9","52.4",
05/22/26 12:58:22.002,"27880","1006","23.9","52.7",
05/22/26 12:58:27.417,"28230","1006","23.9","52.8",
05/22/26 12:58:32.803,"28640","1006","24","52.5",
05/22/26 12:58:38.188,"28540","1006","23.9","52.2",
05/22/26 12:58:43.627,"28670","1006","23.9","52.1",
05/22/26 12:58:49.061,"28740","1006","23.9","52",
05/22/26 12:58:54.450,"28980","1006","23.9","52",
05/22/26 12:58:59.882,"29090","1006","23.9","52.6",
05/22/26 12:59:05.317,"29190","1006","23.9","52.8",
05/22/26 12:59:10.745,"29400","1006","23.9","52.7",
05/22/26 12:59:16.182,"29640","1006","23.9","52.6",
05/22/26 12:59:21.621,"29570","1006","23.9","52.8",
05/22/26 12:59:27.074,"29820","1006","23.9","52.9",
05/22/26 12:59:32.529,"29780","1006","24","52.9",
05/22/26 12:59:37.966,"29710","1006","24","52.8",
05/22/26 12:59:43.420,"29820","1006","24","52.6",
05/22/26 12:59:48.881,"30030","1006","24","52.8",
05/22/26 12:59:54.325,"30100","1006","24","52.6",
05/22/26 12:59:59.757,"30210","1006","24","52.4",
05/22/26 13:00:05.228,"30240","1006","24","52.5",
05/22/26 13:00:10.694,"30570","1006","24","52.4",
05/22/26 13:00:16.179,"30750","1006","24","52.5",
05/22/26 13:00:21.651,"30720","1006","23.9","52.5",
05/22/26 13:00:27.124,"30790","1006","23.9","52.4",
05/22/26 13:00:32.569,"30820","1006","24","52.4",
05/22/26 13:00:37.999,"30930","1006","23.9","52.3",
05/22/26 13:00:43.434,"31150","1006","23.9","52.4",
05/22/26 13:00:48.892,"31260","1006","24","52.3",
05/22/26 13:00:54.422,"31370","1006","24","52.4",
05/22/26 13:00:59.903,"31370","1006","23.9","52.4",
05/22/26 13:01:05.371,"31520","1006","23.9","52.4",
05/22/26 13:01:10.846,"31410","1006","23.9","52.2",
05/22/26 13:01:16.338,"31450","1006","23.9","52.2",
05/22/26 13:01:21.836,"31700","1006","23.9","52.5",
05/22/26 13:01:27.385,"31740","1006","23.9","52.4",
05/22/26 13:01:32.893,"31920","1006","23.9","52.4",
05/22/26 13:01:38.461,"32040","1006","23.9","52.6",
05/22/26 13:01:44.531,"32040","1006","23.9","53",
05/22/26 13:01:50.136,"32070","1006","24","53.3",
05/22/26 13:01:55.759,"32150","1006","24","53.4",
05/22/26 13:02:01.406,"32150","1006","24","53.5",
05/22/26 13:02:06.921,"32110","1006","24","53.2",
05/22/26 13:02:12.570,"32370","1006","24","52.6",
05/22/26 13:02:18.261,"32450","1006","24","52.6",
05/22/26 13:02:23.918,"32600","1006","24","53.1",
05/22/26 13:02:29.425,"32830","1006","24","53.7",
05/22/26 13:02:34.965,"32800","1006","24","53.2",
05/22/26 13:02:40.506,"32870","1006","24","53.1",
05/22/26 13:02:46.006,"32990","1006","24","52.9",
05/22/26 13:02:51.601,"33110","1006","24","53",
05/22/26 13:02:58.475,"33140","1006","24","52.8",
05/22/26 13:03:04.244,"33220","1006","24","52.8",
05/22/26 13:03:08.629,"33260","1006","24","52.8",
05/22/26 13:03:12.982,"33530","1006","24.1","52.8",
05/22/26 13:03:17.350,"33450","1006","24","52.3",
05/22/26 13:03:21.696,"33610","1006","24","52.4",
05/22/26 13:03:26.070,"33610","1006","24","52.6",
05/22/26 13:03:30.474,"33530","1006","24","52.6",
05/22/26 13:03:34.878,"33770","1006","24","52.5",
05/22/26 13:03:39.292,"33850","1006","24","52.4",
05/22/26 13:03:43.695,"33810","1006","24.1","52.4",
05/22/26 13:03:48.166,"33810","1006","24.1","52.4",
05/22/26 13:03:52.610,"33890","1006","24.1","52.3",
05/22/26 13:03:57.118,"33810","1006","24.1","52.2",
05/22/26 13:04:02.372,"33890","1006","24.1","52.2",
05/22/26 13:04:08.444,"34000","1006","24.1","52.7",
05/22/26 13:04:14.317,"34120","1006","24.1","52.9",
05/22/26 13:04:19.356,"34400","1006","24.1","52.8",
05/22/26 13:04:24.709,"34400","1006","24.2","52.5",
05/22/26 13:04:30.428,"34480","1006","24.1","52.4",
05/22/26 13:04:35.830,"34550","1006","24.1","52.6",
05/22/26 13:04:41.350,"34480","1006","24.1","52.4",
05/22/26 13:04:47.001,"34550","1006","24.1","52.9",
05/22/26 13:04:52.647,"34670","1006","24.1","53",
05/22/26 13:04:58.532,"34440","1006","24.1","52.7",
05/22/26 13:05:04.142,"34550","1006","24.1","52.6",
05/22/26 13:05:09.293,"34550","1006","24.1","52.4",
05/22/26 13:05:14.530,"34630","1006","24.1","52.2",
05/22/26 13:05:19.865,"34870","1006","24.1","52.3",
05/22/26 13:05:25.267,"34870","1006","24.1","52.8",
05/22/26 13:05:30.844,"34990","1006","24.1","52.9",
05/22/26 13:05:36.476,"34950","1006","24.1","52.8",
05/22/26 13:05:42.081,"35030","1006","24.1","52.7",
05/22/26 13:05:47.772,"35360","1006","24.1","52.4",
05/22/26 13:05:53.402,"35280","1006","24.1","52.5",
05/22/26 13:05:59.139,"35240","1006","24.1","52.4",
05/22/26 13:06:04.816,"35400","1006","24.1","52.2",
05/22/26 13:06:10.426,"35400","1006","24.1","52.6",
05/22/26 13:06:16.069,"35530","1006","24.1","52.7",
05/22/26 13:06:21.705,"35730","1006","24.2","52.7",
05/22/26 13:06:27.337,"35730","1006","24.2","52.7",
05/22/26 13:06:32.990,"35730","1006","24.2","52.5",
05/22/26 13:06:38.624,"35770","1006","24.1","52.2",
05/22/26 13:06:44.264,"36060","1006","24.2","52.1",
05/22/26 13:06:49.958,"36020","1006","24.1","52",
05/22/26 13:06:55.614,"36140","1006","24.1","52.4",
05/22/26 13:07:01.370,"35940","1006","24.1","52.6",
05/22/26 13:07:07.194,"36140","1006","24.1","52.7",
05/22/26 13:07:12.939,"36100","1006","24.1","52.7",
05/22/26 13:07:18.857,"36270","1006","24.1","52.7",
05/22/26 13:07:24.605,"36230","1006","24.1","52.8",
05/22/26 13:07:29.130,"36230","1006","24.1","52.7",
05/22/26 13:07:33.652,"36440","1006","24.1","52.6",
05/22/26 13:07:38.133,"36400","1006","24.1","52.6",
05/22/26 13:07:42.594,"36520","1006","24.1","52.7",
05/22/26 13:07:47.059,"36270","1006","24.2","52.8",
05/22/26 13:07:51.576,"36480","1006","24.2","52.8",
05/22/26 13:07:56.658,"36520","1006","24.2","52.6",
05/22/26 13:08:02.785,"36610","1006","24.2","52.5",
05/22/26 13:08:08.888,"36910","1006","24.2","52.4",
05/22/26 13:08:14.974,"37030","1006","24.2","52.6",
05/22/26 13:08:21.120,"36860","1006","24.2","52.5",
05/22/26 13:08:27.151,"36910","1006","24.2","52.3",
05/22/26 13:08:32.854,"37120","1006","24.2","52.2",
05/22/26 13:08:38.749,"37290","1006","24.2","52.2",
05/22/26 13:08:45.049,"37120","1006","24.2","52.2",
05/22/26 13:08:51.645,"37160","1006","24.1","52.2",
05/22/26 13:08:58.155,"37370","1006","24.1","52",
05/22/26 13:09:04.259,"37460","1006","24.1","52.1",
05/22/26 13:09:09.940,"37590","1006","24.1","51.9",
05/22/26 13:09:15.679,"37500","1006","24.1","51.9",
05/22/26 13:09:21.591,"37500","1006","24","52",
05/22/26 13:09:27.602,"37370","1006","24.1","52.1",
05/22/26 13:09:33.803,"37630","1006","24.1","52",
05/22/26 13:09:40.012,"37680","1006","24.1","51.9",
05/22/26 13:09:46.247,"37720","1006","24.1","51.8",
05/22/26 13:09:52.471,"37810","1006","24.1","51.8",
05/22/26 13:09:58.668,"37940","1006","24.1","51.8",
05/22/26 13:10:04.930,"38160","1006","24.1","51.9",
05/22/26 13:10:11.145,"37890","1006","24.1","51.9",
05/22/26 13:10:17.423,"38030","1006","24.2","51.9",
05/22/26 13:10:23.674,"37980","1006","24.2","52",
05/22/26 13:10:29.896,"38070","1006","24.1","51.8",
05/22/26 13:10:36.127,"38240","1006","24.1","51.7",
05/22/26 13:10:42.353,"38240","1006","24.1","51.8",
05/22/26 13:10:48.590,"38460","1006","24.1","51.8",
05/22/26 13:10:54.849,"38380","1006","24.1","51.7",
05/22/26 13:11:01.147,"38460","1006","24.1","52.1",
05/22/26 13:11:07.458,"38460","1006","24.1","52.2",
05/22/26 13:11:13.722,"38240","1006","24.2","52.1",
05/22/26 13:11:19.950,"38380","1006","24.2","52",
05/22/26 13:11:26.163,"38510","1006","24.2","51.9",
05/22/26 13:11:32.425,"38730","1006","24.2","52",
05/22/26 13:11:38.646,"38810","1006","24.2","52.1",
05/22/26 13:11:44.905,"38950","1006","24.2","52",
05/22/26 13:11:51.210,"38900","1006","24.2","52.1",
05/22/26 13:11:57.456,"38900","1006","24.2","52.2",
05/22/26 13:12:03.708,"39040","1006","24.2","52.3",
05/22/26 13:12:09.988,"38900","1006","24.2","52.1",
05/22/26 13:12:16.271,"39080","1006","24.2","52.2",
05/22/26 13:12:22.579,"39040","1006","24.2","52.1",
05/22/26 13:12:28.852,"38900","1006","24.2","52",
05/22/26 13:12:35.110,"39080","1006","24.2","52.4",
05/22/26 13:12:41.402,"39080","1006","24.2","51.8",
05/22/26 13:12:47.700,"39260","1006","24.2","51.7",
05/22/26 13:12:54.002,"39260","1006","24.2","52.1",
05/22/26 13:13:00.342,"39440","1006","24.2","51.8",
05/22/26 13:13:06.933,"39670","1006","24.2","51.7",
05/22/26 13:13:13.272,"39440","1006","24.2","51.8",
05/22/26 13:13:19.597,"39490","1006","24.2","51.8",
05/22/26 13:13:25.913,"39490","1006","24.2","52.6",
05/22/26 13:13:32.231,"39720","1006","24.2","52.5",
05/22/26 13:13:38.582,"39810","1006","24.2","52.2",
05/22/26 13:13:44.864,"39810","1006","24.2","52.3",
05/22/26 13:13:51.197,"39850","1006","24.2","52.3",
05/22/26 13:13:57.634,"39850","1006","24.2","52.3",
05/22/26 13:14:04.051,"40080","1006","24.2","52.1",
05/22/26 13:14:10.656,"40080","1006","24.2","52.1",
05/22/26 13:14:16.983,"39900","1006","24.2","52.1",
05/22/26 13:14:23.383,"40030","1006","24.2","52.1",
05/22/26 13:14:29.754,"39850","1006","24.2","52.2",
05/22/26 13:14:36.075,"40260","1006","24.2","52.4",
05/22/26 13:14:42.424,"40400","1006","24.2","52.8",
05/22/26 13:14:48.793,"40170","1006","24.2","52.9",
05/22/26 13:14:55.116,"40260","1006","24.2","52.8",
05/22/26 13:15:01.485,"40260","1006","24.2","52.6",
05/22/26 13:15:07.839,"40400","1006","24.2","52.5",
05/22/26 13:15:14.222,"40400","1006","24.2","52.1",
05/22/26 13:15:20.576,"40260","1006","24.2","52",
05/22/26 13:15:26.967,"40260","1006","24.2","52.2",
05/22/26 13:15:33.313,"40580","1006","24.2","52.6",
05/22/26 13:15:39.666,"40350","1006","24.2","52.4",
05/22/26 13:15:46.008,"40260","1006","24.2","52.2",
05/22/26 13:15:52.395,"40490","1006","24.2","52.1",
05/22/26 13:15:58.734,"40580","1006","24.2","51.9",
05/22/26 13:16:05.141,"40630","1006","24.2","52.1",
05/22/26 13:16:11.592,"40820","1006","24.2","52.7",
05/22/26 13:16:18.000,"40820","1006","24.2","52.7",
05/22/26 13:16:24.390,"40580","1006","24.2","52.9",
05/22/26 13:16:30.756,"40540","1006","24.2","52.8",
05/22/26 13:16:37.197,"40730","1006","24.2","52.8",
05/22/26 13:16:43.605,"40680","1006","24.2","52.7",
05/22/26 13:16:50.017,"40580","1006","24.2","52.7",
05/22/26 13:16:56.463,"40820","1006","24.2","52.7",
05/22/26 13:17:02.974,"40870","1006","24.2","52.8",
05/22/26 13:17:09.372,"41010","1006","24.2","53.1",
05/22/26 13:17:15.784,"40910","1006","24.2","52.4",
05/22/26 13:17:22.187,"41010","1006","24.2","52",
05/22/26 13:17:28.614,"40960","1006","24.1","52",
05/22/26 13:17:35.027,"41150","1006","24.1","51.9",
05/22/26 13:17:41.471,"41240","1006","24.1","51.7",
05/22/26 13:17:47.932,"41430","1006","24.1","51.7",
05/22/26 13:17:54.380,"41330","1006","24.1","51.7",
05/22/26 13:18:00.905,"41160","1006","24.1","51.7",
05/22/26 13:18:07.343,"41190","1006","24.1","51.6",
05/22/26 13:18:13.861,"41330","1006","24.2","51.7",
05/22/26 13:18:20.333,"41100","1006","24.2","51.7",
05/22/26 13:18:26.790,"41330","1006","24.2","51.8",
05/22/26 13:18:33.253,"41430","1006","24.2","51.6",
05/22/26 13:18:39.689,"41430","1006","24.2","51.7",
05/22/26 13:18:46.180,"41710","1006","24.2","52.7",
05/22/26 13:18:52.624,"41850","1006","24.2","52.4",
05/22/26 13:18:59.109,"41850","1006","24.2","52.5",
05/22/26 13:19:05.576,"41520","1006","24.2","52.2",
05/22/26 13:19:12.084,"41800","1006","24.2","52.1",
05/22/26 13:19:18.719,"41950","1006","24.2","52.1",
05/22/26 13:19:25.279,"41800","1006","24.2","52.2",
05/22/26 13:19:31.748,"41950","1006","24.2","52",
05/22/26 13:19:38.238,"41720","1006","24.2","51.8",
05/22/26 13:19:44.793,"41810","1006","24.2","51.9",
05/22/26 13:19:51.284,"41810","1006","24.2","51.9",
05/22/26 13:19:57.780,"41960","1006","24.3","51.9",
05/22/26 13:20:04.312,"42040","1006","24.3","51.9",
05/22/26 13:20:10.849,"42380","1006","24.3","51.9",
05/22/26 13:20:17.390,"42150","1006","24.3","52.1",
05/22/26 13:20:23.884,"42000","1006","24.3","52.6",
05/22/26 13:20:30.413,"42000","1006","24.3","52.6",
05/22/26 13:20:36.956,"41860","1006","24.3","52.9",
05/22/26 13:20:43.480,"42200","1006","24.3","52.9",
05/22/26 13:20:50.002,"42050","1006","24.2","52.2",
05/22/26 13:20:56.610,"42200","1006","24.2","51.8",
05/22/26 13:21:03.159,"42340","1006","24.2","51.7",
05/22/26 13:21:09.717,"42290","1006","24.2","51.7",
05/22/26 13:21:16.320,"42440","1006","24.2","51.6",
05/22/26 13:21:22.868,"42630","1006","24.2","51.8",
05/22/26 13:21:29.441,"42580","1006","24.2","51.9",
05/22/26 13:21:36.006,"42440","1006","24.2","51.8",
05/22/26 13:21:42.676,"42720","1006","24.2","52",
05/22/26 13:21:49.252,"42810","1006","24.2","51.9",
05/22/26 13:21:55.826,"42720","1006","24.2","51.9",
05/22/26 13:22:02.433,"42630","1006","24.2","52.3",
05/22/26 13:22:09.024,"42530","1006","24.2","52.1",
05/22/26 13:22:15.668,"42770","1006","24.2","52.4",
05/22/26 13:22:22.232,"42730","1006","24.2","51.9",
05/22/26 13:22:28.836,"42820","1006","24.2","52",
05/22/26 13:22:35.419,"42630","1006","24.2","52.1",
05/22/26 13:22:42.021,"42730","1006","24.2","52.2",
05/22/26 13:22:48.623,"42630","1006","24.2","52.2",
05/22/26 13:22:55.178,"42820","1006","24.2","52.4",
05/22/26 13:23:01.854,"42970","1006","24.2","52.4",
05/22/26 13:23:08.404,"42970","1006","24.2","52",
05/22/26 13:23:15.013,"42820","1006","24.2","51.9",
05/22/26 13:23:21.804,"42870","1006","24.2","52",
05/22/26 13:23:28.490,"43060","1006","24.2","52.4",
05/22/26 13:23:35.099,"42820","1006","24.2","52.3",
05/22/26 13:23:41.723,"43110","1006","24.2","52.2",
05/22/26 13:23:48.385,"43160","1006","24.2","52.9",
05/22/26 13:23:55.030,"43210","1006","24.2","52.7",
05/22/26 13:24:01.766,"43300","1006","24.2","52.6",
05/22/26 13:24:08.673,"43110","1006","24.2","52.3",
05/22/26 13:24:15.349,"43160","1006","24.2","52.2",
05/22/26 13:24:22.034,"43350","1006","24.2","52.4",
05/22/26 13:24:28.726,"43450","1006","24.2","52.4",
05/22/26 13:24:35.393,"43160","1006","24.2","52.1",
05/22/26 13:24:42.011,"43400","1006","24.2","52",
05/22/26 13:24:48.702,"43160","1006","24.2","51.9",
05/22/26 13:24:55.354,"43300","1006","24.2","52.2",
05/22/26 13:25:02.083,"43300","1006","24.2","52.3",
05/22/26 13:25:08.762,"43210","1006","24.2","52.4",
05/22/26 13:25:15.478,"43400","1006","24.2","52.4",
05/22/26 13:25:22.179,"43350","1006","24.2","52.7",
05/22/26 13:25:28.903,"43400","1006","24.3","53.6",
05/22/26 13:25:35.559,"43550","1006","24.3","52.8",
05/22/26 13:25:42.255,"43500","1006","24.2","52.2",
05/22/26 13:25:48.978,"43650","1006","24.2","52.1",
05/22/26 13:25:55.689,"43750","1006","24.3","52.2",
05/22/26 13:26:02.458,"43700","1006","24.3","52",
05/22/26 13:26:09.123,"43700","1006","24.3","51.9",
05/22/26 13:26:15.889,"43800","1006","24.2","51.9",
05/22/26 13:26:22.621,"43900","1006","24.2","52",
05/22/26 13:26:29.358,"43800","1006","24.2","52",
05/22/26 13:26:36.045,"43900","1006","24.2","51.9",
05/22/26 13:26:42.762,"43650","1006","24.2","52",
05/22/26 13:26:49.534,"43650","1006","24.2","52.2",
05/22/26 13:26:56.285,"43650","1006","24.3","52.4",
05/22/26 13:27:03.074,"43700","1006","24.3","52.3",
05/22/26 13:27:09.817,"43650","1006","24.3","52.1",
05/22/26 13:27:16.725,"43750","1006","24.3","52",
05/22/26 13:27:23.464,"44050","1006","24.3","52",
05/22/26 13:27:30.229,"44000","1006","24.3","52.1",
05/22/26 13:27:37.011,"44100","1006","24.3","52.1",
05/22/26 13:27:43.817,"43800","1006","24.3","51.9",
05/22/26 13:27:50.608,"44000","1006","24.3","52",
05/22/26 13:27:57.405,"43900","1006","24.2","52",
05/22/26 13:28:04.235,"43900","1006","24.3","52.2",
05/22/26 13:28:11.029,"44050","1006","24.3","52.4",
05/22/26 13:28:17.859,"43950","1006","24.3","52.1",
05/22/26 13:28:24.672,"44150","1006","24.3","52",
05/22/26 13:28:31.488,"44150","1006","24.3","51.9",
05/22/26 13:28:38.285,"44210","1006","24.3","52",
05/22/26 13:28:45.108,"44210","1006","24.3","52.4",
05/22/26 13:28:51.859,"44210","1006","24.3","52.5",
05/22/26 13:28:58.757,"44210","1006","24.3","52.3",
05/22/26 13:29:05.618,"44260","1006","24.3","52",
05/22/26 13:29:12.477,"44150","1006","24.3","52.3",
05/22/26 13:29:19.335,"44410","1006","24.3","52.3",
05/22/26 13:29:26.108,"44210","1006","24.3","52.3",
05/22/26 13:29:32.950,"44510","1006","24.3","52.1",
05/22/26 13:29:39.783,"44410","1006","24.3","52.2",
05/22/26 13:29:46.641,"44100","1006","24.3","52.2",
05/22/26 13:29:53.471,"44100","1006","24.3","52",
05/22/26 13:30:00.342,"44210","1006","24.3","51.8",
05/22/26 13:30:07.181,"44510","1006","24.3","52",
05/22/26 13:30:14.058,"44810","1006","24.3","51.9",
05/22/26 13:30:20.941,"44810","1006","24.3","51.9",
05/22/26 13:30:27.818,"44810","1006","24.3","51.9",
05/22/26 13:30:34.643,"44810","1006","24.3","52",
05/22/26 13:30:41.508,"44610","1006","24.3","52.2",
05/22/26 13:30:48.424,"44610","1006","24.3","52.1",
05/22/26 13:30:55.266,"44660","1006","24.3","51.8",
05/22/26 13:31:02.207,"44810","1006","24.3","51.9",
05/22/26 13:31:09.099,"44960","1006","24.3","52.2",
05/22/26 13:31:16.008,"45060","1006","24.3","52.1",
05/22/26 13:31:22.870,"44760","1006","24.3","52.4",
05/22/26 13:31:29.743,"44660","1006","24.3","52.1",
05/22/26 13:31:36.692,"44860","1006","24.3","52.5",
05/22/26 13:31:43.586,"45010","1006","24.3","52.6",
05/22/26 13:31:50.485,"44910","1006","24.3","52.5",
05/22/26 13:31:57.366,"44910","1006","24.3","52.4",
05/22/26 13:32:04.302,"45010","1006","24.3","52.5",
05/22/26 13:32:11.223,"45170","1006","24.4","52.3",
05/22/26 13:32:18.174,"45010","1006","24.4","52.4",
05/22/26 13:32:25.078,"44810","1006","24.3","52.5",
05/22/26 13:32:31.991,"45380","1006","24.3","52",
05/22/26 13:32:38.904,"45380","1006","24.3","51.7",
05/22/26 13:32:45.863,"45320","1006","24.3","51.5",
05/22/26 13:32:52.810,"45430","1006","24.3","51.9",
05/22/26 13:32:59.741,"45380","1006","24.3","51.7",
05/22/26 13:33:06.769,"44960","1006","24.3","51.5",
05/22/26 13:33:13.692,"45270","1006","24.3","51.7",
05/22/26 13:33:20.685,"45430","1006","24.3","52.3",
05/22/26 13:33:27.641,"45480","1006","24.3","52",
05/22/26 13:33:34.612,"45380","1006","24.3","52",
05/22/26 13:33:41.561,"45530","1006","24.3","52",
05/22/26 13:33:48.581,"45640","1006","24.3","52",
05/22/26 13:33:55.495,"45380","1006","24.3","52.3",
05/22/26 13:34:02.515,"45320","1006","24.3","52",
05/22/26 13:34:09.759,"45480","1006","24.3","52.7",
05/22/26 13:34:16.772,"45640","1006","24.3","52.6",
05/22/26 13:34:23.772,"45740","1006","24.3","52.2",
05/22/26 13:34:30.761,"45530","1006","24.3","52.2",
05/22/26 13:34:37.780,"45330","1006","24.3","51.9",
05/22/26 13:34:44.958,"45530","1006","24.3","52",
05/22/26 13:34:51.984,"45690","1006","24.3","51.9",
05/22/26 13:34:58.950,"45790","1006","24.3","51.7",
05/22/26 13:35:06.030,"45640","1006","24.3","51.8",
05/22/26 13:35:13.029,"45690","1006","24.3","51.8",
05/22/26 13:35:20.079,"45690","1006","24.3","52",
05/22/26 13:35:27.114,"45850","1006","24.3","52.1",
05/22/26 13:35:34.155,"45900","1006","24.3","52.2",
05/22/26 13:35:41.180,"45900","1006","24.3","52",
05/22/26 13:35:48.206,"46000","1006","24.3","51.9",
05/22/26 13:35:55.217,"45740","1006","24.3","51.8",
05/22/26 13:36:02.328,"45740","1006","24.3","51.9",
05/22/26 13:36:09.358,"46000","1006","24.3","52",
05/22/26 13:36:16.418,"46050","1006","24.3","51.8",
05/22/26 13:36:23.431,"46050","1006","24.3","52.1",
05/22/26 13:36:30.513,"45790","1006","24.3","52.1",
05/22/26 13:36:37.594,"45950","1006","24.3","52",
05/22/26 13:36:44.670,"45740","1006","24.2","51.8",
05/22/26 13:36:51.735,"46050","1006","24.3","52.5",
05/22/26 13:36:58.805,"46110","1006","24.3","52.3",
05/22/26 13:37:05.945,"46210","1006","24.3","52.1",
05/22/26 13:37:13.049,"46050","1006","24.3","52.7",
05/22/26 13:37:20.165,"45900","1006","24.3","52.3",
05/22/26 13:37:27.248,"46110","1006","24.3","52.1",
05/22/26 13:37:34.368,"46470","1006","24.3","52.1",
05/22/26 13:37:41.487,"46260","1006","24.3","52.2",
05/22/26 13:37:48.629,"46260","1006","24.2","52.2",
05/22/26 13:37:55.725,"46110","1006","24.2","52.1",
05/22/26 13:38:02.822,"45900","1006","24.2","52.1",
05/22/26 13:38:09.918,"45950","1006","24.2","52.3",
05/22/26 13:38:17.080,"46420","1006","24.3","52.2",
05/22/26 13:38:24.222,"46420","1006","24.3","52.1",
05/22/26 13:38:31.320,"46210","1006","24.2","51.9",
05/22/26 13:38:38.448,"46370","1006","24.2","52",
05/22/26 13:38:45.602,"46420","1006","24.2","52",
05/22/26 13:38:52.727,"46420","1006","24.2","52",
05/22/26 13:38:59.892,"46370","1006","24.3","51.9",
05/22/26 13:39:07.117,"46210","1006","24.3","52.5",
05/22/26 13:39:14.276,"46580","1006","24.3","52.3",
05/22/26 13:39:21.444,"46580","1006","24.2","52.1",
05/22/26 13:39:28.581,"46520","1006","24.3","52.1",
05/22/26 13:39:35.718,"46630","1006","24.3","52.1",
05/22/26 13:39:42.868,"46520","1006","24.2","52.2",
05/22/26 13:39:50.071,"46580","1006","24.2","52.2",
05/22/26 13:39:57.225,"46520","1006","24.2","52.2",
05/22/26 13:40:04.453,"46680","1006","24.2","52.2",
05/22/26 13:40:11.675,"46730","1006","24.2","52.3",
05/22/26 13:40:18.864,"46420","1006","24.2","52.2",
05/22/26 13:40:26.050,"46370","1006","24.2","52.2",
05/22/26 13:40:33.235,"46840","1006","24.3","52.2",
05/22/26 13:40:40.452,"46840","1006","24.3","52.3",
05/22/26 13:40:47.681,"46680","1006","24.3","52.3",
05/22/26 13:40:54.882,"46790","1006","24.3","52",
05/22/26 13:41:02.110,"46790","1006","24.3","52",
05/22/26 13:41:09.346,"46630","1006","24.3","52.5",
05/22/26 13:41:16.598,"46790","1006","24.3","52.2",
05/22/26 13:41:23.849,"46740","1006","24.2","52.2",
05/22/26 13:41:31.032,"46790","1006","24.2","52.2",
05/22/26 13:41:38.232,"46840","1006","24.2","52.2",
05/22/26 13:41:45.458,"46950","1006","24.2","52",
05/22/26 13:41:52.745,"46740","1006","24.2","52.1",
05/22/26 13:41:59.955,"46840","1006","24.3","52.3",
05/22/26 13:42:07.203,"46790","1006","24.3","52.2",
05/22/26 13:42:14.459,"47110","1006","24.3","52",
05/22/26 13:42:21.706,"47060","1006","24.3","52.2",
05/22/26 13:42:28.956,"46950","1006","24.3","52.2",
05/22/26 13:42:36.221,"47000","1006","24.3","52.4",
05/22/26 13:42:43.474,"47220","1006","24.3","52.8",
05/22/26 13:42:50.725,"46850","1006","24.3","52.5",
05/22/26 13:42:58.006,"47000","1006","24.3","52.8",
05/22/26 13:43:05.341,"47110","1006","24.3","52.6",
05/22/26 13:43:12.611,"47060","1006","24.3","52.5",
05/22/26 13:43:19.856,"47220","1006","24.3","52.5",
05/22/26 13:43:27.102,"47160","1006","24.3","52.2",
05/22/26 13:43:34.403,"47060","1006","24.3","52.7",
05/22/26 13:43:41.777,"47060","1006","24.3","52.6",
05/22/26 13:43:49.089,"47060","1006","24.3","52.3",
05/22/26 13:43:56.531,"47330","1006","24.3","52.1",
05/22/26 13:44:03.916,"47380","1006","24.3","52.4",
05/22/26 13:44:11.533,"47270","1006","24.3","52.2",
05/22/26 13:44:18.833,"47490","1006","24.2","52.2",
05/22/26 13:44:26.136,"47590","1006","24.3","52.6",
05/22/26 13:44:33.440,"47760","1006","24.3","52.7",
05/22/26 13:44:40.773,"47490","1006","24.3","52.4",
05/22/26 13:44:48.100,"47380","1006","24.2","52.5",
05/22/26 13:44:55.410,"47430","1006","24.2","52.5",
05/22/26 13:45:02.791,"47490","1006","24.3","52.5",
05/22/26 13:45:10.099,"47430","1006","24.3","52.1",
05/22/26 13:45:17.426,"47380","1006","24.2","51.9",
05/22/26 13:45:24.754,"47540","1006","24.2","52.1",
05/22/26 13:45:32.112,"47700","1006","24.2","52.1",
05/22/26 13:45:39.404,"47700","1006","24.2","52.3",
05/22/26 13:45:46.737,"47650","1006","24.2","52.4",
05/22/26 13:45:54.074,"47430","1006","24.2","52.1",
05/22/26 13:46:01.464,"47590","1006","24.2","51.8",
05/22/26 13:46:08.829,"47430","1006","24.2","51.7",
05/22/26 13:46:16.149,"47540","1006","24.2","51.7",
05/22/26 13:46:23.468,"47500","1006","24.2","52",
05/22/26 13:46:30.836,"47280","1006","24.2","52.2",
05/22/26 13:46:38.191,"47490","1006","24.2","52",
05/22/26 13:46:45.534,"47650","1006","24.2","52.1",
05/22/26 13:46:52.881,"47600","1006","24.2","52.1",
05/22/26 13:47:00.265,"47440","1006","24.2","52.2",
05/22/26 13:47:07.659,"47390","1006","24.2","52",
05/22/26 13:47:15.086,"47600","1006","24.2","52",
05/22/26 13:47:22.521,"47660","1006","24.2","52",
05/22/26 13:47:29.913,"47600","1006","24.2","51.9",
05/22/26 13:47:37.301,"47710","1006","24.2","52",
05/22/26 13:47:44.729,"47700","1006","24.2","52.2",
05/22/26 13:47:52.103,"47600","1006","24.2","52.2",
05/22/26 13:47:59.504,"47870","1006","24.2","52.1",
05/22/26 13:48:06.919,"47820","1006","24.2","52.1",
05/22/26 13:48:14.350,"47660","1006","24.3","52.3",
05/22/26 13:48:21.772,"47920","1006","24.3","52",
05/22/26 13:48:29.190,"47920","1006","24.3","52",
05/22/26 13:48:36.603,"47820","1006","24.3","51.9",
05/22/26 13:48:44.024,"47600","1006","24.3","51.9",
05/22/26 13:48:51.455,"47710","1006","24.3","52.4",
05/22/26 13:48:58.942,"47660","1006","24.2","51.7",
05/22/26 13:49:06.423,"47600","1006","24.2","52.1",
05/22/26 13:49:13.976,"47870","1006","24.2","52",
05/22/26 13:49:21.466,"48030","1006","24.2","52",
05/22/26 13:49:29.040,"47710","1006","24.2","52.3",
05/22/26 13:49:36.457,"47820","1006","24.2","52",
05/22/26 13:49:43.912,"47930","1006","24.2","51.9",
05/22/26 13:49:51.360,"47820","1006","24.2","52",
05/22/26 13:49:58.815,"47710","1006","24.2","52.3",
05/22/26 13:50:06.486,"47930","1006","24.2","52.8",
05/22/26 13:50:14.039,"47870","1006","24.2","52.2",
05/22/26 13:50:21.587,"48240","1006","24.2","52.4",
05/22/26 13:50:29.109,"48030","1006","24.2","52.5",
05/22/26 13:50:36.573,"48130","1006","24.2","52.2",
05/22/26 13:50:44.060,"48090","1006","24.2","51.9",
05/22/26 13:50:51.579,"47710","1006","24.2","51.9",
05/22/26 13:50:59.108,"47600","1006","24.2","51.8",
05/22/26 13:51:06.631,"47930","1006","24.2","51.7",
05/22/26 13:51:14.179,"47980","1006","24.2","51.9",
05/22/26 13:51:21.726,"48190","1006","24.2","51.9",
05/22/26 13:51:29.211,"48090","1006","24.2","51.8",
05/22/26 13:51:36.729,"47930","1006","24.2","51.8",
05/22/26 13:51:44.268,"48020","1006","24.2","52",
05/22/26 13:51:51.784,"48190","1006","24.2","52.1",
05/22/26 13:51:59.348,"47930","1006","24.2","52.3",
05/22/26 13:52:06.962,"48350","1006","24.2","51.9",
05/22/26 13:52:14.547,"48400","1006","24.2","52.4",
05/22/26 13:52:22.082,"48130","1006","24.2","52.3",
05/22/26 13:52:29.667,"48460","1006","24.2","52.2",
05/22/26 13:52:37.209,"48080","1006","24.2","52.4",
05/22/26 13:52:44.797,"48350","1006","24.2","52.1",
05/22/26 13:52:52.414,"48130","1006","24.2","51.8",
05/22/26 13:52:59.958,"48350","1006","24.1","52",
05/22/26 13:53:07.497,"48460","1006","24.1","52.1",
05/22/26 13:53:15.071,"48350","1006","24.2","52.1",
05/22/26 13:53:22.662,"48130","1006","24.2","52.1",
05/22/26 13:53:33.061,"48130","1006","24.1","51.6",
05/22/26 13:53:44.798,"48290","1006","24.1","52.4",
05/22/26 13:53:56.062,"48240","1006","24.2","52.4",
05/22/26 13:54:07.013,"48400","1006","24.2","52.6",
05/22/26 13:54:18.205,"48510","1006","24.2","52.8",
05/22/26 13:54:29.325,"48290","1006","24.2","52.5",
05/22/26 13:54:40.182,"48350","1006","24.2","52",
05/22/26 13:54:51.336,"48190","1006","24.2","52",
05/22/26 13:55:02.624,"48190","1006","24.2","53",
05/22/26 13:55:13.853,"47860","1006","24.2","51.9",
05/22/26 13:55:25.251,"47810","1006","24.2","51.7",
