,sensor [Auto],,,,,,,
,CO2,Pressure,Temperature,Humidity,TC-Pressure,TC-Humidity,TC-Temperature,
05/22/26 9:39:13.258,,"1008",,,,,,
05/22/26 9:39:13.495,,,"20.8",,,,,
05/22/26 9:39:13.743,,,,"73.4",,,,
05/22/26 9:39:13.983,,,,,"1007",,,
05/22/26 9:39:14.227,,,,,,"69",,
05/22/26 9:39:14.473,,,,,,,"20.2",
05/22/26 9:46:02.138,"0","1008","22.2","67.7","1007","69","20.3",
05/22/26 9:46:07.135,"0","1008","22.2","68","1007","70","20.3",
05/22/26 9:46:12.136,"0","1008","22.2","67.9","1007","70","20.3",
05/22/26 9:46:17.136,"0","1008","22.2","67.9","1007","70","20.3",
05/22/26 9:46:22.136,"0","1008","22.2","67.7","1007","70","20.3",
05/22/26 9:46:27.136,"0","1008","22.2","67.2","1007","69","20.3",
05/22/26 9:46:32.136,"0","1008","22.2","67.3","1007","69","20.3",
05/22/26 9:46:37.135,"0","1008","22.3","67.5","1007","69","20.3",
05/22/26 9:46:42.135,"0","1008","22.3","67.4","1007","69","20.3",
05/22/26 9:46:47.136,"0","1008","22.3","67.3","1007","69","20.3",
05/22/26 9:46:52.136,"0","1008","22.3","67.3","1007","69","20.3",
05/22/26 9:46:57.136,"0","1008","22.3","67.1","1007","69","20.3",
05/22/26 9:47:02.136,"0","1008","22.3","67.1","1007","69","20.3",
05/22/26 9:47:07.136,"0","1008","22.3","67.2","1007","69","20.3",
05/22/26 9:47:12.136,"0","1008","22.3","67.4","1007","69","20.3",
05/22/26 9:47:17.136,"0","1008","22.3","67.5","1007","70","20.3",
05/22/26 9:47:22.137,"0","1008","22.3","67.1","1007","69","20.3",
05/22/26 9:47:27.136,"0","1008","22.3","66.9","1007","69","20.3",
05/22/26 9:47:32.136,"0","1008","22.3","66.6","1007","69","20.3",
05/22/26 9:47:37.136,"0","1008","22.3","66.6","1007","69","20.3",
05/22/26 9:47:42.136,"0","1008","22.3","66.6","1007","69","20.3",
05/22/26 9:47:47.136,"0","1008","22.3","66.7","1007","69","20.3",
05/22/26 9:47:52.136,"0","1008","22.3","66.8","1007","69","20.3",
05/22/26 9:47:57.137,"0","1008","22.3","66.9","1007","69","20.3",
05/22/26 9:48:02.136,"0","1008","22.3","67.5","1007","70","20.3",
05/22/26 9:48:07.137,"0","1008","22.3","67.4","1007","70","20.3",
05/22/26 9:48:12.136,"0","1008","22.3","67.2","1007","69","20.3",
05/22/26 9:48:17.136,"0","1008","22.4","67.2","1007","69","20.3",
05/22/26 9:48:22.136,"0","1008","22.4","67.4","1007","70","20.3",
05/22/26 9:48:27.136,"0","1008","22.4","67.1","1007","70","20.3",
05/22/26 9:48:32.137,"0","1008","22.4","67.4","1007","70","20.3",
05/22/26 9:48:37.137,"0","1008","22.4","67.4","1007","70","20.3",
05/22/26 9:48:42.137,"0","1008","22.4","67.6","1007","70","20.3",
05/22/26 9:48:47.137,"0","1008","22.4","67.2","1007","70","20.3",
05/22/26 9:48:52.137,"0","1008","22.4","67.1","1007","70","20.3",
05/22/26 9:48:57.136,"0","1008","22.4","67.1","1007","70","20.3",
05/22/26 9:49:02.136,"0","1008","22.4","66.9","1007","70","20.3",
05/22/26 9:49:07.137,"0","1008","22.4","66.7","1007","69","20.3",
05/22/26 9:49:12.136,"0","1008","22.5","66.7","1007","70","20.3",
05/22/26 9:49:17.137,"0","1008","22.4","66.4","1007","69","20.3",
05/22/26 9:49:22.133,"0","1008","22.4","66.5","1007","69","20.3",
05/22/26 9:49:27.128,"0","1008","22.4","66.4","1007","69","20.3",
05/22/26 9:49:32.137,"0","1008","22.4","66.2","1007","69","20.3",
05/22/26 9:49:37.137,"0","1008","22.4","66.5","1007","69","20.3",
05/22/26 9:49:42.137,"0","1008","22.4","66.5","1007","69","20.3",
05/22/26 9:49:47.137,"0","1008","22.4","66.5","1007","69","20.3",
05/22/26 9:49:52.137,"0","1008","22.4","66.6","1007","69","20.3",
05/22/26 9:49:57.137,"0","1008","22.5","66.9","1007","69","20.3",
05/22/26 9:50:02.137,"0","1008","22.4","66.8","1007","69","20.3",
05/22/26 9:50:07.137,"0","1008","22.5","66.6","1007","69","20.3",
05/22/26 9:50:12.137,"0","1008","22.5","66.7","1007","69","20.3",
05/22/26 9:50:17.134,"0","1008","22.5","67.4","1007","70","20.3",
05/22/26 9:50:22.134,"0","1008","22.5","67.3","1007","70","20.3",
05/22/26 9:50:27.135,"0","1008","22.5","67.3","1007","70","20.3",
05/22/26 9:50:32.137,"0","1008","22.5","67.3","1007","70","20.3",
05/22/26 9:50:37.130,"0","1008","22.5","67.2","1007","70","20.3",
05/22/26 9:50:42.129,"0","1008","22.5","66.7","1007","70","20.3",
05/22/26 9:50:43.956,"0","1008","22.5","66.5","1007","69","20.3",
05/22/26 9:53:16.427,"0","1008","22.5","66.6","1007","69","20.3",
05/22/26 9:53:21.428,"0","1008","22.5","66.6","1007","69","20.3",
05/22/26 9:53:26.428,"0","1008","22.5","66.5","1007","69","20.3",
05/22/26 9:53:31.434,"200","1008","22.5","66.4","1007","69","20.3",
05/22/26 9:53:36.427,"600","1008","22.5","66","1007","69","20.3",
05/22/26 9:53:41.431,"1600","1008","22.5","65.8","1007","69","20.3",
05/22/26 9:53:46.426,"4500","1008","22.5","65.8","1007","69","20.3",
05/22/26 9:53:51.433,"8500","1008","22.5","66.1","1007","69","20.3",
05/22/26 9:53:56.434,"13800","1008","22.5","66.1","1007","69","20.3",
05/22/26 9:54:01.434,"21200","1008","22.5","66.4","1007","69","20.3",
05/22/26 9:54:06.427,"30100","1008","22.5","66.7","1007","70","20.3",
05/22/26 9:54:11.430,"38800","1008","22.5","66.4","1007","69","20.3",
05/22/26 9:54:16.435,"47000","1008","22.5","66.1","1007","69","20.3",
05/22/26 9:54:21.434,"54400","1008","22.5","66.1","1007","69","20.3",
05/22/26 9:54:26.431,"60900","1008","22.5","66.1","1007","69","20.3",
05/22/26 9:54:31.431,"68300","1008","22.5","66.1","1007","69","20.3",
05/22/26 9:54:36.428,"73800","1008","22.5","66.3","1007","69","20.3",
05/22/26 9:54:41.432,"78000","1008","22.5","66.8","1007","70","20.3",
05/22/26 9:54:46.434,"81200","1008","22.5","66.7","1007","70","20.3",
05/22/26 9:54:51.435,"83800","1008","22.5","66.7","1007","70","20.3",
05/22/26 9:54:56.433,"86200","1008","22.4","66.6","1007","69","20.3",
05/22/26 9:55:01.429,"87500","1008","22.5","66.6","1007","69","20.3",
05/22/26 9:55:06.433,"88700","1008","22.5","66.7","1007","70","20.3",
05/22/26 9:55:11.426,"89500","1008","22.5","66.9","1007","70","20.3",
05/22/26 9:55:16.433,"90500","1008","22.5","67.1","1007","70","20.3",
05/22/26 9:55:21.432,"91400","1008","22.5","66.6","1007","69","20.3",
05/22/26 9:55:26.428,"91500","1008","22.5","66.4","1007","69","20.3",
05/22/26 9:55:31.426,"92200","1008","22.5","66.2","1007","69","20.3",
05/22/26 9:55:36.427,"92600","1008","22.5","66.2","1007","69","20.3",
05/22/26 9:55:41.430,"93100","1008","22.5","66.1","1007","69","20.3",
05/22/26 9:55:46.433,"93600","1008","22.5","65.8","1007","69","20.3",
05/22/26 9:55:51.434,"93900","1008","22.5","65.9","1007","69","20.3",
05/22/26 9:55:56.432,"94300","1008","22.5","66","1007","69","20.3",
05/22/26 9:56:01.428,"94800","1008","22.5","66.1","1007","69","20.3",
05/22/26 9:56:06.427,"95000","1008","22.6","66","1007","69","20.3",
05/22/26 9:56:11.428,"94500","1008","22.5","66.1","1007","69","20.3",
05/22/26 9:56:16.430,"95500","1008","22.6","66.1","1007","69","20.3",
05/22/26 9:56:21.429,"96400","1008","22.6","66.1","1007","69","20.3",
05/22/26 9:56:26.429,"96300","1008","22.6","66.1","1007","69","20.3",
05/22/26 9:56:31.435,"96300","1008","22.6","66.1","1007","69","20.3",
05/22/26 9:56:36.430,"96100","1008","22.6","65.9","1007","69","20.3",
05/22/26 9:56:41.426,"96600","1008","22.6","65.7","1007","69","20.3",
05/22/26 9:56:46.431,"96600","1008","22.6","65.6","1007","69","20.3",
05/22/26 9:56:51.435,"96300","1008","22.6","66.1","1007","69","20.3",
05/22/26 9:56:56.436,"96400","1008","22.6","66.1","1007","69","20.3",
05/22/26 9:57:01.435,"96600","1008","22.6","66.5","1007","70","20.3",
05/22/26 9:57:06.435,"96600","1008","22.6","66.7","1007","70","20.3",
05/22/26 9:57:11.435,"96800","1008","22.6","66.5","1007","70","20.3",
05/22/26 9:57:16.436,"97500","1008","22.6","66.2","1007","70","20.3",
05/22/26 9:57:21.435,"97500","1008","22.6","66.3","1007","70","20.3",
05/22/26 9:57:26.436,"97700","1008","22.6","66.4","1007","70","20.3",
05/22/26 9:57:31.435,"97500","1008","22.6","66.2","1007","70","20.3",
05/22/26 9:57:36.436,"97300","1008","22.6","66.1","1007","70","20.3",
05/22/26 9:57:41.435,"97500","1008","22.6","65.9","1007","70","20.3",
05/22/26 9:57:46.436,"97700","1008","22.6","66","1007","69","20.3",
05/22/26 9:57:51.435,"97500","1008","22.6","65.9","1007","69","20.3",
05/22/26 9:57:56.435,"97900","1008","22.6","65.6","1007","69","20.3",
05/22/26 9:58:01.436,"98400","1008","22.6","65.7","1007","69","20.3",
05/22/26 9:58:06.436,"98200","1008","22.6","65.9","1007","69","20.3",
05/22/26 9:58:11.436,"98400","1008","22.6","66","1007","69","20.3",
05/22/26 9:58:16.436,"98200","1008","22.5","65.6","1007","69","20.3",
05/22/26 9:58:21.435,"99200","1008","22.6","65.9","1007","69","20.3",
05/22/26 9:58:26.436,"99200","1008","22.5","66.1","1007","69","20.3",
05/22/26 9:58:31.436,"99200","1008","22.5","65.9","1007","69","20.3",
05/22/26 9:58:36.436,"99000","1008","22.5","65.8","1007","69","20.3",
05/22/26 9:58:41.436,"99300","1008","22.5","66.2","1007","69","20.3",
05/22/26 9:58:46.435,"99500","1008","22.6","66.5","1007","70","20.3",
05/22/26 9:58:51.433,"99900","1008","22.5","65.9","1007","69","20.3",
05/22/26 9:58:56.429,"99300","1008","22.5","65.7","1007","69","20.3",
05/22/26 9:59:01.434,"99700","1008","22.5","65.8","1007","69","20.3",
05/22/26 9:59:06.430,"99700","1008","22.6","66.3","1007","69","20.3",
05/22/26 9:59:11.426,"99300","1008","22.6","66.2","1007","69","20.3",
05/22/26 9:59:16.430,"99300","1008","22.6","66.3","1007","69","20.3",
05/22/26 9:59:21.437,"99300","1008","22.6","66.1","1007","69","20.3",
05/22/26 9:59:26.435,"99200","1008","22.6","66.1","1007","69","20.3",
05/22/26 9:59:31.434,"98600","1008","22.6","66","1007","69","20.3",
05/22/26 9:59:36.428,"99000","1008","22.6","65.9","1007","69","20.3",
05/22/26 9:59:41.434,"99300","1008","22.6","65.7","1007","69","20.3",
05/22/26 9:59:46.436,"99900","1008","22.6","65.7","1007","69","20.3",
05/22/26 9:59:51.430,"100200","1008","22.6","65.9","1007","69","20.3",
05/22/26 9:59:56.436,"100100","1008","22.6","65.9","1007","69","20.3",
05/22/26 10:00:01.436,"99900","1008","22.6","65.8","1007","69","20.4",
05/22/26 10:00:06.429,"99900","1008","22.6","66.2","1007","70","20.4",
05/22/26 10:00:11.434,"100100","1008","22.7","66","1007","70","20.4",
05/22/26 10:00:16.433,"100100","1008","22.7","66.1","1007","70","20.4",
05/22/26 10:00:21.434,"100200","1008","22.7","66.3","1007","70","20.4",
05/22/26 10:00:26.436,"99900","1008","22.7","66.2","1007","70","20.4",
05/22/26 10:00:31.435,"100200","1008","22.7","65.9","1007","69","20.4",
05/22/26 10:00:36.433,"100200","1008","22.7","65.9","1007","69","20.4",
05/22/26 10:00:41.429,"100100","1008","22.7","66","1007","70","20.4",
05/22/26 10:00:46.428,"100400","1008","22.7","66.2","1007","70","20.4",
05/22/26 10:00:51.433,"101000","1008","22.7","65.9","1007","69","20.4",
05/22/26 10:00:56.428,"100600","1008","22.7","65.8","1007","69","20.4",
05/22/26 10:01:01.436,"100600","1008","22.7","65.6","1007","69","20.4",
05/22/26 10:01:06.427,"100600","1008","22.7","65.5","1007","69","20.4",
05/22/26 10:01:11.429,"100600","1008","22.7","65.4","1007","69","20.4",
05/22/26 10:01:16.433,"100800","1008","22.6","65.4","1007","69","20.4",
05/22/26 10:01:21.436,"100400","1008","22.7","65.3","1007","69","20.4",
05/22/26 10:01:26.436,"100600","1008","22.7","65.9","1007","69","20.4",
05/22/26 10:01:31.435,"100200","1008","22.7","66","1007","69","20.4",
05/22/26 10:01:36.436,"100400","1008","22.7","65.7","1007","69","20.4",
05/22/26 10:01:41.432,"100200","1008","22.7","65.6","1007","69","20.4",
05/22/26 10:01:46.428,"101000","1008","22.7","65.5","1007","69","20.4",
05/22/26 10:01:51.428,"100800","1008","22.6","65.7","1007","69","20.4",
05/22/26 10:01:56.436,"100800","1008","22.6","65.8","1007","69","20.4",
05/22/26 10:02:01.437,"100800","1008","22.6","65.6","1007","69","20.4",
05/22/26 10:02:06.432,"101000","1008","22.6","65.7","1007","69","20.4",
05/22/26 10:02:11.431,"101200","1008","22.6","65.9","1007","69","20.4",
05/22/26 10:02:16.431,"101000","1008","22.6","65.7","1007","69","20.4",
05/22/26 10:02:21.435,"101000","1008","22.6","65.5","1007","69","20.4",
05/22/26 10:02:26.427,"101400","1008","22.6","65.9","1007","69","20.4",
05/22/26 10:02:31.437,"101000","1008","22.6","66.1","1007","69","20.4",
05/22/26 10:02:36.428,"101400","1008","22.6","66.6","1007","69","20.4",
05/22/26 10:02:41.434,"101200","1008","22.6","66.3","1007","69","20.4",
05/22/26 10:02:46.431,"101600","1008","22.6","66.1","1007","69","20.4",
05/22/26 10:02:51.433,"101800","1008","22.6","66.2","1007","69","20.4",
05/22/26 10:02:56.429,"101800","1008","22.6","66.6","1007","70","20.4",
05/22/26 10:03:01.428,"101400","1008","22.6","66.4","1007","69","20.4",
05/22/26 10:03:06.432,"101400","1008","22.6","66.4","1007","69","20.4",
05/22/26 10:03:11.438,"101400","1008","22.6","66.5","1007","70","20.4",
05/22/26 10:03:16.437,"101400","1008","22.6","66.3","1007","69","20.4",
05/22/26 10:03:21.437,"101000","1008","22.6","66.1","1007","69","20.4",
05/22/26 10:03:26.438,"101200","1008","22.6","66","1007","69","20.4",
05/22/26 10:03:31.437,"101600","1008","22.6","65.9","1007","69","20.4",
05/22/26 10:03:36.437,"102000","1008","22.6","65.9","1007","69","20.4",
05/22/26 10:03:41.437,"101600","1008","22.6","65.9","1007","69","20.4",
05/22/26 10:03:46.438,"101400","1008","22.6","66.1","1007","69","20.4",
05/22/26 10:03:51.438,"101600","1008","22.6","65.6","1007","69","20.4",
05/22/26 10:03:56.438,"101800","1008","22.6","65.8","1007","69","20.4",
05/22/26 10:04:01.437,"101000","1008","22.6","66.2","1007","69","20.4",
05/22/26 10:04:06.438,"100600","1008","22.6","66.5","1007","69","20.4",
05/22/26 10:04:11.431,"101600","1008","22.6","66.4","1007","69","20.4",
05/22/26 10:04:16.430,"102200","1008","22.6","66.3","1007","69","20.4",
05/22/26 10:04:21.437,"101400","1008","22.6","65.9","1007","69","20.4",
05/22/26 10:04:26.434,"102200","1008","22.6","65.9","1007","69","20.4",
05/22/26 10:04:31.434,"102500","1008","22.6","65.8","1007","69","20.4",
05/22/26 10:04:36.436,"102700","1008","22.6","65.8","1007","69","20.4",
05/22/26 10:04:41.430,"102200","1008","22.6","65.8","1007","69","20.4",
05/22/26 10:04:46.438,"102200","1008","22.6","66.2","1007","69","20.4",
05/22/26 10:04:51.438,"101400","1008","22.6","66.5","1007","70","20.4",
05/22/26 10:04:56.438,"102200","1008","22.6","66.1","1007","69","20.4",
05/22/26 10:05:01.438,"102300","1008","22.6","66","1007","69","20.4",
05/22/26 10:05:06.438,"102200","1008","22.6","66.4","1007","69","20.4",
05/22/26 10:05:11.438,"102000","1008","22.6","66.4","1007","69","20.4",
05/22/26 10:05:16.438,"102000","1008","22.6","66.2","1007","69","20.4",
05/22/26 10:05:21.438,"102500","1008","22.6","66.4","1007","69","20.4",
05/22/26 10:05:26.439,"102700","1008","22.6","66.5","1007","69","20.4",
05/22/26 10:05:31.438,"102000","1008","22.6","66.4","1007","69","20.4",
05/22/26 10:05:36.439,"102200","1008","22.6","66.2","1007","69","20.4",
05/22/26 10:05:41.439,"102500","1008","22.6","66.2","1007","69","20.4",
05/22/26 10:05:46.439,"102900","1008","22.6","66","1007","69","20.4",
05/22/26 10:05:51.438,"102700","1008","22.6","66.1","1007","69","20.4",
05/22/26 10:05:56.439,"102300","1008","22.6","65.9","1007","69","20.4",
05/22/26 10:06:01.439,"101400","1008","22.7","65.9","1007","69","20.4",
05/22/26 10:06:06.439,"100400","1008","22.7","66","1007","69","20.4",
05/22/26 10:06:11.439,"99300","1008","22.7","66","1007","69","20.4",
05/22/26 10:06:16.439,"99500","1008","22.7","66.3","1007","69","20.4",
05/22/26 10:06:21.439,"99300","1008","22.7","66.3","1007","70","20.4",
05/22/26 10:06:26.438,"99300","1008","22.7","65.9","1007","69","20.4",
05/22/26 10:06:31.438,"99000","1008","22.6","66.4","1007","70","20.4",
05/22/26 10:06:36.439,"98400","1008","22.6","66.5","1007","70","20.4",
05/22/26 10:06:41.437,"98600","1008","22.6","66.7","1007","70","20.4",
05/22/26 10:06:46.439,"98800","1008","22.7","66.8","1007","70","20.4",
05/22/26 10:06:51.439,"99300","1008","22.6","66.1","1007","70","20.4",
05/22/26 10:06:56.432,"98400","1008","22.6","65.7","1007","69","20.4",
05/22/26 10:07:01.438,"98400","1008","22.6","65.6","1007","69","20.4",
05/22/26 10:07:06.429,"98400","1008","22.6","65.6","1007","69","20.4",
05/22/26 10:07:11.435,"98600","1008","22.6","65.8","1007","69","20.4",
05/22/26 10:07:16.432,"98400","1008","22.6","66","1007","69","20.4",
05/22/26 10:07:21.436,"98400","1008","22.6","65.7","1007","69","20.4",
05/22/26 10:07:26.430,"98600","1008","22.6","65.8","1007","69","20.4",
05/22/26 10:07:31.437,"99000","1008","22.6","66.3","1007","69","20.4",
05/22/26 10:07:36.431,"98400","1008","22.6","66.4","1007","69","20.4",
05/22/26 10:07:41.436,"98400","1008","22.6","66.2","1007","69","20.4",
05/22/26 10:07:46.430,"98800","1008","22.6","66.1","1007","69","20.4",
05/22/26 10:07:51.439,"99300","1008","22.6","66","1007","69","20.4",
05/22/26 10:07:56.435,"99200","1008","22.6","65.8","1007","69","20.4",
05/22/26 10:08:01.432,"99000","1008","22.6","65.5","1007","69","20.4",
05/22/26 10:08:06.438,"99200","1008","22.5","65.6","1007","69","20.4",
05/22/26 10:08:11.433,"99200","1008","22.5","65.6","1007","69","20.4",
05/22/26 10:08:16.439,"98400","1008","22.5","65.9","1007","69","20.4",
05/22/26 10:08:21.435,"98800","1008","22.5","66.2","1007","69","20.4",
05/22/26 10:08:26.436,"98800","1008","22.5","66.4","1007","69","20.4",
05/22/26 10:08:31.434,"99200","1008","22.5","66.3","1007","69","20.4",
05/22/26 10:08:36.439,"99200","1008","22.5","66.1","1007","69","20.4",
05/22/26 10:08:41.435,"99200","1008","22.5","66","1007","69","20.4",
05/22/26 10:08:46.432,"99200","1008","22.5","66","1007","69","20.4",
05/22/26 10:08:51.440,"98600","1008","22.6","66.1","1007","69","20.4",
05/22/26 10:08:56.432,"98400","1008","22.6","66.3","1007","69","20.4",
05/22/26 10:09:01.435,"98400","1008","22.5","65.8","1007","69","20.4",
05/22/26 10:09:06.440,"98800","1008","22.5","65.7","1007","69","20.4",
05/22/26 10:09:11.440,"98600","1008","22.5","65.6","1007","69","20.4",
05/22/26 10:09:16.440,"98600","1008","22.5","65.8","1007","69","20.4",
05/22/26 10:09:21.440,"99200","1008","22.6","65.8","1007","69","20.4",
05/22/26 10:09:26.440,"98800","1008","22.5","65.6","1007","69","20.4",
05/22/26 10:09:31.439,"99000","1008","22.5","66.4","1007","69","20.4",
05/22/26 10:09:36.441,"99000","1008","22.6","66.2","1007","69","20.4",
05/22/26 10:09:41.440,"99000","1008","22.6","65.8","1007","69","20.4",
05/22/26 10:09:46.441,"98800","1008","22.6","65.8","1007","69","20.4",
05/22/26 10:09:51.441,"99000","1008","22.5","66","1007","69","20.4",
05/22/26 10:09:56.440,"99000","1008","22.5","66.4","1007","69","20.4",
05/22/26 10:10:01.433,"99000","1008","22.5","66.7","1007","69","20.4",
05/22/26 10:10:06.436,"98800","1008","22.5","66.5","1007","69","20.4",
05/22/26 10:10:11.431,"99700","1008","22.5","66.6","1007","69","20.4",
05/22/26 10:10:16.431,"99700","1008","22.5","66.8","1007","70","20.4",
05/22/26 10:10:21.438,"99900","1008","22.5","66.8","1007","70","20.4",
05/22/26 10:10:26.438,"99900","1008","22.6","66.8","1007","70","20.4",
05/22/26 10:10:31.439,"100200","1008","22.6","66.6","1007","69","20.4",
05/22/26 10:10:36.438,"100200","1008","22.5","66.2","1007","69","20.4",
05/22/26 10:10:41.440,"100400","1008","22.5","65.9","1007","69","20.4",
05/22/26 10:10:46.441,"100800","1008","22.5","66.3","1007","69","20.4",
05/22/26 10:10:51.437,"101000","1008","22.5","66.2","1007","69","20.4",
05/22/26 10:10:56.434,"101200","1008","22.5","66","1007","69","20.4",
05/22/26 10:11:01.434,"101200","1008","22.5","66.3","1007","69","20.4",
05/22/26 10:11:06.433,"101200","1008","22.5","66.2","1007","69","20.4",
05/22/26 10:11:11.435,"101200","1008","22.5","65.9","1007","69","20.4",
05/22/26 10:11:16.441,"101200","1008","22.5","65.7","1007","69","20.4",
05/22/26 10:11:21.433,"101000","1008","22.5","65.6","1007","69","20.4",
05/22/26 10:11:26.435,"101400","1008","22.5","66","1007","69","20.4",
05/22/26 10:11:31.441,"101600","1008","22.5","65.8","1007","69","20.4",
05/22/26 10:11:36.431,"101600","1008","22.5","65.8","1007","69","20.4",
05/22/26 10:11:41.432,"101400","1008","22.5","66.2","1007","69","20.4",
05/22/26 10:11:46.434,"101600","1008","22.5","66.5","1007","69","20.4",
05/22/26 10:11:51.441,"101600","1008","22.5","66.3","1007","69","20.4",
05/22/26 10:11:56.441,"101400","1008","22.5","66.2","1007","69","20.4",
05/22/26 10:12:01.436,"101600","1008","22.5","66.3","1007","69","20.4",
05/22/26 10:12:06.432,"101600","1008","22.5","66.8","1007","69","20.4",
05/22/26 10:12:11.436,"101800","1008","22.5","66.7","1007","70","20.4",
05/22/26 10:12:16.433,"102000","1008","22.5","66.5","1007","70","20.4",
05/22/26 10:12:21.435,"102500","1008","22.5","66.4","1007","69","20.4",
05/22/26 10:12:26.436,"102000","1008","22.5","66.7","1007","69","20.4",
05/22/26 10:12:31.441,"102300","1008","22.5","66.8","1007","70","20.4",
05/22/26 10:12:36.436,"102000","1008","22.5","66.6","1007","70","20.4",
05/22/26 10:12:41.439,"101600","1008","22.5","66.9","1007","70","20.4",
05/22/26 10:12:46.441,"101600","1008","22.5","67.5","1007","70","20.4",
05/22/26 10:12:51.441,"101400","1008","22.5","67","1007","70","20.4",
05/22/26 10:12:56.432,"101600","1008","22.5","66.6","1007","69","20.4",
05/22/26 10:13:01.441,"102000","1008","22.5","67","1007","70","20.4",
05/22/26 10:13:06.441,"102200","1008","22.5","66.7","1007","70","20.4",
05/22/26 10:13:11.441,"102000","1008","22.5","66.5","1007","70","20.4",
05/22/26 10:13:16.441,"102000","1008","22.5","66.6","1007","70","20.4",
05/22/26 10:13:21.442,"102200","1008","22.5","66.7","1007","70","20.4",
05/22/26 10:13:26.442,"101800","1008","22.5","66.6","1007","69","20.4",
05/22/26 10:13:31.441,"102200","1008","22.5","66.1","1007","69","20.4",
05/22/26 10:13:36.442,"102000","1008","22.5","65.8","1007","69","20.4",
05/22/26 10:13:41.441,"102300","1008","22.5","66.2","1007","69","20.4",
05/22/26 10:13:46.441,"102900","1008","22.5","66.1","1007","69","20.4",
05/22/26 10:13:51.441,"102300","1008","22.5","66.2","1007","69","20.4",
05/22/26 10:13:56.442,"102000","1008","22.5","66.4","1007","69","20.4",
05/22/26 10:14:01.442,"101600","1008","22.5","65.8","1007","69","20.4",
05/22/26 10:14:06.442,"102200","1008","22.5","65.6","1007","69","20.4",
05/22/26 10:14:11.444,"102200","1008","22.5","65.7","1007","69","20.4",
05/22/26 10:14:16.444,"102200","1008","22.5","65.6","1007","69","20.4",
05/22/26 10:14:21.444,"102200","1008","22.5","65.5","1007","69","20.4",
05/22/26 10:14:26.444,"102200","1008","22.5","65.2","1007","68","20.4",
05/22/26 10:14:31.444,"102200","1008","22.5","65.4","1007","68","20.4",
05/22/26 10:14:36.444,"102200","1008","22.5","65.7","1007","69","20.4",
05/22/26 10:14:41.444,"102300","1008","22.5","66","1007","69","20.4",
05/22/26 10:14:46.444,"102300","1008","22.5","66","1007","69","20.4",
05/22/26 10:14:51.444,"102300","1008","22.5","66","1007","69","20.4",
05/22/26 10:14:56.445,"102500","1008","22.5","65.9","1007","69","20.4",
05/22/26 10:15:01.444,"102000","1008","22.5","66.5","1007","69","20.4",
05/22/26 10:15:06.445,"102500","1008","22.5","66.7","1007","69","20.4",
05/22/26 10:15:11.444,"103300","1008","22.5","66.3","1007","69","20.4",
05/22/26 10:15:16.444,"103500","1008","22.5","65.8","1007","69","20.4",
05/22/26 10:15:21.444,"102500","1008","22.4","65.5","1007","69","20.4",
05/22/26 10:15:26.445,"102500","1008","22.4","66","1007","69","20.4",
05/22/26 10:15:31.445,"102200","1008","22.5","66.3","1007","69","20.3",
05/22/26 10:15:36.445,"102300","1008","22.5","66.3","1007","69","20.4",
05/22/26 10:15:41.435,"102500","1008","22.5","66.4","1007","69","20.3",
05/22/26 10:15:46.436,"102500","1008","22.5","66.2","1007","69","20.4",
05/22/26 10:15:51.440,"103100","1008","22.5","65.9","1007","69","20.3",
05/22/26 10:15:56.440,"102500","1008","22.5","65.9","1007","69","20.4",
05/22/26 10:16:01.442,"102700","1008","22.5","65.9","1007","69","20.4",
05/22/26 10:16:06.443,"102900","1008","22.5","65.9","1007","69","20.4",
05/22/26 10:16:11.442,"102700","1008","22.5","66.2","1007","69","20.4",
05/22/26 10:16:16.442,"102500","1008","22.6","66.4","1007","69","20.4",
05/22/26 10:16:21.439,"102900","1008","22.6","66.3","1007","69","20.4",
05/22/26 10:16:26.442,"102700","1008","22.5","66.1","1007","69","20.4",
05/22/26 10:16:31.442,"102900","1008","22.5","66.2","1007","69","20.4",
05/22/26 10:16:36.438,"103100","1008","22.5","66.2","1007","69","20.4",
05/22/26 10:16:41.445,"103300","1008","22.5","66.2","1007","69","20.4",
05/22/26 10:16:46.444,"103100","1008","22.5","66.7","1007","70","20.4",
05/22/26 10:16:51.445,"103900","1008","22.5","66.6","1007","70","20.4",
05/22/26 10:16:56.445,"104300","1008","22.6","66.2","1007","69","20.4",
05/22/26 10:17:01.445,"104100","1008","22.6","66.3","1007","69","20.4",
05/22/26 10:17:06.445,"103300","1008","22.6","66.3","1007","69","20.4",
05/22/26 10:17:11.440,"103100","1008","22.6","66.1","1007","69","20.4",
05/22/26 10:17:16.445,"103100","1008","22.6","66.1","1007","69","20.4",
05/22/26 10:17:21.445,"103100","1008","22.6","66.1","1007","69","20.4",
05/22/26 10:17:26.445,"103100","1008","22.6","66.1","1007","69","20.4",
05/22/26 10:17:31.445,"103700","1008","22.6","65.8","1007","69","20.4",
05/22/26 10:17:36.445,"103300","1008","22.6","65.6","1007","69","20.4",
05/22/26 10:17:41.446,"102900","1008","22.6","65.5","1007","69","20.4",
05/22/26 10:17:46.446,"102500","1008","22.6","65.7","1007","69","20.4",
05/22/26 10:17:51.446,"103100","1008","22.6","65.4","1007","69","20.4",
05/22/26 10:17:56.437,"103300","1008","22.6","65.6","1007","69","20.4",
05/22/26 10:18:01.439,"103500","1008","22.6","65.3","1007","69","20.4",
05/22/26 10:18:06.446,"103100","1008","22.5","65.4","1007","69","20.4",
05/22/26 10:18:11.446,"102700","1008","22.5","65.6","1007","69","20.4",
05/22/26 10:18:16.444,"102200","1008","22.5","65.9","1007","69","20.4",
05/22/26 10:18:21.442,"101400","1008","22.5","66","1007","69","20.4",
05/22/26 10:18:26.445,"101400","1008","22.5","65.8","1007","69","20.4",
05/22/26 10:18:31.440,"101000","1008","22.6","66.1","1007","69","20.4",
05/22/26 10:18:36.445,"100200","1008","22.5","65.8","1007","69","20.4",
05/22/26 10:18:41.442,"100100","1008","22.6","65.8","1007","69","20.4",
05/22/26 10:18:46.438,"99900","1008","22.6","66.1","1007","69","20.4",
05/22/26 10:18:51.445,"99900","1008","22.5","65.9","1007","69","20.4",
05/22/26 10:18:56.444,"99000","1008","22.6","66.2","1007","69","20.4",
05/22/26 10:19:01.445,"99000","1008","22.6","66.1","1007","69","20.4",
05/22/26 10:19:06.441,"99000","1008","22.6","65.8","1007","69","20.4",
05/22/26 10:19:11.437,"99200","1008","22.6","65.4","1007","69","20.4",
05/22/26 10:19:16.443,"99300","1008","22.6","65.6","1007","69","20.4",
05/22/26 10:19:21.444,"99000","1008","22.6","66.1","1007","69","20.4",
05/22/26 10:19:26.440,"99300","1008","22.6","66.2","1007","69","20.4",
05/22/26 10:19:31.445,"99000","1008","22.6","66","1007","69","20.4",
05/22/26 10:19:36.446,"99200","1008","22.6","65.5","1007","69","20.4",
05/22/26 10:19:41.443,"98800","1008","22.6","65.8","1007","69","20.4",
05/22/26 10:19:46.443,"98400","1008","22.6","66.1","1007","69","20.4",
05/22/26 10:19:51.446,"98800","1008","22.6","66.1","1007","69","20.4",
05/22/26 10:19:56.445,"99000","1008","22.6","65.4","1007","69","20.4",
05/22/26 10:20:01.437,"99200","1008","22.6","65.2","1007","69","20.4",
05/22/26 10:20:06.440,"99000","1008","22.6","65.3","1007","69","20.4",
05/22/26 10:20:11.442,"98800","1008","22.6","66.1","1007","69","20.4",
05/22/26 10:20:16.443,"98600","1008","22.6","66","1007","69","20.4",
05/22/26 10:20:21.444,"98600","1008","22.5","65.9","1007","69","20.4",
05/22/26 10:20:26.436,"99200","1008","22.6","66.1","1007","69","20.4",
05/22/26 10:20:31.444,"99000","1008","22.6","66.4","1007","69","20.4",
05/22/26 10:20:36.439,"99000","1008","22.6","66.1","1007","69","20.4",
05/22/26 10:20:41.437,"99200","1008","22.6","65.7","1007","69","20.4",
05/22/26 10:20:46.446,"99200","1008","22.6","65.8","1007","69","20.4",
05/22/26 10:20:51.440,"99300","1008","22.6","65.7","1007","69","20.4",
05/22/26 10:20:56.439,"99200","1008","22.6","65.8","1007","69","20.4",
05/22/26 10:21:01.445,"99000","1008","22.6","66","1007","69","20.4",
05/22/26 10:21:06.442,"99200","1008","22.6","66","1007","69","20.4",
05/22/26 10:21:11.445,"99300","1008","22.6","66.4","1007","69","20.4",
05/22/26 10:21:16.445,"99300","1008","22.6","66.2","1007","69","20.4",
05/22/26 10:21:21.440,"99200","1008","22.6","65.8","1007","69","20.4",
05/22/26 10:21:26.439,"99300","1008","22.6","65.5","1007","69","20.4",
05/22/26 10:21:31.446,"98600","1008","22.5","65.5","1007","69","20.4",
05/22/26 10:21:36.447,"98600","1008","22.6","65.7","1007","69","20.4",
05/22/26 10:21:41.446,"99200","1008","22.6","65.6","1007","69","20.4",
05/22/26 10:21:46.447,"99300","1008","22.6","65.6","1007","69","20.4",
05/22/26 10:21:51.445,"99000","1008","22.5","66.3","1007","69","20.4",
05/22/26 10:21:56.441,"99300","1008","22.5","66.3","1007","69","20.4",
05/22/26 10:22:01.447,"99300","1008","22.6","66.2","1007","69","20.4",
05/22/26 10:22:06.442,"99000","1008","22.5","66","1007","69","20.4",
05/22/26 10:22:11.439,"99700","1008","22.5","66","1007","69","20.4",
05/22/26 10:22:16.442,"99300","1008","22.5","66.2","1007","69","20.4",
05/22/26 10:22:21.442,"99200","1008","22.5","66.3","1007","69","20.4",
05/22/26 10:22:26.446,"98800","1008","22.5","65.8","1007","69","20.4",
05/22/26 10:22:31.447,"99300","1008","22.5","65.8","1007","69","20.4",
05/22/26 10:22:36.447,"99200","1008","22.5","65.8","1007","69","20.4",
05/22/26 10:22:41.447,"99500","1008","22.5","65.7","1007","69","20.4",
05/22/26 10:22:46.447,"99500","1008","22.5","65.5","1007","69","20.4",
05/22/26 10:22:51.447,"99500","1008","22.5","65.5","1007","69","20.4",
05/22/26 10:22:56.447,"99700","1008","22.5","65.6","1007","69","20.4",
05/22/26 10:23:01.447,"99300","1008","22.5","65.9","1007","69","20.4",
05/22/26 10:23:06.448,"99700","1008","22.5","66","1007","69","20.4",
05/22/26 10:23:11.447,"99500","1008","22.5","65.7","1007","69","20.4",
05/22/26 10:23:16.447,"98800","1008","22.5","65.8","1007","69","20.4",
05/22/26 10:23:21.448,"99000","1008","22.5","65.7","1007","69","20.4",
05/22/26 10:23:26.448,"99200","1008","22.5","65.8","1007","69","20.4",
05/22/26 10:23:31.447,"99000","1008","22.5","65.8","1007","69","20.4",
05/22/26 10:23:36.448,"99900","1008","22.5","65.5","1007","69","20.4",
05/22/26 10:23:41.447,"99700","1008","22.5","65.6","1007","69","20.4",
05/22/26 10:23:46.448,"99000","1008","22.5","65.6","1007","69","20.4",
05/22/26 10:23:51.447,"99300","1008","22.5","65.9","1007","69","20.4",
05/22/26 10:23:56.448,"99900","1008","22.5","66.1","1007","69","20.4",
05/22/26 10:24:01.448,"99700","1008","22.5","66","1007","69","20.4",
05/22/26 10:24:06.448,"100100","1008","22.5","66.2","1007","69","20.4",
05/22/26 10:24:11.448,"100100","1008","22.6","66.3","1007","69","20.4",
05/22/26 10:24:16.448,"100200","1008","22.6","66.2","1007","69","20.4",
05/22/26 10:24:21.441,"100100","1008","22.6","66.1","1007","69","20.4",
05/22/26 10:24:26.446,"100200","1008","22.6","65.8","1007","69","20.4",
05/22/26 10:24:31.449,"99200","1008","22.6","65.4","1007","69","20.4",
05/22/26 10:24:36.445,"99000","1008","22.7","64.9","1007","68","20.4",
05/22/26 10:24:41.447,"99900","1008","22.7","65","1007","68","20.4",
05/22/26 10:24:46.440,"99500","1008","22.7","64.8","1007","68","20.4",
05/22/26 10:24:51.448,"99700","1008","22.8","64.8","1007","68","20.4",
05/22/26 10:24:56.446,"99700","1008","22.8","64.8","1007","68","20.4",
05/22/26 10:25:01.440,"99300","1008","22.8","64.8","1007","68","20.4",
05/22/26 10:25:06.443,"99900","1008","22.8","64.7","1007","68","20.5",
05/22/26 10:25:11.448,"99700","1008","22.8","64.5","1007","68","20.5",
05/22/26 10:25:16.449,"99700","1008","22.8","64.3","1007","68","20.5",
05/22/26 10:25:21.443,"99900","1008","22.9","64.3","1007","68","20.5",
05/22/26 10:25:26.449,"99300","1008","22.9","64.1","1007","68","20.5",
05/22/26 10:25:31.442,"98800","1008","22.9","64.2","1007","68","20.5",
05/22/26 10:25:36.449,"98200","1008","22.9","63.7","1007","68","20.5",
05/22/26 10:25:41.440,"98200","1008","22.9","63.5","1007","68","20.5",
05/22/26 10:25:46.449,"98200","1008","22.9","63.5","1007","68","20.5",
05/22/26 10:25:51.442,"98100","1008","22.9","63.4","1007","68","20.5",
05/22/26 10:25:56.444,"97300","1008","22.9","63.6","1007","68","20.5",
05/22/26 10:26:01.446,"97200","1008","23","64","1007","68","20.5",
05/22/26 10:26:06.446,"97300","1008","23","63.9","1007","68","20.5",
05/22/26 10:26:11.446,"96800","1008","23","63.9","1007","68","20.5",
05/22/26 10:26:16.447,"97500","1008","23","63.8","1007","68","20.5",
05/22/26 10:26:21.445,"97300","1008","23","63.8","1007","68","20.6",
05/22/26 10:26:26.446,"97200","1008","23","64","1007","68","20.6",
05/22/26 10:26:31.442,"96400","1008","23","63.5","1007","68","20.6",
05/22/26 10:26:36.443,"96100","1008","23","63.5","1007","68","20.6",
05/22/26 10:26:41.449,"95500","1008","23","63.3","1007","68","20.6",
05/22/26 10:26:46.448,"95000","1008","23","63.5","1007","68","20.6",
05/22/26 10:26:51.450,"94600","1008","23","63.4","1007","68","20.6",
05/22/26 10:26:56.445,"94600","1008","23","63.5","1007","68","20.6",
05/22/26 10:27:01.449,"95200","1008","23","63.5","1007","68","20.6",
05/22/26 10:27:06.447,"95000","1008","23.1","63.4","1007","68","20.6",
05/22/26 10:27:11.450,"95500","1008","23.1","63.1","1007","68","20.6",
05/22/26 10:27:16.442,"96100","1008","23.1","63","1007","68","20.6",
05/22/26 10:27:21.444,"97000","1008","23.1","63.1","1007","68","20.6",
05/22/26 10:27:26.450,"97700","1008","23.1","63.1","1007","68","20.6",
05/22/26 10:27:31.442,"94600","1008","23.1","62.9","1007","67","20.6",
05/22/26 10:27:36.444,"83800","1008","23.1","62.6","1007","67","20.6",
05/22/26 10:27:41.441,"66700","1008","23.1","62.7","1007","67","20.7",
05/22/26 10:27:46.449,"51000","1008","23.1","62.6","1007","67","20.7",
05/22/26 10:27:51.447,"39300","1008","23.1","62.4","1007","67","20.7",
05/22/26 10:27:56.446,"30500","1008","23.2","62.4","1007","67","20.7",
05/22/26 10:28:01.447,"23900","1008","23.2","62.4","1007","67","20.7",
05/22/26 10:28:06.442,"19300","1008","23.2","62.3","1007","67","20.7",
05/22/26 10:28:11.443,"15800","1008","23.2","62.3","1007","67","20.7",
05/22/26 10:28:16.442,"13300","1008","23.2","62.3","1007","67","20.7",
05/22/26 10:28:21.445,"11300","1008","23.2","62.1","1007","67","20.7",
05/22/26 10:28:26.443,"10100","1008","23.2","62","1007","67","20.7",
05/22/26 10:28:31.450,"9300","1008","23.2","62","1007","67","20.7",
05/22/26 10:28:36.441,"8500","1008","23.2","62.1","1007","67","20.7",
05/22/26 10:28:41.449,"7900","1008","23.2","62.1","1007","67","20.7",
05/22/26 10:28:46.448,"7400","1008","23.3","62","1007","67","20.7",
05/22/26 10:28:51.449,"7000","1008","23.3","62","1007","67","20.7",
05/22/26 10:28:56.451,"6600","1008","23.3","62.1","1007","67","20.8",
05/22/26 10:29:01.442,"6300","1008","23.3","62.1","1007","67","20.8",
05/22/26 10:29:06.448,"5900","1008","23.3","62.2","1007","67","20.8",
05/22/26 10:29:11.444,"5700","1008","23.3","62.2","1007","67","20.8",
05/22/26 10:29:16.442,"5500","1008","23.3","62","1007","67","20.8",
05/22/26 10:29:21.446,"5300","1008","23.3","62.1","1007","67","20.8",
05/22/26 10:29:26.449,"5100","1008","23.3","62.2","1007","67","20.8",
05/22/26 10:29:31.443,"5000","1008","23.3","62.4","1007","67","20.8",
05/22/26 10:29:36.448,"4800","1008","23.3","62.3","1007","67","20.8",
05/22/26 10:29:41.442,"4600","1008","23.3","62.2","1007","67","20.8",
05/22/26 10:29:46.451,"4400","1008","23.3","62.2","1007","67","20.8",
05/22/26 10:29:51.452,"4200","1008","23.3","61.9","1007","67","20.8",
05/22/26 10:29:56.450,"4100","1008","23.4","61.9","1007","67","20.8",
05/22/26 10:30:01.442,"3900","1008","23.4","62","1007","67","20.8",
05/22/26 10:30:06.450,"3800","1008","23.4","62.1","1007","67","20.8",
05/22/26 10:30:11.452,"3700","1008","23.4","62.1","1007","67","20.8",
05/22/26 10:30:16.446,"3600","1008","23.4","62.2","1007","67","20.8",
05/22/26 10:30:21.450,"3400","1008","23.4","62.4","1007","67","20.9",
05/22/26 10:30:26.448,"3300","1008","23.4","62.2","1007","67","20.9",
05/22/26 10:30:31.443,"3200","1008","23.4","62.2","1007","67","20.9",
05/22/26 10:30:36.452,"3100","1008","23.4","62","1007","67","20.9",
05/22/26 10:30:41.443,"3000","1008","23.4","61.8","1007","67","20.9",
05/22/26 10:30:46.451,"2900","1008","23.4","61.7","1007","67","20.9",
05/22/26 10:30:51.452,"2900","1008","23.5","61.7","1007","67","20.9",
05/22/26 10:30:56.450,"2800","1008","23.5","61.7","1007","67","20.9",
05/22/26 10:31:01.450,"2600","1008","23.5","61.8","1007","67","20.9",
05/22/26 10:31:06.452,"2500","1008","23.5","61.7","1007","66","20.9",
05/22/26 10:31:11.447,"2300","1008","23.5","61.7","1007","66","20.9",
05/22/26 10:31:16.445,"2200","1008","23.5","61.6","1007","66","20.9",
05/22/26 10:31:21.450,"2100","1008","23.5","61.7","1007","66","20.9",
05/22/26 10:31:26.450,"2000","1008","23.5","61.5","1007","66","20.9",
05/22/26 10:31:31.451,"1900","1008","23.5","61.6","1007","66","20.9",
05/22/26 10:31:36.443,"1800","1008","23.5","61.6","1007","66","20.9",
05/22/26 10:31:41.447,"1700","1008","23.5","61.7","1007","66","20.9",
05/22/26 10:31:46.448,"1700","1008","23.5","61.8","1007","66","20.9",
05/22/26 10:31:51.446,"1700","1008","23.5","61.7","1007","66","20.9",
05/22/26 10:31:56.443,"1700","1008","23.5","61.6","1007","66","21",
05/22/26 10:32:01.444,"1700","1008","23.5","61.7","1007","66","21",
05/22/26 10:32:06.451,"1800","1008","23.5","61.4","1007","66","21",
05/22/26 10:32:11.451,"1800","1008","23.5","61.3","1007","66","21",
05/22/26 10:32:16.447,"1700","1008","23.5","61.4","1007","66","21",
05/22/26 10:32:21.451,"1700","1008","23.5","61.6","1007","66","21",
05/22/26 10:32:26.452,"1700","1008","23.5","61.9","1007","66","21",
05/22/26 10:32:31.452,"1600","1008","23.5","61.9","1007","66","21",
05/22/26 10:32:36.447,"1600","1008","23.5","61.8","1007","66","21",
05/22/26 10:32:41.450,"1600","1008","23.5","61.7","1007","66","21",
05/22/26 10:32:46.445,"1500","1008","23.5","61.7","1007","66","21",
05/22/26 10:32:51.445,"1500","1008","23.5","61.6","1007","66","21",
05/22/26 10:32:56.447,"1500","1008","23.5","61.4","1007","66","21",
05/22/26 10:33:01.452,"1500","1008","23.5","61.5","1007","66","21",
05/22/26 10:33:06.449,"1500","1008","23.5","61.4","1007","66","21",
05/22/26 10:33:11.451,"1500","1008","23.5","61.2","1007","66","21",
05/22/26 10:33:16.450,"1400","1008","23.6","61.2","1007","66","21",
05/22/26 10:33:21.453,"1400","1008","23.6","61.2","1007","66","21",
05/22/26 10:33:26.452,"1300","1008","23.6","61.2","1007","66","21",
05/22/26 10:33:31.445,"1300","1008","23.6","61.1","1007","66","21",
05/22/26 10:33:36.444,"1300","1008","23.6","61.1","1007","66","21",
05/22/26 10:33:41.451,"1300","1008","23.6","61.1","1007","66","21",
05/22/26 10:33:46.452,"1300","1008","23.6","61.3","1007","66","21",
05/22/26 10:33:51.443,"1200","1008","23.6","61.4","1007","66","21",
05/22/26 10:33:56.444,"1200","1008","23.6","61.3","1007","66","21",
05/22/26 10:34:01.452,"1200","1008","23.6","61.3","1007","66","21",
05/22/26 10:34:06.443,"1200","1008","23.6","61.4","1007","66","21",
05/22/26 10:34:11.450,"1100","1008","23.6","61.5","1007","66","21",
05/22/26 10:34:16.452,"1100","1008","23.6","61.6","1007","66","21.1",
05/22/26 10:34:21.452,"1100","1008","23.6","61.9","1007","66","21.1",
05/22/26 10:34:26.443,"1100","1008","23.6","61.8","1007","67","21.1",
05/22/26 10:34:31.447,"1100","1008","23.6","62.2","1007","67","21.1",
05/22/26 10:34:36.451,"1100","1008","23.6","62.2","1007","67","21.1",
05/22/26 10:34:41.446,"1000","1008","23.6","62.2","1007","67","21.1",
05/22/26 10:34:46.452,"1000","1008","23.6","62.2","1007","67","21.1",
05/22/26 10:34:51.445,"1000","1008","23.6","61.9","1007","67","21.1",
05/22/26 10:34:56.447,"1000","1008","23.6","61.9","1007","66","21.1",
05/22/26 10:35:01.447,"1000","1008","23.6","62","1007","66","21.1",
05/22/26 10:35:06.449,"1000","1008","23.6","61.9","1007","66","21.1",
05/22/26 10:35:11.445,"1000","1008","23.7","61.8","1007","66","21.1",
05/22/26 10:35:16.443,"1000","1008","23.7","61.7","1007","66","21.1",
05/22/26 10:35:21.448,"1000","1008","23.7","61.6","1007","66","21.1",
05/22/26 10:35:26.450,"900","1008","23.7","61.6","1007","66","21.1",
05/22/26 10:35:31.447,"1000","1008","23.7","61.5","1007","66","21.1",
05/22/26 10:35:36.453,"900","1008","23.7","61.4","1007","66","21.1",
05/22/26 10:35:41.449,"900","1008","23.7","61.4","1007","66","21.1",
05/22/26 10:35:46.452,"900","1008","23.7","61.3","1007","66","21.1",
05/22/26 10:35:51.453,"900","1008","23.7","61.3","1007","66","21.1",
05/22/26 10:35:56.451,"900","1008","23.7","61.3","1007","66","21.1",
05/22/26 10:36:01.448,"900","1008","23.7","61.5","1007","66","21.1",
05/22/26 10:36:06.453,"800","1008","23.7","61.8","1007","66","21.1",
05/22/26 10:36:11.454,"900","1008","23.7","62","1007","66","21.1",
05/22/26 10:36:16.451,"800","1008","23.7","62.2","1007","67","21.1",
05/22/26 10:36:21.453,"900","1008","23.7","63.2","1007","67","21.1",
05/22/26 10:36:26.444,"900","1008","23.7","63.4","1007","67","21.1",
05/22/26 10:36:31.449,"900","1008","23.7","63.3","1007","67","21.1",
05/22/26 10:36:36.447,"900","1008","23.7","63.4","1007","67","21.1",
05/22/26 10:36:41.446,"800","1008","23.7","63.5","1007","68","21.1",
05/22/26 10:36:46.447,"800","1008","23.7","63.6","1007","68","21.1",
05/22/26 10:36:51.453,"800","1008","23.7","63.8","1007","68","21.1",
05/22/26 10:36:56.448,"800","1008","23.6","63.9","1007","68","21.1",
05/22/26 10:37:01.453,"800","1008","23.7","64","1007","68","21.1",
05/22/26 10:37:06.451,"800","1008","23.6","64.2","1007","68","21.1",
05/22/26 10:37:11.454,"800","1008","23.6","65.1","1007","68","21.1",
05/22/26 10:37:16.453,"800","1008","23.6","65.9","1007","69","21.1",
05/22/26 10:37:21.445,"800","1008","23.6","66.3","1007","69","21.1",
05/22/26 10:37:26.454,"700","1008","23.6","65.7","1007","69","21.1",
05/22/26 10:37:31.450,"700","1008","23.6","65.6","1007","69","21.1",
05/22/26 10:37:36.450,"700","1008","23.6","65.7","1007","70","21.1",
05/22/26 10:37:41.448,"700","1008","23.6","66.2","1007","70","21.1",
05/22/26 10:37:46.453,"700","1008","23.6","66","1007","70","21.1",
05/22/26 10:37:51.446,"700","1008","23.6","66","1007","70","21.1",
05/22/26 10:37:56.449,"700","1008","23.6","65.9","1007","70","21.1",
05/22/26 10:38:01.451,"700","1008","23.6","65.8","1007","70","21.1",
05/22/26 10:38:06.449,"700","1008","23.5","65.9","1007","70","21.1",
05/22/26 10:38:11.449,"700","1008","23.5","66.1","1007","70","21.1",
05/22/26 10:38:16.451,"700","1008","23.5","66.1","1007","70","21.1",
05/22/26 10:38:21.452,"700","1008","23.5","66.1","1007","70","21.1",
05/22/26 10:38:26.447,"700","1008","23.5","66.1","1007","70","21.1",
05/22/26 10:38:31.452,"700","1008","23.5","66.2","1007","70","21.1",
05/22/26 10:38:36.454,"700","1008","23.5","65.9","1007","70","21.1",
05/22/26 10:38:41.454,"700","1008","23.5","65","1007","69","21.1",
05/22/26 10:38:46.453,"700","1008","23.5","64.3","1007","69","21.1",
05/22/26 10:38:51.449,"700","1008","23.5","64.5","1007","69","21.1",
05/22/26 10:38:56.447,"700","1008","23.5","64.7","1007","69","21.1",
05/22/26 10:39:01.453,"700","1008","23.5","64.8","1007","69","21.1",
05/22/26 10:39:06.451,"700","1008","23.5","65.1","1007","69","21.1",
05/22/26 10:39:11.450,"700","1008","23.5","65.6","1007","69","21.1",
05/22/26 10:39:16.454,"700","1008","23.5","65.7","1007","70","21",
05/22/26 10:39:21.451,"700","1008","23.5","65.8","1007","70","21",
05/22/26 10:39:26.451,"700","1008","23.5","65.8","1007","70","21",
05/22/26 10:39:31.448,"700","1008","23.4","65.8","1007","70","21",
05/22/26 10:39:36.454,"700","1008","23.4","66","1007","70","21",
05/22/26 10:39:41.448,"600","1008","23.4","65.7","1007","70","21",
05/22/26 10:39:46.455,"700","1008","23.3","66.1","1007","70","21",
05/22/26 10:39:51.450,"700","1008","23.3","65.8","1007","69","21",
05/22/26 10:39:56.445,"700","1008","23.3","65.7","1007","69","21",
05/22/26 10:40:01.447,"600","1008","23.3","65.7","1007","69","21",
05/22/26 10:40:06.453,"700","1008","23.3","65.3","1007","69","21",
05/22/26 10:40:11.455,"600","1008","23.3","65.2","1007","69","21",
05/22/26 10:40:16.452,"600","1008","23.3","65.4","1007","69","21",
05/22/26 10:40:21.452,"600","1008","23.3","65.1","1007","69","21",
05/22/26 10:40:26.453,"600","1008","23.3","65.1","1007","69","21",
05/22/26 10:40:31.451,"600","1008","23.2","64.8","1007","69","21",
05/22/26 10:40:36.455,"600","1008","23.2","64.5","1007","68","21",
05/22/26 10:40:41.452,"600","1008","23.2","64.5","1007","68","21",
05/22/26 10:40:46.455,"600","1008","23.2","64.6","1007","68","21",
05/22/26 10:40:51.455,"600","1008","23.2","64.7","1007","68","21",
05/22/26 10:40:56.450,"600","1008","23.2","65.2","1007","68","20.9",
05/22/26 10:41:01.452,"600","1008","23.2","65.4","1007","69","20.9",
05/22/26 10:41:06.448,"600","1008","23.2","65.3","1007","69","20.9",
05/22/26 10:41:11.452,"600","1008","23.2","65.6","1007","69","20.9",
05/22/26 10:41:16.454,"600","1008","23.2","65.8","1007","69","20.9",
05/22/26 10:41:21.453,"600","1008","23.2","65.8","1007","69","20.9",
05/22/26 10:41:26.453,"600","1008","23.2","65.8","1007","69","20.9",
05/22/26 10:41:31.453,"600","1008","23.1","65.5","1007","69","20.9",
05/22/26 10:41:36.452,"600","1008","23.1","65.6","1007","69","20.9",
05/22/26 10:41:41.452,"600","1008","23.1","65.9","1007","69","20.9",
05/22/26 10:41:46.451,"600","1008","23.1","65.5","1007","69","20.9",
05/22/26 10:41:51.450,"600","1008","23.1","65.6","1007","69","20.9",
05/22/26 10:41:56.450,"600","1008","23.1","65.3","1007","69","20.9",
05/22/26 10:42:01.449,"600","1008","23.1","65.7","1007","69","20.9",
05/22/26 10:42:06.448,"600","1008","23.1","65.9","1007","69","20.9",
05/22/26 10:42:11.455,"600","1008","23.1","66.1","1007","69","20.9",
05/22/26 10:42:16.455,"600","1008","23.1","65.8","1007","69","20.9",
05/22/26 10:42:21.455,"600","1008","23.1","65.9","1007","69","20.9",
05/22/26 10:42:26.454,"600","1008","23.1","65.9","1007","69","20.9",
05/22/26 10:42:31.452,"600","1008","23.1","66.1","1007","69","20.9",
05/22/26 10:42:36.454,"600","1008","23.1","65.5","1007","69","20.9",
05/22/26 10:42:41.452,"600","1008","23","65.7","1007","69","20.9",
05/22/26 10:42:46.455,"600","1008","23","65.7","1007","69","20.9",
05/22/26 10:42:51.447,"600","1008","23","65.7","1007","69","20.9",
05/22/26 10:42:56.453,"600","1008","23","66.1","1007","69","20.9",
05/22/26 10:43:01.448,"600","1008","23","66.2","1007","69","20.9",
05/22/26 10:43:06.453,"600","1008","23","66.1","1007","69","20.9",
05/22/26 10:43:11.450,"600","1008","23","66","1007","69","20.9",
05/22/26 10:43:16.447,"600","1008","23","65.6","1007","69","20.8",
05/22/26 10:43:21.447,"600","1008","23","65.5","1007","69","20.9",
05/22/26 10:43:26.454,"600","1008","23","65.8","1007","69","20.8",
05/22/26 10:43:31.456,"600","1008","23","65.9","1007","69","20.8",
05/22/26 10:43:36.455,"600","1008","23","65.3","1007","69","20.8",
05/22/26 10:43:41.456,"600","1008","23","65.5","1007","69","20.8",
05/22/26 10:43:46.448,"600","1008","23","65.3","1007","69","20.8",
05/22/26 10:43:51.450,"600","1008","22.9","65.4","1007","69","20.8",
05/22/26 10:43:56.456,"600","1008","23","65.5","1007","69","20.8",
05/22/26 10:44:01.456,"600","1008","23","65.2","1007","69","20.8",
05/22/26 10:44:06.455,"600","1008","23","65.1","1007","68","20.8",
05/22/26 10:44:11.456,"600","1008","23","65.1","1007","68","20.8",
05/22/26 10:44:16.451,"600","1008","23","65.1","1007","68","20.8",
05/22/26 10:44:21.456,"600","1008","23","65","1007","68","20.8",
05/22/26 10:44:26.455,"600","1008","23","65.4","1007","69","20.8",
05/22/26 10:44:31.456,"600","1008","23","65.4","1007","69","20.8",
05/22/26 10:44:36.453,"600","1008","23","65.2","1007","69","20.8",
05/22/26 10:44:41.455,"600","1008","22.9","65.3","1007","69","20.8",
05/22/26 10:44:46.454,"600","1008","22.9","65.2","1007","68","20.8",
05/22/26 10:44:51.449,"600","1008","22.9","65.7","1007","69","20.8",
05/22/26 10:44:56.454,"600","1008","22.9","65.9","1007","69","20.8",
05/22/26 10:45:01.455,"500","1008","22.9","65.7","1007","69","20.8",
05/22/26 10:45:06.456,"500","1008","22.9","65.8","1007","69","20.8",
05/22/26 10:45:11.456,"500","1008","22.9","65.8","1007","69","20.8",
05/22/26 10:45:16.453,"600","1008","22.9","66","1007","69","20.8",
05/22/26 10:45:21.454,"500","1008","22.9","65.7","1007","69","20.8",
05/22/26 10:45:26.456,"500","1008","22.9","66","1007","69","20.8",
05/22/26 10:45:31.449,"500","1008","22.9","65.8","1007","69","20.7",
05/22/26 10:45:36.452,"600","1008","22.9","65.5","1007","68","20.8",
05/22/26 10:45:41.454,"600","1008","22.9","65.4","1007","68","20.8",
05/22/26 10:45:46.455,"500","1008","22.9","65.3","1007","68","20.7",
05/22/26 10:45:51.452,"500","1008","22.9","65.3","1007","68","20.7",
05/22/26 10:45:56.453,"500","1008","22.9","65.7","1007","69","20.7",
05/22/26 10:46:01.453,"500","1008","22.9","65.6","1007","69","20.7",
05/22/26 10:46:06.457,"500","1008","22.9","65.3","1007","69","20.7",
05/22/26 10:46:11.456,"500","1008","22.9","65.2","1007","68","20.7",
05/22/26 10:46:16.449,"500","1008","22.9","65","1007","68","20.7",
05/22/26 10:46:21.451,"500","1008","22.9","65.8","1007","69","20.7",
05/22/26 10:46:26.450,"500","1008","22.9","65.9","1007","69","20.7",
05/22/26 10:46:31.455,"500","1008","22.9","65.4","1007","69","20.7",
05/22/26 10:46:36.449,"500","1008","22.9","65.4","1007","68","20.7",
05/22/26 10:46:41.448,"500","1008","22.9","65.5","1007","68","20.7",
05/22/26 10:46:46.450,"500","1008","22.8","65.5","1007","69","20.7",
05/22/26 10:46:51.453,"500","1008","22.9","65.9","1007","69","20.7",
05/22/26 10:46:56.450,"500","1008","22.9","66.3","1007","69","20.7",
05/22/26 10:47:01.457,"500","1008","22.9","66","1007","69","20.7",
05/22/26 10:47:06.449,"600","1008","22.9","65.7","1007","69","20.7",
05/22/26 10:47:11.452,"500","1008","22.9","65.4","1007","69","20.7",
05/22/26 10:47:16.454,"500","1008","22.8","65.6","1007","69","20.7",
05/22/26 10:47:21.450,"500","1008","22.9","65.9","1007","69","20.7",
05/22/26 10:47:26.456,"500","1008","22.8","65.4","1007","68","20.7",
05/22/26 10:47:31.457,"500","1008","22.9","65.6","1007","69","20.7",
05/22/26 10:47:36.457,"500","1008","22.9","65.3","1007","68","20.7",
05/22/26 10:47:41.457,"500","1008","22.8","65","1007","68","20.7",
05/22/26 10:47:46.457,"500","1008","22.9","65","1007","68","20.7",
05/22/26 10:47:51.457,"500","1008","22.9","64.9","1007","68","20.7",
05/22/26 10:47:56.457,"500","1008","22.9","64.7","1007","68","20.7",
05/22/26 10:48:01.457,"500","1008","22.8","65.1","1007","68","20.7",
05/22/26 10:48:06.457,"500","1008","22.8","65","1007","68","20.7",
05/22/26 10:48:11.458,"500","1008","22.8","64.8","1007","68","20.7",
05/22/26 10:48:16.457,"500","1008","22.8","65.3","1007","68","20.7",
05/22/26 10:48:21.457,"500","1008","22.8","65.6","1007","69","20.7",
05/22/26 10:48:26.457,"500","1008","22.8","65.3","1007","68","20.7",
05/22/26 10:48:31.458,"500","1008","22.8","64.8","1007","68","20.6",
05/22/26 10:48:36.457,"500","1008","22.7","64.5","1007","68","20.6",
05/22/26 10:48:41.458,"500","1008","22.7","64.5","1007","68","20.6",
05/22/26 10:48:46.457,"500","1008","22.7","65","1007","68","20.6",
05/22/26 10:48:51.458,"500","1008","22.7","65.2","1007","68","20.6",
05/22/26 10:48:56.457,"500","1008","22.7","65.3","1007","68","20.6",
05/22/26 10:49:01.458,"500","1008","22.7","65.7","1007","69","20.6",
05/22/26 10:49:06.458,"500","1008","22.7","65.7","1007","69","20.6",
05/22/26 10:49:11.458,"500","1008","22.7","65.6","1007","69","20.6",
05/22/26 10:49:16.459,"500","1008","22.7","65.6","1007","69","20.6",
05/22/26 10:49:21.460,"500","1008","22.7","65.7","1007","68","20.6",
05/22/26 10:49:26.459,"500","1008","22.7","65.4","1007","68","20.6",
05/22/26 10:49:31.460,"500","1008","22.7","65.6","1007","68","20.6",
05/22/26 10:49:36.459,"500","1008","22.7","65.1","1007","68","20.6",
05/22/26 10:49:41.460,"500","1008","22.7","65.1","1007","68","20.6",
05/22/26 10:49:46.460,"500","1008","22.7","65.3","1007","68","20.6",
05/22/26 10:49:51.459,"500","1008","22.7","65.7","1007","69","20.6",
05/22/26 10:49:56.460,"500","1008","22.7","65.7","1007","69","20.6",
05/22/26 10:50:01.460,"500","1008","22.7","66","1007","69","20.6",
05/22/26 10:50:06.459,"500","1008","22.7","66","1007","69","20.6",
05/22/26 10:50:11.459,"500","1008","22.7","65.9","1007","69","20.6",
05/22/26 10:50:16.459,"500","1008","22.8","65.9","1007","69","20.6",
05/22/26 10:50:21.460,"500","1008","22.7","65.8","1007","69","20.6",
05/22/26 10:50:26.460,"500","1008","22.7","66","1007","69","20.6",
05/22/26 10:50:31.460,"500","1008","22.7","66","1007","69","20.6",
05/22/26 10:50:36.460,"500","1008","22.7","66","1007","69","20.6",
05/22/26 10:50:41.460,"500","1008","22.8","65.8","1007","69","20.6",
05/22/26 10:50:46.460,"500","1008","22.8","65.6","1007","69","20.6",
05/22/26 10:50:51.460,"500","1008","22.7","65.8","1007","69","20.6",
05/22/26 10:50:56.460,"500","1008","22.7","65.8","1007","69","20.6",
05/22/26 10:51:01.460,"500","1008","22.7","66.1","1007","69","20.6",
05/22/26 10:51:06.460,"500","1008","22.8","66","1007","69","20.6",
05/22/26 10:51:11.460,"400","1008","22.8","65.6","1007","69","20.6",
05/22/26 10:51:16.460,"500","1008","22.8","65.4","1007","68","20.6",
05/22/26 10:51:21.461,"500","1008","22.8","65.1","1007","68","20.6",
05/22/26 10:51:26.460,"500","1008","22.8","65","1007","68","20.6",
05/22/26 10:51:31.460,"500","1008","22.8","64.8","1007","68","20.6",
05/22/26 10:51:36.461,"500","1008","22.7","64.7","1007","68","20.6",
05/22/26 10:51:41.460,"400","1008","22.7","64.9","1007","68","20.6",
05/22/26 10:51:46.461,"500","1008","22.7","64.9","1007","68","20.6",
05/22/26 10:51:51.460,"500","1008","22.7","65","1007","68","20.6",
05/22/26 10:51:56.460,"500","1008","22.7","65.3","1007","68","20.6",
05/22/26 10:52:01.461,"400","1008","22.7","65.6","1007","68","20.6",
05/22/26 10:52:06.460,"500","1008","22.7","65.2","1007","68","20.6",
05/22/26 10:52:11.461,"400","1008","22.7","65","1007","68","20.6",
05/22/26 10:52:16.460,"500","1008","22.7","65.1","1007","68","20.6",
05/22/26 10:52:21.461,"400","1008","22.7","65.5","1007","68","20.6",
05/22/26 10:52:26.461,"500","1008","22.7","65.3","1007","68","20.6",
05/22/26 10:52:31.461,"500","1008","22.7","65.3","1007","68","20.6",
05/22/26 10:52:36.461,"500","1008","22.7","65.4","1007","68","20.6",
05/22/26 10:52:41.460,"500","1008","22.7","65.6","1007","68","20.6",
05/22/26 10:52:46.461,"500","1008","22.7","65.4","1007","68","20.6",
05/22/26 10:52:51.460,"500","1008","22.7","64.8","1007","68","20.6",
05/22/26 10:52:56.461,"500","1008","22.7","64.9","1007","68","20.6",
05/22/26 10:53:01.461,"500","1008","22.7","65.1","1007","68","20.6",
05/22/26 10:53:06.461,"400","1008","22.7","65.3","1007","68","20.6",
05/22/26 10:53:11.461,"500","1008","22.8","65","1007","68","20.6",
05/22/26 10:53:16.461,"500","1008","22.8","65","1007","68","20.6",
05/22/26 10:53:21.461,"400","1008","22.8","65","1007","68","20.6",
05/22/26 10:53:26.461,"400","1008","22.8","64.8","1007","68","20.6",
05/22/26 10:53:31.461,"400","1008","22.8","64.5","1007","68","20.6",
05/22/26 10:53:36.461,"400","1008","22.8","64.3","1007","68","20.6",
05/22/26 10:53:41.462,"500","1008","22.8","64.6","1007","68","20.6",
05/22/26 10:53:46.462,"500","1008","22.8","64.2","1007","68","20.6",
05/22/26 10:53:51.461,"500","1008","22.8","64.3","1007","68","20.6",
05/22/26 10:53:56.461,"400","1008","22.8","64.3","1007","67","20.6",
05/22/26 10:54:01.462,"500","1008","22.9","64","1007","67","20.6",
05/22/26 10:54:06.461,"500","1008","22.8","64.2","1007","68","20.6",
05/22/26 10:54:11.461,"400","1008","22.9","64.1","1007","68","20.6",
05/22/26 10:54:16.462,"400","1008","22.9","64","1007","67","20.6",
05/22/26 10:54:21.462,"400","1008","22.8","64.1","1007","67","20.6",
05/22/26 10:54:26.461,"400","1008","22.8","64.1","1007","67","20.6",
05/22/26 10:54:31.462,"400","1008","22.8","63.9","1007","67","20.6",
05/22/26 10:54:36.461,"400","1008","22.8","63.9","1007","67","20.6",
05/22/26 10:54:41.462,"400","1008","22.8","64","1007","67","20.6",
05/22/26 10:54:46.462,"400","1008","22.8","64.2","1007","67","20.6",
05/22/26 10:54:51.461,"400","1008","22.8","64.4","1007","68","20.6",
05/22/26 10:54:56.462,"400","1008","22.8","64.5","1007","68","20.6",
05/22/26 10:55:01.462,"500","1008","22.8","63.9","1007","67","20.6",
05/22/26 10:55:06.462,"400","1008","22.8","63.9","1007","67","20.6",
05/22/26 10:55:11.462,"400","1008","22.7","64.2","1007","67","20.6",
05/22/26 10:55:16.462,"400","1008","22.7","64.4","1007","67","20.6",
05/22/26 10:55:21.462,"400","1008","22.7","64.6","1007","67","20.6",
05/22/26 10:55:26.462,"400","1008","22.8","64.5","1007","67","20.6",
05/22/26 10:55:31.463,"400","1008","22.8","64.4","1007","68","20.6",
05/22/26 10:55:36.463,"500","1008","22.8","64.7","1007","68","20.6",
05/22/26 10:55:41.462,"400","1008","22.7","64.5","1007","68","20.6",
05/22/26 10:55:46.463,"400","1008","22.8","64.8","1007","68","20.6",
05/22/26 10:55:51.463,"400","1008","22.8","64.6","1007","68","20.6",
05/22/26 10:55:56.462,"400","1008","22.8","64.5","1007","68","20.6",
05/22/26 10:56:01.459,"400","1008","22.8","64.5","1007","68","20.6",
05/22/26 10:56:06.456,"400","1008","22.7","64.2","1007","67","20.6",
05/22/26 10:56:11.455,"400","1008","22.7","64.3","1007","67","20.6",
05/22/26 10:56:16.463,"400","1008","22.7","64.7","1007","68","20.6",
05/22/26 10:56:21.458,"400","1008","22.7","64.6","1007","68","20.6",
05/22/26 10:56:26.464,"400","1008","22.8","64.4","1007","68","20.6",
05/22/26 10:56:31.463,"400","1008","22.8","64.4","1007","68","20.6",
05/22/26 10:56:36.463,"400","1008","22.8","64.3","1007","68","20.6",
05/22/26 10:56:41.463,"400","1008","22.8","64.5","1007","68","20.6",
05/22/26 10:56:46.463,"400","1008","22.7","64.5","1007","68","20.6",
05/22/26 10:56:51.463,"400","1008","22.7","64.7","1007","68","20.6",
05/22/26 10:56:56.463,"400","1008","22.7","64.7","1007","68","20.6",
05/22/26 10:57:01.463,"400","1008","22.7","64.8","1007","68","20.6",
05/22/26 10:57:06.463,"400","1008","22.7","64.9","1007","68","20.6",
05/22/26 10:57:11.463,"400","1008","22.7","65","1007","68","20.6",
05/22/26 10:57:16.463,"400","1008","22.7","65.1","1007","68","20.6",
05/22/26 10:57:21.463,"400","1008","22.7","65.2","1007","68","20.6",
05/22/26 10:57:26.464,"400","1008","22.7","65.1","1007","68","20.6",
05/22/26 10:57:31.463,"400","1008","22.7","64.9","1007","68","20.6",
05/22/26 10:57:36.464,"400","1008","22.7","65.1","1007","68","20.6",
05/22/26 10:57:41.463,"400","1008","22.7","64.4","1007","68","20.6",
05/22/26 10:57:46.463,"500","1008","22.6","64.6","1007","67","20.6",
05/22/26 10:57:51.464,"400","1008","22.6","64.8","1007","67","20.6",
05/22/26 10:57:56.464,"400","1008","22.7","64.9","1007","68","20.6",
05/22/26 10:58:01.464,"400","1008","22.7","65.3","1007","68","20.6",
05/22/26 10:58:06.464,"400","1008","22.7","65.5","1007","68","20.6",
05/22/26 10:58:11.464,"400","1008","22.7","64.9","1007","68","20.6",
05/22/26 10:58:16.464,"400","1008","22.7","65.1","1007","68","20.6",
05/22/26 10:58:21.464,"400","1008","22.7","64.8","1007","68","20.6",
05/22/26 10:58:26.464,"400","1008","22.7","64.9","1007","68","20.6",
05/22/26 10:58:31.464,"400","1008","22.7","65","1007","68","20.6",
05/22/26 10:58:36.464,"400","1008","22.7","65.3","1007","68","20.6",
05/22/26 10:58:41.465,"400","1008","22.7","65","1007","68","20.6",
05/22/26 10:58:46.464,"400","1008","22.7","65.4","1007","68","20.6",
05/22/26 10:58:51.464,"400","1008","22.7","65.4","1007","68","20.6",
05/22/26 10:58:56.465,"400","1008","22.7","65.4","1007","68","20.6",
05/22/26 10:59:01.464,"400","1008","22.7","65.6","1007","68","20.6",
05/22/26 10:59:06.464,"400","1008","22.7","65.2","1007","68","20.6",
05/22/26 10:59:11.464,"400","1008","22.7","65.1","1007","68","20.6",
05/22/26 10:59:16.464,"400","1008","22.7","65","1007","68","20.6",
05/22/26 10:59:21.464,"400","1008","22.7","64.8","1007","68","20.6",
05/22/26 10:59:26.458,"400","1008","22.7","64.7","1007","68","20.6",
05/22/26 10:59:31.462,"400","1008","22.7","65.1","1007","68","20.6",
05/22/26 10:59:36.460,"400","1008","22.7","64.6","1007","67","20.6",
05/22/26 10:59:41.463,"400","1008","22.7","64.8","1007","68","20.6",
05/22/26 10:59:46.464,"400","1008","22.7","64.6","1007","68","20.6",
05/22/26 10:59:51.459,"400","1008","22.7","64.6","1007","68","20.6",
05/22/26 10:59:56.464,"400","1008","22.7","64.7","1007","68","20.6",
05/22/26 11:00:01.460,"400","1008","22.7","64.5","1007","68","20.6",
05/22/26 11:00:06.465,"400","1008","22.7","64.2","1007","67","20.6",
05/22/26 11:00:11.459,"400","1008","22.7","64.5","1007","67","20.6",
05/22/26 11:00:16.455,"400","1008","22.7","64.2","1007","67","20.6",
05/22/26 11:00:21.465,"400","1008","22.7","64.3","1007","67","20.6",
05/22/26 11:00:26.457,"400","1008","22.7","64.2","1007","67","20.6",
05/22/26 11:00:31.458,"300","1008","22.7","64.3","1007","67","20.6",
05/22/26 11:00:36.465,"400","1008","22.7","64.7","1007","68","20.6",
05/22/26 11:00:41.463,"300","1008","22.7","64.8","1007","68","20.6",
05/22/26 11:00:46.455,"300","1008","22.7","64.6","1007","68","20.6",
05/22/26 11:00:51.461,"400","1008","22.7","65.1","1007","68","20.6",
05/22/26 11:00:56.457,"300","1008","22.7","65.3","1007","68","20.6",
05/22/26 11:01:01.462,"300","1008","22.7","65.2","1007","68","20.6",
05/22/26 11:01:06.457,"400","1008","22.7","65","1007","68","20.6",
05/22/26 11:01:11.456,"400","1008","22.7","65.1","1007","68","20.6",
05/22/26 11:01:16.458,"300","1008","22.7","64.8","1007","68","20.6",
05/22/26 11:01:21.456,"300","1008","22.7","64.7","1007","68","20.6",
05/22/26 11:01:26.463,"300","1008","22.6","64.7","1007","68","20.6",
05/22/26 11:01:31.465,"300","1008","22.6","64.3","1007","67","20.6",
05/22/26 11:01:36.458,"300","1008","22.6","64.2","1007","67","20.6",
05/22/26 11:01:41.465,"300","1008","22.6","64.1","1007","67","20.6",
05/22/26 11:01:46.466,"300","1008","22.7","64.3","1007","67","20.6",
05/22/26 11:01:51.465,"300","1008","22.7","65","1007","68","20.6",
05/22/26 11:01:56.465,"300","1008","22.7","64.9","1007","68","20.5",
05/22/26 11:02:01.465,"300","1008","22.7","64.7","1007","68","20.6",
05/22/26 11:02:06.465,"300","1008","22.7","64.5","1007","68","20.6",
05/22/26 11:02:11.466,"300","1008","22.7","64.7","1007","68","20.6",
05/22/26 11:02:16.466,"300","1008","22.7","64.9","1007","68","20.6",
05/22/26 11:02:21.465,"400","1008","22.7","64.9","1007","68","20.6",
05/22/26 11:02:26.466,"300","1008","22.7","65.4","1007","68","20.6",
05/22/26 11:02:31.466,"300","1008","22.7","65.3","1007","68","20.6",
05/22/26 11:02:36.466,"300","1008","22.7","65.1","1007","68","20.6",
05/22/26 11:02:41.466,"300","1008","22.7","65.4","1007","68","20.6",
05/22/26 11:02:46.465,"400","1008","22.7","65.2","1007","68","20.6",
05/22/26 11:02:51.466,"400","1008","22.7","65.1","1007","68","20.6",
05/22/26 11:02:56.466,"400","1008","22.7","64.7","1007","68","20.6",
05/22/26 11:03:01.496,"400","1008","22.7","64.3","1007","68","20.6",
05/22/26 11:03:06.499,"400","1008","22.8","64.5","1007","68","20.6",
05/22/26 11:03:11.466,"400","1008","22.8","64.7","1007","68","20.6",
05/22/26 11:03:16.466,"400","1008","22.8","64.6","1007","68","20.6",
05/22/26 11:03:21.466,"400","1008","22.8","64.5","1007","68","20.6",
05/22/26 11:03:26.466,"400","1008","22.8","64.4","1007","68","20.6",
05/22/26 11:03:31.466,"400","1008","22.8","64.6","1007","68","20.6",
05/22/26 11:03:36.466,"400","1008","22.7","64.3","1007","68","20.6",
05/22/26 11:03:41.466,"400","1008","22.7","64.5","1007","68","20.6",
05/22/26 11:03:46.466,"300","1008","22.7","64.2","1007","67","20.6",
05/22/26 11:03:51.466,"400","1008","22.7","64.1","1007","67","20.6",
05/22/26 11:03:56.550,"400","1008","22.7","64.2","1007","67","20.6",
05/22/26 11:04:01.653,"400","1008","22.7","64.3","1007","67","20.6",
05/22/26 11:04:06.687,"400","1008","22.7","64.1","1007","67","20.6",
05/22/26 11:04:11.721,"400","1008","22.7","64.3","1007","67","20.6",
05/22/26 11:04:16.582,"400","1008","22.7","64.4","1007","67","20.6",
05/22/26 11:04:21.558,"300","1008","22.7","64","1007","67","20.6",
05/22/26 11:04:26.635,"300","1008","22.7","64.3","1007","67","20.6",
05/22/26 11:04:31.657,"400","1008","22.7","64.4","1007","68","20.6",
05/22/26 11:04:36.649,"400","1008","22.7","64.6","1007","68","20.6",
05/22/26 11:04:41.736,"300","1008","22.7","64.7","1007","68","20.6",
05/22/26 11:04:46.804,"300","1008","22.7","64.8","1007","68","20.6",
05/22/26 11:04:51.928,"300","1008","22.7","63.9","1007","67","20.6",
05/22/26 11:04:56.974,"300","1008","22.7","64.4","1007","67","20.6",
05/22/26 11:05:01.994,"400","1008","22.7","64.5","1007","68","20.6",
05/22/26 11:05:07.023,"400","1008","22.7","64.2","1007","67","20.6",
05/22/26 11:05:11.997,"400","1008","22.7","64.4","1007","67","20.6",
05/22/26 11:05:17.015,"300","1008","22.7","64.4","1007","68","20.6",
05/22/26 11:05:22.015,"400","1008","22.8","64.3","1007","67","20.6",
05/22/26 11:05:27.107,"400","1008","22.8","64.1","1007","67","20.6",
05/22/26 11:05:32.221,"400","1008","22.8","64.2","1007","67","20.6",
05/22/26 11:05:37.314,"400","1008","22.8","64.2","1007","67","20.6",
05/22/26 11:05:42.405,"400","1008","22.8","64.5","1007","68","20.6",
05/22/26 11:05:47.460,"300","1008","22.8","64.5","1007","68","20.6",
05/22/26 11:05:52.514,"400","1008","22.8","64.8","1007","68","20.6",
05/22/26 11:05:57.582,"400","1008","22.8","64.6","1007","68","20.6",
05/22/26 11:06:02.815,"400","1008","22.8","64.6","1007","68","20.6",
05/22/26 11:06:07.922,"400","1008","22.7","64.5","1007","68","20.6",
05/22/26 11:06:13.025,"400","1008","22.8","64.7","1007","68","20.6",
05/22/26 11:06:18.112,"400","1008","22.8","64.7","1007","68","20.6",
05/22/26 11:06:23.227,"400","1008","22.7","64.4","1007","68","20.6",
05/22/26 11:06:28.277,"400","1008","22.7","64.4","1007","67","20.6",
05/22/26 11:06:33.365,"400","1008","22.7","64.3","1007","67","20.6",
05/22/26 11:06:38.493,"400","1008","22.7","64.4","1007","67","20.6",
05/22/26 11:06:43.694,"400","1008","22.7","64.3","1007","67","20.6",
05/22/26 11:06:48.771,"400","1008","22.7","64.6","1007","67","20.6",
05/22/26 11:06:53.851,"400","1008","22.7","64.9","1007","68","20.6",
05/22/26 11:06:58.950,"400","1008","22.7","65","1007","68","20.6",
05/22/26 11:07:04.104,"400","1008","22.7","64.3","1007","67","20.6",
05/22/26 11:07:09.200,"300","1008","22.7","64.1","1007","67","20.6",
05/22/26 11:07:14.385,"300","1008","22.7","64.2","1007","67","20.6",
05/22/26 11:07:19.470,"400","1008","22.7","64.4","1007","67","20.6",
05/22/26 11:07:24.566,"400","1008","22.7","64.5","1007","68","20.6",
05/22/26 11:07:29.651,"400","1008","22.7","64.5","1007","68","20.6",
05/22/26 11:07:34.794,"400","1008","22.7","64.7","1007","68","20.6",
05/22/26 11:07:39.945,"400","1008","22.7","64.6","1007","68","20.6",
05/22/26 11:07:45.003,"400","1008","22.7","64.5","1007","68","20.6",
05/22/26 11:07:50.191,"400","1008","22.7","64.8","1007","68","20.6",
05/22/26 11:07:55.350,"400","1008","22.7","64.7","1007","68","20.6",
05/22/26 11:08:00.570,"400","1008","22.7","64.8","1007","68","20.6",
05/22/26 11:08:05.726,"400","1008","22.7","64.4","1007","68","20.6",
05/22/26 11:08:10.872,"400","1008","22.7","64.2","1007","67","20.6",
05/22/26 11:08:16.001,"400","1008","22.7","64.2","1007","67","20.6",
05/22/26 11:08:21.197,"400","1008","22.7","64.6","1007","68","20.6",
05/22/26 11:08:26.361,"400","1008","22.7","64.6","1007","67","20.6",
05/22/26 11:08:31.475,"400","1008","22.7","64.2","1007","67","20.6",
05/22/26 11:08:36.672,"400","1008","22.7","64.3","1007","67","20.6",
05/22/26 11:08:41.772,"400","1008","22.7","64.2","1007","67","20.6",
05/22/26 11:08:47.008,"400","1008","22.7","64.6","1007","67","20.5",
05/22/26 11:08:52.160,"400","1008","22.7","64.3","1007","67","20.5",
05/22/26 11:08:57.432,"300","1008","22.6","63.9","1007","67","20.5",
05/22/26 11:09:02.650,"400","1008","22.6","64.1","1007","67","20.5",
05/22/26 11:09:07.874,"400","1008","22.6","64.6","1007","67","20.5",
05/22/26 11:09:12.828,"400","1008","22.6","64.6","1007","67","20.5",
05/22/26 11:09:17.791,"400","1008","22.6","64.2","1007","67","20.5",
05/22/26 11:09:22.752,"400","1008","22.6","64.4","1007","67","20.5",
05/22/26 11:09:27.675,"400","1008","22.6","64.3","1007","67","20.5",
05/22/26 11:09:32.455,"400","1008","22.6","64.2","1007","67","20.5",
05/22/26 11:09:37.618,"400","1008","22.6","64","1007","67","20.5",
05/22/26 11:09:42.793,"400","1008","22.6","64.4","1007","67","20.5",
05/22/26 11:09:48.035,"400","1008","22.6","64.4","1007","67","20.5",
05/22/26 11:09:53.237,"400","1008","22.6","64.5","1007","67","20.5",
05/22/26 11:09:58.036,"400","1008","22.6","64.7","1007","68","20.5",
05/22/26 11:10:03.324,"400","1008","22.6","65","1007","68","20.5",
05/22/26 11:10:08.559,"400","1008","22.7","64.8","1007","68","20.5",
05/22/26 11:10:13.746,"400","1008","22.7","64.5","1007","68","20.5",
05/22/26 11:10:19.054,"400","1008","22.7","64.3","1007","68","20.5",
05/22/26 11:10:24.296,"400","1008","22.7","64.3","1007","67","20.5",
05/22/26 11:10:29.603,"500","1008","22.7","64.5","1007","68","20.5",
05/22/26 11:10:34.843,"400","1008","22.6","64.8","1007","68","20.5",
05/22/26 11:10:40.065,"400","1008","22.6","64.6","1007","68","20.5",
05/22/26 11:10:45.278,"400","1008","22.6","64.4","1007","67","20.5",
05/22/26 11:10:50.584,"500","1008","22.6","64.3","1007","67","20.5",
05/22/26 11:10:55.836,"500","1008","22.6","64.2","1007","67","20.5",
05/22/26 11:11:01.047,"600","1008","22.6","64.2","1007","67","20.5",
05/22/26 11:11:06.288,"600","1008","22.6","64.1","1007","67","20.5",
05/22/26 11:11:11.577,"700","1008","22.6","64.5","1007","67","20.5",
05/22/26 11:11:16.851,"900","1008","22.6","64.9","1007","68","20.5",
05/22/26 11:11:22.167,"1200","1008","22.6","64.7","1007","68","20.5",
05/22/26 11:11:27.455,"1600","1008","22.6","64.5","1007","68","20.5",
05/22/26 11:11:32.777,"2000","1008","22.6","64.5","1007","67","20.5",
05/22/26 11:11:38.049,"2400","1008","22.6","64.5","1007","67","20.5",
05/22/26 11:11:43.369,"2900","1008","22.6","64.8","1007","68","20.5",
05/22/26 11:11:48.720,"3400","1008","22.6","64.4","1007","67","20.5",
05/22/26 11:11:53.973,"4000","1008","22.6","64.4","1007","67","20.5",
05/22/26 11:11:59.262,"4600","1008","22.6","64.8","1007","68","20.5",
05/22/26 11:12:04.602,"5100","1008","22.6","64.6","1007","68","20.5",
05/22/26 11:12:09.904,"5500","1008","22.6","64.3","1007","67","20.5",
05/22/26 11:12:15.264,"6100","1008","22.6","64.7","1007","68","20.5",
05/22/26 11:12:20.633,"6600","1008","22.6","64.9","1007","68","20.5",
05/22/26 11:12:25.995,"7000","1008","22.6","65.1","1007","68","20.5",
05/22/26 11:12:31.303,"7500","1008","22.6","65.1","1007","68","20.5",
05/22/26 11:12:36.613,"8000","1008","22.6","64.9","1007","68","20.5",
05/22/26 11:12:41.906,"8400","1008","22.6","64.4","1007","68","20.5",
05/22/26 11:12:47.203,"8900","1008","22.6","64.9","1007","68","20.5",
05/22/26 11:12:52.520,"9400","1008","22.6","64.2","1007","67","20.4",
05/22/26 11:12:57.859,"9700","1008","22.6","64.3","1007","67","20.4",
05/22/26 11:13:03.118,"10100","1008","22.6","64.3","1007","67","20.4",
05/22/26 11:13:08.401,"10400","1008","22.6","64.3","1007","67","20.4",
05/22/26 11:13:13.742,"11000","1008","22.6","64.6","1007","68","20.4",
05/22/26 11:13:19.148,"11600","1008","22.6","64.6","1007","68","20.4",
05/22/26 11:13:24.538,"12000","1008","22.6","64.8","1007","68","20.4",
05/22/26 11:13:29.964,"12500","1008","22.6","64.9","1007","68","20.4",
05/22/26 11:13:35.344,"13000","1008","22.6","64.6","1007","68","20.4",
05/22/26 11:13:40.752,"13400","1008","22.6","64.7","1007","68","20.4",
05/22/26 11:13:46.132,"13700","1008","22.6","64.7","1007","68","20.4",
05/22/26 11:13:51.521,"14200","1008","22.5","64.5","1007","68","20.4",
05/22/26 11:13:56.889,"14700","1008","22.5","64.6","1007","68","20.4",
05/22/26 11:14:02.328,"15200","1008","22.5","64.7","1007","68","20.4",
05/22/26 11:14:07.800,"15600","1008","22.5","64.9","1007","68","20.4",
05/22/26 11:14:13.211,"16100","1008","22.5","64.9","1007","68","20.4",
05/22/26 11:14:18.526,"16500","1008","22.5","64.7","1007","68","20.4",
05/22/26 11:14:23.949,"16900","1008","22.5","65.1","1007","68","20.4",
05/22/26 11:14:29.328,"17400","1008","22.5","65.4","1007","68","20.4",
05/22/26 11:14:34.694,"17700","1008","22.5","65.3","1007","68","20.4",
05/22/26 11:14:40.112,"18200","1008","22.5","65","1007","68","20.4",
05/22/26 11:14:45.510,"18700","1008","22.5","65.3","1007","68","20.4",
05/22/26 11:14:50.881,"19200","1008","22.6","65.3","1007","68","20.4",
05/22/26 11:14:56.295,"19600","1008","22.6","65","1007","68","20.4",
05/22/26 11:15:01.744,"20000","1008","22.6","64.7","1007","68","20.4",
05/22/26 11:15:07.194,"20600","1008","22.6","64.5","1007","68","20.4",
05/22/26 11:15:12.579,"21000","1008","22.6","64.5","1007","68","20.4",
05/22/26 11:15:17.996,"21300","1008","22.6","64.4","1007","68","20.4",
05/22/26 11:15:23.326,"21700","1008","22.6","64.4","1007","68","20.4",
05/22/26 11:15:28.737,"22100","1008","22.6","64.5","1007","68","20.4",
05/22/26 11:15:34.146,"22600","1008","22.5","64.9","1007","68","20.4",
05/22/26 11:15:39.580,"23000","1008","22.5","64.8","1007","68","20.4",
05/22/26 11:15:45.058,"23400","1008","22.5","65.1","1007","68","20.4",
05/22/26 11:15:50.554,"23800","1008","22.6","65.2","1007","68","20.4",
05/22/26 11:15:56.000,"24100","1008","22.6","64.9","1007","68","20.4",
05/22/26 11:16:01.484,"24400","1008","22.6","64.6","1007","68","20.4",
05/22/26 11:16:07.045,"24600","1008","22.6","64.7","1007","68","20.4",
05/22/26 11:16:12.516,"25100","1008","22.6","64.9","1007","68","20.4",
05/22/26 11:16:18.110,"25600","1008","22.6","64.7","1007","68","20.4",
05/22/26 11:16:23.545,"25900","1008","22.6","64.7","1007","68","20.4",
05/22/26 11:16:29.042,"26400","1008","22.6","64.6","1007","68","20.4",
05/22/26 11:16:34.538,"26700","1008","22.5","64.7","1007","68","20.4",
05/22/26 11:16:39.996,"27200","1008","22.5","65","1007","68","20.4",
05/22/26 11:16:45.573,"27400","1008","22.6","64.6","1007","68","20.4",
05/22/26 11:16:51.080,"27800","1008","22.6","64.7","1007","68","20.4",
05/22/26 11:16:56.533,"28200","1008","22.6","64.6","1007","68","20.4",
05/22/26 11:17:02.023,"28500","1008","22.6","64.9","1007","68","20.4",
05/22/26 11:17:07.572,"28900","1008","22.6","64.9","1007","68","20.4",
05/22/26 11:17:13.141,"29300","1008","22.6","65.1","1007","68","20.4",
05/22/26 11:17:18.658,"29700","1008","22.6","64.6","1007","68","20.4",
05/22/26 11:17:24.104,"30100","1008","22.6","64.8","1007","68","20.4",
05/22/26 11:17:29.601,"30600","1008","22.6","65.3","1007","68","20.4",
05/22/26 11:17:35.159,"30900","1008","22.6","65.2","1007","68","20.4",
05/22/26 11:17:40.787,"31100","1008","22.6","64.7","1007","68","20.4",
05/22/26 11:17:46.430,"31700","1008","22.5","64.4","1007","68","20.4",
05/22/26 11:17:52.054,"32000","1008","22.5","64.9","1007","68","20.4",
05/22/26 11:17:57.588,"32200","1008","22.6","64.8","1007","68","20.4",
05/22/26 11:18:03.141,"32600","1008","22.5","64.6","1007","68","20.4",
05/22/26 11:18:08.723,"33200","1008","22.5","64.4","1007","67","20.4",
05/22/26 11:18:14.387,"33500","1008","22.5","64.4","1007","67","20.4",
05/22/26 11:18:19.977,"33600","1008","22.5","64.7","1007","68","20.4",
05/22/26 11:18:25.498,"33900","1008","22.6","65.3","1007","68","20.4",
05/22/26 11:18:31.058,"34300","1008","22.6","65.3","1007","68","20.4",
05/22/26 11:18:36.664,"34700","1008","22.6","65.5","1007","68","20.4",
05/22/26 11:18:42.304,"35100","1008","22.6","65.4","1007","68","20.4",
05/22/26 11:18:47.951,"35300","1008","22.6","65.2","1007","68","20.4",
05/22/26 11:18:53.622,"35600","1008","22.6","65.1","1007","68","20.4",
05/22/26 11:18:59.250,"35800","1008","22.6","64.8","1007","68","20.4",
05/22/26 11:19:04.932,"36300","1008","22.7","64.6","1007","68","20.4",
05/22/26 11:19:10.519,"36700","1008","22.7","64.4","1007","68","20.4",
05/22/26 11:19:16.206,"37000","1008","22.7","63.8","1007","68","20.4",
05/22/26 11:19:21.761,"37100","1008","22.8","63.6","1007","67","20.4",
05/22/26 11:19:27.302,"37300","1008","22.8","63.4","1007","67","20.5",
05/22/26 11:19:32.909,"37700","1008","22.8","63.3","1007","67","20.5",
05/22/26 11:19:38.581,"38000","1008","22.8","63","1007","67","20.5",
05/22/26 11:19:44.144,"38600","1008","22.8","62.8","1007","67","20.5",
05/22/26 11:19:49.774,"38700","1008","22.9","62.7","1007","67","20.5",
05/22/26 11:19:55.369,"39300","1008","22.9","62.7","1007","67","20.5",
05/22/26 11:20:00.952,"39400","1008","22.9","62.6","1007","67","20.5",
05/22/26 11:20:06.741,"39600","1008","22.9","62.7","1007","67","20.5",
05/22/26 11:20:12.413,"40100","1008","22.9","62.7","1007","67","20.5",
05/22/26 11:20:18.143,"40200","1008","22.9","62.6","1007","67","20.5",
05/22/26 11:20:23.594,"40500","1008","22.9","62.5","1007","67","20.5",
05/22/26 11:20:28.750,"40600","1008","23","62.5","1007","67","20.5",
05/22/26 11:20:34.053,"41000","1008","23","62.2","1007","67","20.5",
05/22/26 11:20:39.284,"41400","1008","23","62","1007","66","20.6",
05/22/26 11:20:44.556,"41500","1008","23","61.9","1007","66","20.6",
05/22/26 11:20:49.794,"41800","1008","23","61.8","1007","66","20.6",
05/22/26 11:20:55.036,"41900","1008","23","61.8","1007","66","20.6",
05/22/26 11:21:00.289,"42400","1008","23","61.7","1007","66","20.6",
05/22/26 11:21:05.565,"42300","1008","23","61.5","1007","66","20.6",
05/22/26 11:21:10.829,"42500","1008","23.1","61.7","1007","66","20.6",
05/22/26 11:21:16.161,"42700","1008","23.1","61.7","1007","66","20.6",
05/22/26 11:21:21.469,"42900","1008","23.1","61.5","1007","66","20.6",
05/22/26 11:21:26.857,"43000","1008","23.1","61.5","1007","66","20.6",
05/22/26 11:21:32.133,"43400","1008","23.1","61.6","1007","66","20.6",
05/22/26 11:21:37.442,"43700","1008","23.1","61.5","1007","66","20.6",
05/22/26 11:21:42.708,"43800","1008","23.1","61.5","1007","66","20.6",
05/22/26 11:21:47.976,"44000","1008","23.1","61.5","1007","66","20.6",
05/22/26 11:21:53.271,"44000","1008","23.1","61.4","1007","66","20.6",
05/22/26 11:21:58.542,"44500","1008","23.1","61.2","1007","66","20.7",
05/22/26 11:22:03.792,"44700","1008","23.1","61.1","1007","66","20.7",
05/22/26 11:22:09.075,"44900","1008","23.2","61.1","1007","66","20.7",
05/22/26 11:22:14.393,"44900","1008","23.2","61.2","1007","66","20.7",
05/22/26 11:22:19.798,"45200","1008","23.2","61.1","1007","66","20.7",
05/22/26 11:22:25.112,"45700","1008","23.2","61.2","1007","66","20.7",
05/22/26 11:22:30.355,"45700","1008","23.2","61.1","1007","66","20.7",
05/22/26 11:22:35.698,"45800","1008","23.2","60.8","1007","66","20.7",
05/22/26 11:22:41.046,"46000","1008","23.2","60.7","1007","65","20.7",
05/22/26 11:22:46.384,"46500","1008","23.2","60.8","1007","65","20.7",
05/22/26 11:22:51.626,"46500","1008","23.2","60.9","1007","66","20.7",
05/22/26 11:22:56.990,"47000","1008","23.2","61","1007","66","20.7",
05/22/26 11:23:02.325,"47100","1008","23.2","61.3","1007","66","20.7",
05/22/26 11:23:07.585,"47200","1008","23.3","61.5","1007","66","20.7",
05/22/26 11:23:12.912,"47300","1008","23.3","61.3","1007","66","20.8",
05/22/26 11:23:18.221,"47600","1008","23.3","61.4","1007","66","20.8",
05/22/26 11:23:23.506,"47800","1008","23.3","61.5","1007","66","20.8",
05/22/26 11:23:28.830,"47900","1008","23.3","61.6","1007","66","20.8",
05/22/26 11:23:34.160,"48000","1008","23.3","61.5","1007","66","20.8",
05/22/26 11:23:39.510,"47900","1008","23.3","61.6","1007","66","20.8",
05/22/26 11:23:44.905,"48200","1008","23.3","61.5","1007","66","20.8",
05/22/26 11:23:50.184,"48600","1008","23.3","61.5","1007","66","20.8",
05/22/26 11:23:55.508,"48700","1008","23.4","61.5","1007","66","20.8",
05/22/26 11:24:00.860,"48800","1008","23.3","61.5","1007","66","20.8",
05/22/26 11:24:06.222,"48900","1008","23.4","61.5","1007","66","20.8",
05/22/26 11:24:11.607,"49300","1008","23.4","61.4","1007","66","20.8",
05/22/26 11:24:16.992,"49400","1008","23.4","60.9","1007","66","20.8",
05/22/26 11:24:22.368,"49600","1008","23.4","60.8","1007","66","20.8",
05/22/26 11:24:27.709,"49700","1008","23.4","60.8","1007","66","20.8",
05/22/26 11:24:33.055,"50000","1008","23.4","61.1","1007","66","20.9",
05/22/26 11:24:38.381,"49800","1008","23.4","61","1007","66","20.9",
05/22/26 11:24:43.830,"50100","1008","23.4","61.1","1007","66","20.9",
05/22/26 11:24:49.250,"50500","1008","23.4","61.1","1007","66","20.9",
05/22/26 11:24:54.673,"50900","1008","23.4","61","1007","65","20.9",
05/22/26 11:25:00.182,"50900","1008","23.4","61.1","1007","66","20.9",
05/22/26 11:25:05.587,"50900","1008","23.4","61.1","1007","66","20.9",
05/22/26 11:25:11.003,"51000","1008","23.4","61.3","1007","66","20.9",
05/22/26 11:25:16.409,"51000","1008","23.4","61.2","1007","66","20.9",
05/22/26 11:25:21.825,"51000","1008","23.4","61.4","1007","66","20.9",
05/22/26 11:25:27.277,"51000","1008","23.4","61.4","1007","66","20.9",
05/22/26 11:25:32.722,"51600","1008","23.4","61.3","1007","66","20.9",
05/22/26 11:25:38.102,"51700","1008","23.5","61.2","1007","66","20.9",
05/22/26 11:25:43.621,"52000","1008","23.5","61.4","1007","66","20.9",
05/22/26 11:25:48.999,"52400","1008","23.5","61.4","1007","66","20.9",
05/22/26 11:25:54.416,"52400","1008","23.5","61.3","1007","66","20.9",
05/22/26 11:25:59.877,"52600","1008","23.5","61.3","1007","66","21",
05/22/26 11:26:05.292,"52600","1008","23.5","61.3","1007","66","21",
05/22/26 11:26:10.665,"52800","1008","23.5","61.3","1007","66","21",
05/22/26 11:26:16.089,"53100","1008","23.5","60.9","1007","66","21",
05/22/26 11:26:21.478,"53300","1008","23.5","60.9","1007","66","21",
05/22/26 11:26:26.887,"53700","1008","23.5","61","1007","66","21",
05/22/26 11:26:32.408,"53400","1008","23.5","61.1","1007","66","21",
05/22/26 11:26:37.921,"54000","1008","23.5","61","1007","66","21",
05/22/26 11:26:43.508,"54100","1008","23.5","61","1007","66","21",
05/22/26 11:26:49.035,"54500","1008","23.5","61","1007","66","21",
05/22/26 11:26:54.555,"54400","1008","23.5","61.1","1007","66","21",
05/22/26 11:27:00.135,"54200","1008","23.5","60.7","1007","66","21",
05/22/26 11:27:05.733,"54000","1008","23.5","60.6","1007","65","21",
05/22/26 11:27:11.260,"54900","1008","23.5","60.7","1007","65","21",
05/22/26 11:27:16.875,"55000","1008","23.5","60.8","1007","65","21",
05/22/26 11:27:22.492,"55300","1008","23.6","60.7","1007","65","21",
05/22/26 11:27:28.113,"55300","1008","23.6","60.5","1007","65","21",
05/22/26 11:27:33.656,"55700","1008","23.6","60.4","1007","65","21",
05/22/26 11:27:39.281,"55500","1008","23.6","60.4","1007","65","21",
05/22/26 11:27:44.835,"55800","1008","23.6","60.4","1007","65","21",
05/22/26 11:27:50.476,"55700","1008","23.6","60.3","1007","65","21",
05/22/26 11:27:56.137,"56200","1008","23.6","60.2","1007","65","21",
05/22/26 11:28:01.658,"56000","1008","23.6","60.1","1007","65","21.1",
05/22/26 11:28:07.209,"56200","1008","23.6","59.9","1007","65","21.1",
05/22/26 11:28:12.795,"56400","1008","23.6","60","1007","65","21.1",
05/22/26 11:28:18.364,"56200","1008","23.6","60.1","1007","65","21.1",
05/22/26 11:28:23.983,"56500","1008","23.6","60.2","1007","65","21.1",
05/22/26 11:28:29.621,"57000","1008","23.6","60.3","1007","65","21.1",
05/22/26 11:28:35.240,"57600","1008","23.6","60.3","1007","65","21.1",
05/22/26 11:28:40.907,"57800","1008","23.6","60.3","1007","65","21.1",
05/22/26 11:28:46.498,"57900","1008","23.6","60.2","1007","65","21.1",
05/22/26 11:28:52.075,"57900","1008","23.6","60.3","1007","65","21.1",
05/22/26 11:28:57.657,"58100","1008","23.6","60.1","1007","65","21.1",
05/22/26 11:29:03.269,"57800","1008","23.7","59.9","1007","65","21.1",
05/22/26 11:29:08.922,"57900","1008","23.6","59.7","1007","65","21.1",
05/22/26 11:29:14.516,"58000","1008","23.7","59.7","1007","65","21.1",
05/22/26 11:29:20.152,"58000","1008","23.6","59.7","1007","65","21.1",
05/22/26 11:29:25.783,"58100","1008","23.7","59.9","1007","65","21.1",
05/22/26 11:29:31.374,"58600","1008","23.6","60.3","1007","65","21.1",
05/22/26 11:29:36.950,"59000","1008","23.7","60.2","1007","65","21.1",
05/22/26 11:29:42.540,"58500","1008","23.7","60.1","1007","65","21.1",
05/22/26 11:29:48.213,"59200","1008","23.7","60","1007","65","21.1",
05/22/26 11:29:53.877,"59300","1008","23.7","60","1007","65","21.1",
05/22/26 11:29:59.566,"58800","1008","23.7","59.9","1007","65","21.1",
05/22/26 11:30:05.250,"59300","1008","23.7","60.1","1007","65","21.1",
05/22/26 11:30:10.912,"59200","1008","23.7","60.1","1007","65","21.1",
05/22/26 11:30:16.549,"59400","1008","23.7","59.9","1007","65","21.1",
05/22/26 11:30:22.217,"59600","1008","23.7","59.9","1007","65","21.2",
05/22/26 11:30:27.897,"59900","1008","23.7","59.7","1007","65","21.2",
05/22/26 11:30:33.600,"60200","1008","23.7","59.9","1007","65","21.2",
05/22/26 11:30:39.265,"60200","1008","23.7","60.1","1007","65","21.2",
05/22/26 11:30:44.943,"60400","1008","23.7","60.1","1007","65","21.2",
05/22/26 11:30:50.628,"60400","1008","23.7","60.3","1007","65","21.2",
05/22/26 11:30:56.338,"60600","1008","23.7","60.4","1007","65","21.2",
05/22/26 11:31:02.089,"60600","1008","23.7","60.4","1007","65","21.2",
05/22/26 11:31:07.842,"60600","1008","23.7","60.4","1007","65","21.2",
05/22/26 11:31:13.557,"60400","1008","23.7","60.2","1007","65","21.2",
05/22/26 11:31:19.277,"60800","1008","23.7","60.2","1007","65","21.2",
05/22/26 11:31:25.042,"61200","1008","23.7","59.9","1007","65","21.2",
05/22/26 11:31:30.705,"61300","1008","23.7","59.9","1007","65","21.2",
05/22/26 11:31:36.426,"61300","1008","23.7","59.9","1007","64","21.2",
05/22/26 11:31:42.210,"61700","1008","23.7","59.8","1007","64","21.2",
05/22/26 11:31:47.876,"61700","1008","23.7","59.5","1007","64","21.2",
05/22/26 11:31:53.568,"61600","1008","23.7","59.5","1007","64","21.2",
05/22/26 11:31:59.251,"62000","1008","23.7","59.7","1007","64","21.2",
05/22/26 11:32:05.016,"62100","1008","23.7","60","1007","65","21.2",
05/22/26 11:32:10.781,"62000","1008","23.7","60.1","1007","65","21.2",
05/22/26 11:32:16.510,"62600","1008","23.7","60","1007","65","21.2",
05/22/26 11:32:22.183,"63000","1008","23.7","59.9","1007","65","21.2",
05/22/26 11:32:27.917,"62900","1008","23.7","60.1","1007","65","21.2",
05/22/26 11:32:33.596,"63000","1008","23.7","59.9","1007","65","21.2",
05/22/26 11:32:39.333,"63400","1008","23.8","59.7","1007","64","21.2",
05/22/26 11:32:45.001,"63100","1008","23.8","59.7","1007","65","21.2",
05/22/26 11:32:50.703,"63300","1008","23.8","60","1007","65","21.2",
05/22/26 11:32:56.470,"63300","1008","23.8","60.1","1007","65","21.2",
05/22/26 11:33:02.265,"63900","1008","23.8","60.1","1007","65","21.2",
05/22/26 11:33:08.051,"63900","1008","23.8","60","1007","65","21.2",
05/22/26 11:33:13.871,"63800","1008","23.8","59.9","1007","65","21.2",
05/22/26 11:33:19.710,"63900","1008","23.8","59.8","1007","64","21.2",
05/22/26 11:33:25.550,"64100","1008","23.8","59.7","1007","64","21.2",
05/22/26 11:33:31.325,"64200","1008","23.8","59.7","1007","64","21.3",
05/22/26 11:33:37.179,"64500","1008","23.8","59.4","1007","64","21.3",
05/22/26 11:33:42.923,"64800","1008","23.8","59.5","1007","64","21.3",
05/22/26 11:33:48.773,"64500","1008","23.8","59.5","1007","64","21.2",
05/22/26 11:33:54.568,"65000","1008","23.8","59.7","1007","64","21.3",
05/22/26 11:34:00.357,"65300","1008","23.8","59.7","1007","64","21.3",
05/22/26 11:34:06.099,"65100","1008","23.8","59.6","1007","64","21.3",
05/22/26 11:34:11.946,"65400","1008","23.8","59.5","1007","64","21.3",
05/22/26 11:34:17.781,"65900","1008","23.8","59.5","1007","64","21.3",
05/22/26 11:34:23.577,"65900","1008","23.8","59.6","1007","64","21.3",
05/22/26 11:34:29.368,"65900","1008","23.8","59.7","1007","64","21.3",
05/22/26 11:34:35.182,"65700","1008","23.8","60","1007","64","21.3",
05/22/26 11:34:41.044,"66200","1008","23.8","60.1","1007","65","21.3",
05/22/26 11:34:46.967,"65900","1008","23.8","60.1","1007","65","21.3",
05/22/26 11:34:52.791,"66400","1008","23.8","60.4","1007","65","21.3",
05/22/26 11:34:58.707,"66200","1008","23.8","60.2","1007","65","21.3",
05/22/26 11:35:04.573,"66700","1008","23.8","60.2","1007","65","21.3",
05/22/26 11:35:10.422,"66800","1008","23.8","59.9","1007","65","21.3",
05/22/26 11:35:16.302,"66800","1008","23.8","59.7","1007","65","21.3",
05/22/26 11:35:22.256,"66800","1008","23.9","59.6","1007","64","21.3",
05/22/26 11:35:28.138,"67000","1008","23.9","59.8","1007","64","21.3",
05/22/26 11:35:34.038,"67100","1008","23.9","59.9","1007","65","21.3",
05/22/26 11:35:39.926,"67400","1008","23.9","59.9","1007","64","21.3",
05/22/26 11:35:45.808,"67700","1008","23.9","59.5","1007","64","21.3",
05/22/26 11:35:51.676,"67400","1008","23.9","59.5","1007","64","21.3",
05/22/26 11:35:57.575,"67400","1008","23.9","59.7","1007","64","21.3",
05/22/26 11:36:03.482,"68300","1008","23.9","59.8","1007","64","21.3",
05/22/26 11:36:09.410,"68200","1008","23.9","59.7","1007","64","21.3",
05/22/26 11:36:15.206,"68300","1008","23.9","59.7","1007","64","21.3",
05/22/26 11:36:21.160,"68000","1008","23.9","59.8","1007","64","21.3",
05/22/26 11:36:27.066,"68800","1008","23.9","59.7","1007","64","21.3",
05/22/26 11:36:33.090,"68800","1008","23.9","59.6","1007","64","21.3",
05/22/26 11:36:39.027,"68500","1008","23.9","59.5","1007","64","21.3",
05/22/26 11:36:44.846,"68300","1008","23.9","59.3","1007","64","21.3",
05/22/26 11:36:50.793,"68500","1008","23.9","59.3","1007","64","21.3",
05/22/26 11:36:56.676,"68800","1008","23.9","59.3","1007","64","21.3",
05/22/26 11:37:02.661,"69100","1008","23.9","59.4","1007","64","21.3",
05/22/26 11:37:08.602,"70000","1008","23.9","59.6","1007","64","21.3",
05/22/26 11:37:14.559,"70300","1008","23.9","59.6","1007","64","21.3",
05/22/26 11:37:20.482,"70000","1008","23.9","59.7","1007","64","21.3",
05/22/26 11:37:26.380,"69800","1008","23.9","59.7","1007","64","21.3",
05/22/26 11:37:32.316,"70000","1008","23.9","59.7","1007","64","21.4",
05/22/26 11:37:38.221,"69600","1008","23.9","59.7","1007","64","21.4",
05/22/26 11:37:44.165,"69800","1008","23.9","59.5","1007","64","21.3",
05/22/26 11:37:50.108,"69800","1008","23.9","59.5","1007","64","21.4",
05/22/26 11:37:56.008,"69800","1008","23.9","59.4","1007","64","21.4",
05/22/26 11:38:01.968,"70300","1008","23.9","59.4","1007","64","21.4",
05/22/26 11:38:07.954,"71000","1008","23.9","59.3","1007","64","21.4",
05/22/26 11:38:13.897,"71000","1008","23.9","59.4","1007","64","21.4",
05/22/26 11:38:19.861,"71100","1008","23.9","59.5","1007","64","21.4",
05/22/26 11:38:25.822,"71000","1008","23.9","59.5","1007","64","21.4",
05/22/26 11:38:31.846,"71100","1008","23.9","59.7","1007","64","21.4",
05/22/26 11:38:37.798,"71600","1008","23.9","59.5","1007","64","21.4",
05/22/26 11:38:43.777,"71800","1008","23.9","59.5","1007","64","21.4",
05/22/26 11:38:49.800,"71600","1008","23.9","59.4","1007","64","21.4",
05/22/26 11:38:55.806,"71500","1008","23.9","59.4","1007","64","21.4",
05/22/26 11:39:01.792,"71800","1008","23.9","59.5","1007","64","21.4",
05/22/26 11:39:07.784,"71800","1008","23.9","59.4","1007","64","21.4",
05/22/26 11:39:13.800,"71300","1008","23.9","59.2","1007","64","21.4",
05/22/26 11:39:19.831,"71500","1008","23.9","59.1","1007","64","21.4",
05/22/26 11:39:25.848,"71800","1008","23.9","59.2","1007","64","21.4",
05/22/26 11:39:31.878,"71800","1008","23.9","59.1","1007","64","21.4",
05/22/26 11:39:37.823,"71900","1008","23.9","59","1007","64","21.4",
05/22/26 11:39:43.842,"71900","1008","23.9","58.9","1007","64","21.4",
05/22/26 11:39:49.934,"71600","1008","23.9","58.9","1007","64","21.4",
05/22/26 11:39:55.987,"71900","1008","23.9","58.9","1007","64","21.4",
05/22/26 11:40:01.993,"71900","1008","23.9","58.7","1007","63","21.4",
05/22/26 11:40:08.063,"72600","1008","23.9","58.8","1007","64","21.4",
05/22/26 11:40:14.134,"73100","1008","23.9","59","1007","64","21.4",
05/22/26 11:40:20.235,"73400","1008","23.9","59.1","1007","64","21.4",
05/22/26 11:40:26.269,"73800","1008","23.9","59.2","1007","64","21.4",
05/22/26 11:40:32.314,"73600","1008","23.9","59.2","1007","64","21.4",
05/22/26 11:40:38.362,"73400","1008","23.9","59.1","1007","64","21.4",
05/22/26 11:40:44.413,"73400","1008","23.9","59.2","1007","64","21.4",
05/22/26 11:40:50.400,"73400","1008","23.9","59","1007","64","21.4",
05/22/26 11:40:56.450,"73600","1008","23.9","59.3","1007","64","21.4",
05/22/26 11:41:02.553,"73300","1008","24","59.3","1007","64","21.4",
05/22/26 11:41:08.617,"73800","1008","24","59.2","1007","64","21.4",
05/22/26 11:41:14.688,"74400","1008","24","59","1007","64","21.4",
05/22/26 11:41:20.805,"74200","1008","23.9","59.3","1007","64","21.4",
05/22/26 11:41:26.926,"74100","1008","24","59.5","1007","64","21.4",
05/22/26 11:41:32.963,"74500","1008","23.9","59.5","1007","64","21.4",
05/22/26 11:41:39.063,"74200","1008","24","59.5","1007","64","21.4",
05/22/26 11:41:45.206,"74500","1008","24","59.5","1007","64","21.4",
05/22/26 11:41:51.326,"74200","1008","23.9","59.5","1007","64","21.4",
05/22/26 11:41:57.391,"74800","1008","23.9","59.4","1007","64","21.4",
05/22/26 11:42:03.512,"74700","1008","23.9","59.2","1007","64","21.4",
05/22/26 11:42:09.605,"75000","1008","23.9","59.3","1007","64","21.4",
05/22/26 11:42:15.700,"74400","1008","23.9","59.1","1007","64","21.4",
05/22/26 11:42:21.732,"75000","1008","23.9","59.2","1007","64","21.4",
05/22/26 11:42:27.858,"75300","1008","23.9","59","1007","64","21.4",
05/22/26 11:42:34.397,"75100","1008","23.9","59.1","1007","64","21.4",
05/22/26 11:42:41.229,"74800","1008","23.9","59.1","1007","64","21.4",
05/22/26 11:42:47.922,"75700","1008","23.9","59.1","1007","64","21.4",
05/22/26 11:42:54.582,"75700","1008","23.9","59.3","1007","64","21.4",
05/22/26 11:43:01.241,"75600","1008","23.9","59.4","1007","64","21.4",
05/22/26 11:43:07.825,"76000","1008","23.9","59.1","1007","64","21.4",
05/22/26 11:43:14.455,"75900","1008","23.9","59.2","1007","64","21.4",
05/22/26 11:43:21.004,"75600","1008","23.9","59.4","1007","64","21.4",
05/22/26 11:43:27.543,"75900","1008","24","59.4","1007","64","21.4",
05/22/26 11:43:34.263,"76000","1008","24","59.3","1007","64","21.4",
05/22/26 11:43:40.871,"76000","1008","24","59.4","1007","64","21.4",
05/22/26 11:43:47.502,"76000","1008","24","59.3","1007","64","21.4",
05/22/26 11:43:54.082,"76300","1008","24","59.5","1007","64","21.4",
05/22/26 11:44:00.675,"76600","1008","24","59.5","1007","64","21.4",
05/22/26 11:44:07.396,"76500","1008","23.9","59.4","1007","64","21.4",
05/22/26 11:44:14.103,"76700","1008","24","59.5","1007","64","21.4",
05/22/26 11:44:20.785,"76600","1008","24","59.5","1007","64","21.5",
05/22/26 11:44:27.482,"76500","1008","23.9","59.1","1007","64","21.5",
05/22/26 11:44:34.137,"76600","1008","23.9","58.9","1007","64","21.4",
05/22/26 11:44:40.877,"76600","1008","23.9","58.8","1007","64","21.5",
05/22/26 11:44:47.572,"76700","1008","24","58.8","1007","63","21.5",
05/22/26 11:44:54.183,"76600","1008","24","59","1007","64","21.5",
05/22/26 11:45:00.916,"77200","1008","24","59.2","1007","64","21.5",
05/22/26 11:45:07.672,"77300","1008","24","59.3","1007","64","21.5",
05/22/26 11:45:14.370,"77200","1008","24","59.3","1007","64","21.5",
05/22/26 11:45:20.976,"77200","1008","24","59.4","1007","64","21.5",
05/22/26 11:45:27.642,"77300","1008","24","59.2","1007","64","21.5",
05/22/26 11:45:34.341,"77300","1008","24","59.3","1007","64","21.5",
05/22/26 11:45:41.007,"77500","1008","24","59.2","1007","64","21.5",
05/22/26 11:45:47.840,"77500","1008","24","59.3","1007","64","21.5",
05/22/26 11:45:54.502,"78100","1008","24","59.1","1007","64","21.5",
05/22/26 11:46:01.243,"78100","1008","24","58.8","1007","63","21.5",
05/22/26 11:46:08.040,"78200","1008","24","58.9","1007","63","21.5",
05/22/26 11:46:14.728,"78100","1008","24","58.9","1007","63","21.5",
05/22/26 11:46:21.446,"78100","1008","24","59","1007","63","21.5",
05/22/26 11:46:28.179,"78400","1008","24","59","1007","63","21.5",
05/22/26 11:46:34.856,"77900","1008","24","58.9","1007","63","21.5",
05/22/26 11:46:41.528,"78500","1008","24","58.9","1007","63","21.5",
05/22/26 11:46:48.185,"79100","1008","24","59","1007","63","21.5",
05/22/26 11:46:54.928,"79100","1008","24","58.9","1007","63","21.5",
05/22/26 11:47:01.679,"79600","1008","24","58.9","1007","63","21.5",
05/22/26 11:47:08.383,"79900","1008","24","58.6","1007","63","21.5",
05/22/26 11:47:15.211,"80400","1008","24","58.7","1007","63","21.5",
05/22/26 11:47:22.084,"80600","1008","24","59","1007","63","21.5",
05/22/26 11:47:28.888,"80400","1008","24","59.1","1007","64","21.5",
05/22/26 11:47:35.711,"79900","1008","24","59","1007","64","21.5",
05/22/26 11:47:42.550,"80100","1008","24","59.1","1007","64","21.5",
05/22/26 11:47:49.346,"79400","1008","24","59.2","1007","64","21.5",
05/22/26 11:47:56.159,"79800","1008","24","59.1","1007","64","21.5",
05/22/26 11:48:02.940,"79900","1008","24","58.9","1007","64","21.5",
05/22/26 11:48:09.794,"79900","1008","24","58.5","1007","63","21.5",
05/22/26 11:48:16.584,"79600","1008","24","58.5","1007","63","21.5",
05/22/26 11:48:23.392,"79100","1008","24","58.7","1007","63","21.5",
05/22/26 11:48:30.184,"79900","1008","24","58.9","1007","63","21.5",
05/22/26 11:48:36.852,"79600","1008","24","59","1007","63","21.5",
05/22/26 11:48:43.660,"79600","1008","24","59.1","1007","64","21.5",
05/22/26 11:48:50.365,"79300","1008","24","59.1","1007","64","21.5",
05/22/26 11:48:57.187,"79900","1008","24","59","1007","64","21.5",
05/22/26 11:49:03.900,"79800","1008","24","58.8","1007","63","21.5",
05/22/26 11:49:10.728,"80100","1008","24","58.7","1007","63","21.5",
05/22/26 11:49:17.477,"79600","1008","24","58.7","1007","63","21.5",
05/22/26 11:49:24.358,"79400","1008","24","58.8","1007","63","21.5",
05/22/26 11:49:31.135,"79900","1008","24","58.9","1007","63","21.5",
05/22/26 11:49:37.947,"79900","1008","24","58.8","1007","63","21.5",
05/22/26 11:49:44.772,"79600","1008","24","58.8","1007","63","21.5",
05/22/26 11:49:51.569,"79600","1008","24","58.6","1007","63","21.5",
05/22/26 11:49:58.348,"80100","1008","24","58.7","1007","63","21.5",
05/22/26 11:50:05.133,"79900","1008","24","58.9","1007","63","21.5",
05/22/26 11:50:12.023,"80600","1008","24","58.8","1007","63","21.5",
05/22/26 11:50:18.976,"80600","1008","24","58.8","1007","63","21.5",
05/22/26 11:50:25.750,"80100","1008","24","58.8","1007","63","21.5",
05/22/26 11:50:32.675,"80200","1008","24","58.6","1007","63","21.5",
05/22/26 11:50:39.585,"80700","1008","24","58.5","1007","63","21.5",
05/22/26 11:50:46.475,"80700","1008","24","58.7","1007","63","21.5",
05/22/26 11:50:53.379,"81200","1008","24","58.8","1007","63","21.5",
05/22/26 11:51:00.318,"81200","1008","24","58.7","1007","63","21.5",
05/22/26 11:51:07.217,"80700","1008","24","58.5","1007","63","21.5",
05/22/26 11:51:14.059,"81200","1008","24","58.6","1007","63","21.5",
05/22/26 11:51:20.893,"81000","1008","24","58.8","1007","63","21.5",
05/22/26 11:51:27.952,"81400","1008","24","58.6","1007","63","21.5",
05/22/26 11:51:34.820,"81000","1008","24","58.5","1007","63","21.5",
05/22/26 11:51:41.773,"81000","1008","24","58.4","1007","63","21.5",
05/22/26 11:51:48.696,"81200","1008","24","58.3","1007","63","21.5",
05/22/26 11:51:55.550,"81500","1008","24","58.3","1007","63","21.5",
05/22/26 11:52:02.511,"81400","1008","24","58.2","1007","63","21.5",
05/22/26 11:52:09.435,"81000","1008","24","58.1","1007","63","21.5",
05/22/26 11:52:16.356,"81200","1008","24","58","1007","63","21.5",
05/22/26 11:52:23.205,"81400","1008","24","58.2","1007","63","21.5",
05/22/26 11:52:30.114,"81400","1008","24","58.5","1007","63","21.5",
05/22/26 11:52:37.160,"82100","1008","24","58.4","1007","63","21.5",
05/22/26 11:52:44.115,"81800","1008","24","58.3","1007","63","21.5",
05/22/26 11:52:50.950,"81500","1008","24","58.6","1007","63","21.5",
05/22/26 11:52:57.922,"82000","1008","24","58.6","1007","63","21.5",
05/22/26 11:53:04.904,"82500","1008","24","58.3","1007","63","21.5",
05/22/26 11:53:11.975,"82000","1008","24","58.3","1007","63","21.5",
05/22/26 11:53:19.007,"81700","1008","24","58.6","1007","63","21.5",
05/22/26 11:53:25.994,"81500","1008","24","58.7","1007","63","21.5",
05/22/26 11:53:32.937,"82100","1008","24","58.7","1007","63","21.5",
05/22/26 11:53:39.939,"82300","1008","24","58.8","1007","63","21.5",
05/22/26 11:53:46.997,"82300","1008","24","58.8","1007","63","21.5",
05/22/26 11:53:53.854,"83100","1008","24","58.7","1007","63","21.5",
05/22/26 11:54:00.908,"82800","1008","24","58.8","1007","63","21.5",
05/22/26 11:54:07.876,"82800","1008","24","58.7","1007","63","21.5",
05/22/26 11:54:14.790,"82600","1008","24","58.6","1007","63","21.5",
05/22/26 11:54:21.754,"82600","1008","24.1","58.6","1007","63","21.5",
05/22/26 11:54:28.699,"83100","1008","24.1","58.6","1007","63","21.5",
05/22/26 11:54:35.756,"82600","1008","24.1","58.5","1007","63","21.5",
05/22/26 11:54:42.903,"82300","1008","24.1","58.6","1007","63","21.5",
05/22/26 11:54:49.989,"82900","1008","24.1","58.6","1007","63","21.5",
05/22/26 11:54:57.093,"83100","1008","24.1","58.6","1007","63","21.5",
05/22/26 11:55:04.060,"83300","1008","24","58.2","1007","63","21.5",
05/22/26 11:55:11.171,"83400","1008","24.1","58.3","1007","63","21.5",
05/22/26 11:55:18.302,"83100","1008","24.1","58.6","1007","63","21.5",
05/22/26 11:55:25.327,"83600","1008","24.1","58.7","1007","63","21.5",
05/22/26 11:55:32.408,"84100","1008","24.1","58.4","1007","63","21.5",
05/22/26 11:55:39.492,"84100","1008","24.1","58.3","1007","63","21.5",
05/22/26 11:55:46.570,"83100","1008","24.1","58.1","1007","63","21.5",
05/22/26 11:55:53.615,"83300","1008","24.1","58.3","1007","63","21.5",
05/22/26 11:56:00.585,"83600","1008","24.1","58.3","1007","63","21.5",
05/22/26 11:56:07.773,"83900","1007","24.1","58.4","1007","63","21.5",
05/22/26 11:56:14.945,"83400","1008","24.1","58.5","1007","63","21.5",
05/22/26 11:56:21.954,"83400","1008","24.1","58.2","1007","63","21.5",
05/22/26 11:56:29.127,"83300","1008","24.1","58.1","1007","63","21.5",
05/22/26 11:56:36.163,"83300","1008","24.1","58","1007","63","21.5",
05/22/26 11:56:43.140,"83900","1008","24.1","58.4","1007","63","21.5",
05/22/26 11:56:50.328,"83400","1008","24.1","58.3","1007","63","21.5",
05/22/26 11:56:57.400,"83100","1008","24.1","58.3","1007","63","21.5",
05/22/26 11:57:04.556,"83600","1008","24.1","58.1","1007","63","21.5",
05/22/26 11:57:11.650,"83600","1008","24.1","58.3","1007","63","21.5",
05/22/26 11:57:18.774,"83600","1008","24.1","58.3","1007","63","21.5",
05/22/26 11:57:25.906,"83700","1008","24.1","58.4","1007","63","21.5",
05/22/26 11:57:33.119,"83700","1008","24.1","58.5","1007","63","21.5",
05/22/26 11:57:40.341,"83900","1008","24.1","58.5","1007","63","21.5",
05/22/26 11:57:47.534,"84100","1008","24.1","58.6","1007","63","21.5",
05/22/26 11:57:54.719,"84100","1008","24.1","58.6","1007","63","21.5",
05/22/26 11:58:01.896,"84600","1008","24.1","58.1","1007","63","21.5",
05/22/26 11:58:09.046,"84400","1008","24.1","57.9","1007","63","21.5",
05/22/26 11:58:16.166,"84400","1008","24.1","57.9","1007","63","21.5",
05/22/26 11:58:23.330,"84100","1008","24.1","58.1","1007","63","21.5",
05/22/26 11:58:30.571,"84100","1008","24.1","57.8","1007","62","21.5",
05/22/26 11:58:37.753,"84200","1008","24.1","57.9","1007","62","21.5",
05/22/26 11:58:44.932,"84900","1008","24.1","57.9","1007","63","21.6",
05/22/26 11:58:51.995,"84700","1008","24.1","58.2","1007","63","21.6",
05/22/26 11:58:58.722,"84400","1007","24.1","58.1","1007","63","21.5",
05/22/26 11:59:05.379,"84600","1008","24","58.1","1007","63","21.5",
05/22/26 11:59:12.063,"84700","1008","24.1","58.1","1007","63","21.5",
05/22/26 11:59:18.707,"84600","1008","24.1","58","1007","62","21.5",
05/22/26 11:59:25.363,"84400","1008","24.1","58","1007","63","21.5",
05/22/26 11:59:32.013,"84700","1007","24","57.9","1007","62","21.5",
05/22/26 11:59:38.663,"84600","1008","24","58.1","1007","62","21.5",
05/22/26 11:59:45.298,"84200","1008","24","58.3","1007","63","21.5",
05/22/26 11:59:51.923,"84900","1008","24","58.3","1007","63","21.5",
05/22/26 11:59:58.612,"84900","1008","24.1","58.4","1007","63","21.5",
05/22/26 12:00:05.265,"85200","1007","24.1","58.4","1007","63","21.5",
05/22/26 12:00:12.017,"85400","1008","24.1","58.3","1007","63","21.6",
05/22/26 12:00:18.737,"85400","1008","24.1","58.2","1007","63","21.5",
05/22/26 12:00:25.343,"85400","1008","24.1","58.2","1007","63","21.6",
05/22/26 12:00:32.007,"85500","1008","24.1","58.3","1007","63","21.6",
05/22/26 12:00:38.568,"85500","1007","24.1","58.4","1007","63","21.6",
05/22/26 12:00:45.255,"86200","1008","24.1","58.5","1007","63","21.6",
05/22/26 12:00:51.915,"85400","1008","24.1","58.5","1007","63","21.6",
05/22/26 12:00:58.567,"85700","1008","24.1","58.5","1007","63","21.6",
05/22/26 12:01:05.287,"86200","1007","24.1","58.2","1007","63","21.6",
05/22/26 12:01:12.020,"86300","1008","24.1","58.2","1007","63","21.6",
05/22/26 12:01:18.766,"85400","1008","24.1","58.2","1007","63","21.6",
05/22/26 12:01:25.545,"85700","1008","24.1","58.2","1007","63","21.6",
05/22/26 12:01:32.254,"85200","1007","24.1","58.2","1007","63","21.6",
05/22/26 12:01:39.017,"85200","1008","24.1","58.2","1007","63","21.6",
05/22/26 12:01:45.838,"85200","1008","24.1","58.2","1007","63","21.6",
05/22/26 12:01:52.570,"85200","1007","24","58.1","1007","63","21.6",
05/22/26 12:01:59.339,"85200","1007","24.1","58.1","1007","62","21.6",
05/22/26 12:02:06.048,"85200","1008","24.1","58.1","1007","62","21.6",
05/22/26 12:02:12.867,"85700","1008","24.1","58.1","1007","63","21.6",
05/22/26 12:02:19.652,"86000","1008","24.1","58.2","1007","63","21.6",
05/22/26 12:02:26.382,"86000","1007","24.1","58","1007","63","21.6",
05/22/26 12:02:33.185,"85700","1007","24.1","57.9","1007","62","21.6",
05/22/26 12:02:39.888,"85500","1007","24.1","57.8","1007","62","21.6",
05/22/26 12:02:46.704,"86300","1007","24.1","57.8","1007","62","21.6",
05/22/26 12:02:53.500,"86000","1007","24.1","57.7","1007","62","21.6",
05/22/26 12:03:00.222,"85700","1007","24.1","57.8","1007","62","21.6",
05/22/26 12:03:07.046,"86300","1007","24.1","57.7","1007","62","21.6",
05/22/26 12:03:13.866,"86300","1007","24.1","57.6","1007","62","21.6",
05/22/26 12:03:20.700,"86800","1007","24.1","57.6","1007","62","21.6",
05/22/26 12:03:27.509,"86100","1007","24.1","57.7","1007","62","21.6",
05/22/26 12:03:34.241,"86300","1007","24.1","57.8","1007","62","21.6",
05/22/26 12:03:41.059,"86200","1007","24.1","58","1007","62","21.6",
05/22/26 12:03:47.811,"86300","1008","24.1","58.1","1007","62","21.6",
05/22/26 12:03:54.637,"86500","1008","24.1","58.2","1007","63","21.6",
05/22/26 12:04:01.487,"85700","1008","24.1","58","1007","63","21.6",
05/22/26 12:04:08.319,"85900","1007","24.1","58","1007","63","21.6",
05/22/26 12:04:15.207,"86000","1007","24.1","58.2","1007","63","21.6",
05/22/26 12:04:22.074,"86000","1007","24.1","58.3","1007","63","21.6",
05/22/26 12:04:28.896,"86700","1007","24.1","58.1","1007","63","21.6",
05/22/26 12:04:35.699,"85900","1008","24.1","58.1","1007","63","21.6",
05/22/26 12:04:42.535,"85800","1007","24.1","58.2","1006","63","21.6",
05/22/26 12:04:49.429,"86600","1007","24.1","58.3","1007","63","21.6",
05/22/26 12:04:56.186,"86900","1007","24.1","58.3","1006","63","21.6",
05/22/26 12:05:03.126,"86900","1007","24.1","58.2","1007","63","21.6",
05/22/26 12:05:10.042,"87200","1007","24.1","58","1007","62","21.6",
05/22/26 12:05:16.906,"87100","1008","24.1","58","1007","62","21.6",
05/22/26 12:05:23.844,"87100","1007","24.1","57.9","1006","62","21.6",
05/22/26 12:05:30.816,"86600","1007","24.1","57.7","1007","62","21.6",
05/22/26 12:05:37.676,"86600","1008","24.1","57.6","1007","62","21.6",
05/22/26 12:05:44.489,"86400","1007","24.1","57.6","1007","62","21.6",
05/22/26 12:05:51.277,"86700","1007","24.1","57.6","1007","62","21.6",
05/22/26 12:05:58.122,"86900","1008","24.1","57.8","1007","62","21.6",
05/22/26 12:06:05.027,"86700","1007","24.1","57.8","1007","62","21.6",
05/22/26 12:06:11.904,"87100","1007","24.1","58","1006","62","21.6",
05/22/26 12:06:18.701,"86700","1007","24.2","58.1","1007","63","21.6",
05/22/26 12:06:25.565,"86700","1007","24.1","58.3","1007","63","21.6",
05/22/26 12:06:32.379,"86900","1007","24.2","58.3","1007","63","21.6",
05/22/26 12:06:39.259,"87200","1007","24.2","58.2","1006","63","21.6",
05/22/26 12:06:46.123,"86900","1007","24.1","58.4","1006","63","21.6",
05/22/26 12:06:53.066,"86900","1007","24.1","58.2","1007","63","21.6",
05/22/26 12:06:59.956,"87500","1007","24.2","58","1006","63","21.6",
05/22/26 12:07:06.838,"87100","1007","24.2","58","1007","63","21.6",
05/22/26 12:07:13.762,"87400","1007","24.1","58.2","1007","63","21.6",
05/22/26 12:07:20.603,"87100","1007","24.1","57.8","1006","62","21.6",
05/22/26 12:07:27.472,"86900","1007","24.2","57.7","1007","62","21.6",
05/22/26 12:07:34.299,"87200","1007","24.2","58","1007","62","21.6",
05/22/26 12:07:41.178,"87200","1007","24.2","58.1","1007","62","21.6",
05/22/26 12:07:47.989,"87400","1007","24.1","58.2","1006","63","21.6",
05/22/26 12:07:54.804,"87500","1007","24.1","58.3","1006","63","21.6",
05/22/26 12:08:01.631,"87900","1007","24.1","58.4","1006","63","21.6",
05/22/26 12:08:08.580,"87900","1007","24.1","58.6","1006","63","21.6",
05/22/26 12:08:15.516,"87700","1007","24.1","58.7","1006","63","21.6",
05/22/26 12:08:22.373,"87500","1007","24.1","58.2","1006","62","21.6",
05/22/26 12:08:29.342,"87500","1007","24.1","58.1","1006","62","21.6",
05/22/26 12:08:36.364,"87700","1007","24.1","58.4","1006","63","21.6",
05/22/26 12:08:43.329,"87100","1007","24.1","58.4","1006","63","21.6",
05/22/26 12:08:50.225,"87200","1007","24.1","58.4","1006","63","21.6",
05/22/26 12:08:57.173,"87500","1007","24.1","58.3","1006","62","21.6",
05/22/26 12:09:04.088,"87500","1007","24.1","58","1006","62","21.6",
05/22/26 12:09:11.026,"88200","1007","24.1","58.3","1006","63","21.6",
05/22/26 12:09:17.986,"88200","1007","24.1","58.3","1007","63","21.6",
05/22/26 12:09:24.928,"87900","1007","24.1","58","1006","62","21.6",
05/22/26 12:09:31.768,"87900","1007","24.1","58.2","1006","62","21.6",
05/22/26 12:09:38.688,"88200","1007","24.1","58","1006","63","21.6",
05/22/26 12:09:45.707,"88000","1007","24.1","58.2","1006","63","21.6",
05/22/26 12:09:52.626,"88500","1007","24.1","58.1","1007","63","21.6",
05/22/26 12:09:59.516,"88700","1007","24.1","57.9","1006","62","21.6",
05/22/26 12:10:06.471,"89000","1007","24.1","58","1006","62","21.6",
05/22/26 12:10:13.490,"88500","1007","24.1","58","1006","62","21.6",
05/22/26 12:10:20.418,"88200","1007","24.2","58.1","1006","62","21.6",
05/22/26 12:10:27.394,"88500","1007","24.1","57.8","1006","62","21.6",
05/22/26 12:10:34.425,"88200","1007","24.1","57.8","1006","62","21.6",
05/22/26 12:10:41.318,"88700","1007","24.1","57.7","1006","62","21.6",
05/22/26 12:10:48.390,"88500","1007","24.2","57.7","1006","62","21.6",
05/22/26 12:10:55.422,"88700","1007","24.1","57.5","1006","62","21.6",
05/22/26 12:11:02.420,"88700","1007","24.1","57.5","1006","62","21.6",
05/22/26 12:11:09.406,"88700","1007","24.1","57.7","1006","62","21.6",
05/22/26 12:11:16.443,"88800","1007","24.1","57.6","1006","62","21.6",
05/22/26 12:11:23.438,"89500","1007","24.1","57.7","1006","62","21.6",
05/22/26 12:11:30.403,"89000","1007","24.2","57.4","1006","62","21.6",
05/22/26 12:11:37.423,"88800","1007","24.2","57.4","1006","62","21.6",
05/22/26 12:11:44.457,"89000","1007","24.2","57.5","1006","62","21.6",
05/22/26 12:11:51.404,"88700","1007","24.2","57.7","1006","62","21.6",
05/22/26 12:11:58.410,"88700","1007","24.2","57.8","1006","62","21.6",
05/22/26 12:12:05.465,"89400","1007","24.2","57.6","1006","62","21.6",
05/22/26 12:12:12.441,"89500","1007","24.2","57.7","1006","62","21.6",
05/22/26 12:12:19.543,"89400","1007","24.2","57.7","1006","62","21.6",
05/22/26 12:12:26.626,"89000","1007","24.2","57.8","1006","62","21.6",
05/22/26 12:12:33.669,"88800","1007","24.2","57.6","1006","62","21.6",
05/22/26 12:12:40.705,"88800","1007","24.2","58","1006","62","21.6",
05/22/26 12:12:47.801,"88400","1007","24.2","58","1006","62","21.6",
05/22/26 12:12:54.832,"89000","1007","24.2","57.9","1006","62","21.6",
05/22/26 12:13:01.804,"89400","1007","24.2","57.8","1006","62","21.6",
05/22/26 12:13:08.869,"89000","1007","24.2","57.7","1006","62","21.6",
05/22/26 12:13:15.971,"88700","1007","24.2","57.9","1006","62","21.6",
05/22/26 12:13:23.069,"89400","1007","24.2","58","1006","62","21.7",
05/22/26 12:13:30.119,"88800","1007","24.2","58.1","1006","62","21.6",
05/22/26 12:13:37.219,"88800","1007","24.2","58.2","1006","63","21.6",
05/22/26 12:13:44.257,"89000","1007","24.2","58.3","1006","63","21.6",
05/22/26 12:13:51.351,"89200","1007","24.2","58.2","1006","63","21.6",
05/22/26 12:13:58.407,"89700","1007","24.2","58.1","1006","63","21.6",
05/22/26 12:14:05.548,"89500","1007","24.2","58.2","1006","63","21.6",
05/22/26 12:14:12.696,"89500","1007","24.2","58.1","1006","63","21.7",
05/22/26 12:14:19.779,"89900","1007","24.2","57.7","1006","62","21.6",
05/22/26 12:14:26.874,"89700","1007","24.2","58","1006","62","21.6",
05/22/26 12:14:33.933,"90100","1007","24.2","58.2","1006","62","21.6",
05/22/26 12:14:40.925,"89500","1007","24.2","58.4","1006","63","21.7",
05/22/26 12:14:48.045,"89400","1007","24.2","58.3","1006","63","21.7",
05/22/26 12:14:55.197,"89500","1007","24.2","57.8","1006","62","21.7",
05/22/26 12:15:02.310,"89500","1007","24.2","57.9","1006","62","21.6",
05/22/26 12:15:09.382,"90200","1007","24.2","58.1","1006","62","21.7",
05/22/26 12:15:16.484,"90200","1007","24.2","58.1","1006","62","21.7",
05/22/26 12:15:23.549,"89700","1007","24.2","58.2","1006","62","21.7",
05/22/26 12:15:30.658,"89400","1007","24.2","58.2","1006","63","21.6",
05/22/26 12:15:37.850,"89200","1007","24.2","58.4","1006","63","21.6",
05/22/26 12:15:44.929,"89900","1007","24.2","58.4","1006","63","21.6",
05/22/26 12:15:52.019,"89900","1007","24.2","58.3","1006","63","21.6",
05/22/26 12:15:59.203,"89700","1007","24.2","58.3","1006","63","21.7",
05/22/26 12:16:06.357,"89400","1007","24.2","58.3","1006","63","21.6",
05/22/26 12:16:13.503,"89500","1007","24.2","58.2","1006","63","21.7",
05/22/26 12:16:20.584,"89000","1007","24.2","58.2","1006","63","21.7",
05/22/26 12:16:27.724,"89500","1007","24.2","58.3","1006","63","21.6",
05/22/26 12:16:34.962,"89900","1007","24.2","58.3","1006","63","21.7",
05/22/26 12:16:42.126,"89700","1007","24.2","58.3","1006","63","21.6",
05/22/26 12:16:49.278,"89700","1007","24.2","58","1006","63","21.6",
05/22/26 12:16:56.473,"89900","1007","24.2","58.2","1006","63","21.6",
05/22/26 12:17:03.637,"89500","1007","24.2","58.3","1006","63","21.6",
05/22/26 12:17:10.831,"90200","1007","24.2","58","1006","63","21.6",
05/22/26 12:17:18.018,"90600","1007","24.1","57.9","1006","62","21.6",
05/22/26 12:17:25.172,"90900","1007","24.2","57.9","1006","62","21.6",
05/22/26 12:17:32.374,"90400","1007","24.2","57.7","1006","62","21.6",
05/22/26 12:17:39.548,"89900","1007","24.2","57.7","1006","62","21.6",
05/22/26 12:17:46.755,"90600","1007","24.2","57.6","1006","62","21.6",
05/22/26 12:17:54.068,"89500","1007","24.2","57.6","1006","62","21.6",
05/22/26 12:18:01.179,"90200","1007","24.2","57.6","1006","62","21.6",
05/22/26 12:18:08.338,"90100","1007","24.2","57.8","1006","62","21.6",
05/22/26 12:18:15.573,"90200","1007","24.2","57.8","1006","62","21.6",
05/22/26 12:18:22.748,"91100","1007","24.2","57.8","1006","62","21.7",
05/22/26 12:18:29.964,"91300","1007","24.2","58.1","1006","62","21.6",
05/22/26 12:18:37.130,"91100","1007","24.2","58.1","1006","62","21.6",
05/22/26 12:18:44.350,"90400","1007","24.2","58.3","1006","63","21.6",
05/22/26 12:18:51.544,"90600","1007","24.2","58.3","1006","63","21.6",
05/22/26 12:18:58.737,"91300","1007","24.2","57.9","1006","62","21.6",
05/22/26 12:19:05.961,"90600","1007","24.2","57.8","1006","62","21.6",
05/22/26 12:19:13.160,"90600","1007","24.2","58","1006","62","21.6",
05/22/26 12:19:20.398,"90600","1007","24.2","58.2","1006","63","21.7",
05/22/26 12:19:27.645,"90800","1007","24.2","58.2","1006","63","21.6",
05/22/26 12:19:34.781,"91100","1007","24.2","58.2","1006","63","21.6",
05/22/26 12:19:42.087,"90600","1007","24.2","58.2","1006","63","21.7",
05/22/26 12:19:49.308,"91100","1007","24.2","57.9","1006","62","21.6",
05/22/26 12:19:56.611,"91100","1007","24.2","57.9","1006","62","21.7",
05/22/26 12:20:03.779,"91600","1007","24.2","58","1006","62","21.7",
05/22/26 12:20:11.076,"91500","1007","24.2","58.2","1006","63","21.6",
05/22/26 12:20:18.398,"91500","1007","24.2","58.2","1006","63","21.7",
05/22/26 12:20:25.660,"91500","1007","24.2","58.2","1006","63","21.6",
05/22/26 12:20:32.846,"91600","1007","24.2","58.2","1006","63","21.7",
05/22/26 12:20:40.203,"91100","1007","24.2","58.2","1006","63","21.6",
05/22/26 12:20:47.434,"90900","1007","24.2","58","1006","63","21.6",
05/22/26 12:20:54.720,"90400","1007","24.2","57.9","1006","62","21.7",
05/22/26 12:21:02.017,"91600","1007","24.2","57.8","1006","62","21.7",
05/22/26 12:21:09.266,"92000","1007","24.2","57.9","1006","62","21.6",
05/22/26 12:21:16.661,"91600","1007","24.2","57.9","1006","62","21.6",
05/22/26 12:21:23.971,"91600","1007","24.2","57.7","1006","62","21.6",
05/22/26 12:21:31.318,"91800","1007","24.2","57.5","1006","62","21.7",
05/22/26 12:21:38.566,"91600","1007","24.2","57.6","1006","62","21.7",
05/22/26 12:21:45.884,"91800","1007","24.2","57.7","1006","62","21.7",
05/22/26 12:21:53.156,"91600","1007","24.2","57.5","1006","62","21.6",
05/22/26 12:22:00.427,"91500","1007","24.2","57.6","1006","62","21.7",
05/22/26 12:22:07.773,"92000","1007","24.2","57.7","1006","62","21.7",
05/22/26 12:22:15.074,"91300","1007","24.2","58","1006","62","21.6",
05/22/26 12:22:22.370,"91100","1007","24.2","57.9","1006","62","21.7",
05/22/26 12:22:29.709,"91600","1007","24.2","57.7","1006","62","21.7",
05/22/26 12:22:37.009,"91600","1007","24.2","57.7","1006","62","21.6",
05/22/26 12:22:44.307,"91800","1007","24.2","57.7","1006","62","21.7",
05/22/26 12:22:51.708,"91600","1007","24.2","57.7","1006","62","21.7",
05/22/26 12:22:59.121,"92200","1007","24.2","57.8","1006","62","21.6",
05/22/26 12:23:06.442,"91500","1007","24.2","57.7","1006","62","21.6",
05/22/26 12:23:13.829,"91500","1007","24.2","57.8","1006","62","21.6",
05/22/26 12:23:21.248,"91800","1007","24.2","57.7","1006","62","21.7",
05/22/26 12:23:28.565,"91500","1007","24.2","57.7","1006","62","21.7",
05/22/26 12:23:35.916,"91500","1007","24.2","57.8","1006","62","21.7",
05/22/26 12:23:43.281,"91300","1007","24.2","57.9","1006","62","21.7",
05/22/26 12:23:50.613,"91300","1007","24.2","58.1","1006","62","21.7",
05/22/26 12:23:58.005,"91600","1007","24.2","58.1","1006","62","21.7",
05/22/26 12:24:05.291,"91500","1007","24.2","58.2","1006","62","21.7",
05/22/26 12:24:12.690,"91800","1007","24.2","58","1006","62","21.7",
05/22/26 12:24:20.028,"92000","1007","24.2","58.2","1006","62","21.7",
05/22/26 12:24:27.358,"91500","1007","24.2","58.1","1006","62","21.7",
05/22/26 12:24:34.646,"90900","1007","24.2","58.2","1006","62","21.7",
05/22/26 12:24:42.047,"91800","1007","24.2","58.2","1006","63","21.7",
05/22/26 12:24:49.391,"92000","1007","24.2","58.2","1006","63","21.7",
05/22/26 12:24:56.717,"91800","1007","24.2","58","1006","62","21.7",
05/22/26 12:25:04.015,"92200","1007","24.2","57.8","1006","62","21.7",
05/22/26 12:25:11.367,"92200","1007","24.2","57.9","1006","62","21.7",
05/22/26 12:25:18.674,"92000","1007","24.2","58.1","1006","62","21.7",
05/22/26 12:25:26.142,"92700","1007","24.2","58","1006","62","21.7",
05/22/26 12:25:33.610,"92500","1007","24.2","58","1006","62","21.7",
05/22/26 12:25:41.043,"92200","1007","24.2","58.2","1006","62","21.7",
05/22/26 12:25:48.378,"92000","1007","24.2","58.2","1006","62","21.7",
05/22/26 12:25:55.723,"92000","1007","24.2","58.1","1006","62","21.7",
05/22/26 12:26:03.048,"92300","1007","24.2","58","1006","62","21.7",
05/22/26 12:26:10.384,"92500","1007","24.2","58","1006","62","21.7",
05/22/26 12:26:17.827,"92300","1007","24.2","58.1","1006","63","21.6",
05/22/26 12:26:25.272,"92500","1007","24.2","58.3","1006","63","21.7",
05/22/26 12:26:32.611,"92900","1007","24.2","58.3","1006","63","21.7",
05/22/26 12:26:40.068,"92700","1007","24.2","58","1006","62","21.7",
05/22/26 12:26:47.520,"91100","1007","24.2","58.2","1006","63","21.7",
05/22/26 12:26:54.871,"91600","1007","24.2","58","1006","62","21.7",
05/22/26 12:27:02.193,"92000","1007","24.2","58.1","1006","63","21.7",
05/22/26 12:27:09.688,"92000","1007","24.2","58.3","1006","63","21.7",
05/22/26 12:27:17.176,"92200","1007","24.2","58","1006","63","21.7",
05/22/26 12:27:24.654,"92500","1007","24.2","57.8","1006","62","21.7",
05/22/26 12:27:32.091,"92300","1007","24.2","57.8","1006","62","21.7",
05/22/26 12:27:39.558,"92500","1007","24.2","57.8","1006","62","21.7",
05/22/26 12:27:47.014,"92700","1007","24.2","57.9","1006","62","21.7",
05/22/26 12:27:54.506,"92300","1007","24.2","57.9","1006","62","21.7",
05/22/26 12:28:01.964,"92900","1007","24.2","57.8","1006","62","21.7",
05/22/26 12:28:09.427,"92000","1007","24.2","57.8","1006","62","21.7",
05/22/26 12:28:16.849,"92300","1007","24.2","57.9","1006","62","21.7",
05/22/26 12:28:24.292,"92500","1007","24.2","57.9","1006","62","21.7",
05/22/26 12:28:31.744,"92700","1007","24.2","57.9","1006","62","21.7",
05/22/26 12:28:39.220,"92300","1007","24.2","58","1006","62","21.7",
05/22/26 12:28:46.699,"92300","1007","24.2","58.1","1006","62","21.7",
05/22/26 12:28:54.123,"92300","1007","24.2","57.7","1006","62","21.7",
05/22/26 12:29:01.631,"92700","1007","24.2","57.8","1006","62","21.7",
05/22/26 12:29:09.172,"92700","1007","24.2","57.8","1006","62","21.7",
05/22/26 12:29:16.712,"93200","1007","24.2","57.8","1006","62","21.7",
05/22/26 12:29:24.274,"92700","1007","24.2","57.7","1006","62","21.7",
05/22/26 12:29:31.785,"92900","1007","24.2","57.8","1006","62","21.7",
05/22/26 12:29:39.340,"93400","1007","24.2","57.9","1006","62","21.7",
05/22/26 12:29:46.796,"93000","1007","24.2","57.7","1006","62","21.7",
05/22/26 12:29:54.284,"93200","1007","24.2","57.9","1006","62","21.7",
05/22/26 12:30:01.725,"92900","1007","24.2","57.6","1006","62","21.7",
05/22/26 12:30:09.247,"93200","1007","24.2","57.7","1006","62","21.7",
05/22/26 12:30:16.737,"93000","1007","24.2","57.8","1006","62","21.7",
05/22/26 12:30:24.201,"92900","1007","24.2","58","1006","62","21.7",
05/22/26 12:30:31.754,"93700","1007","24.2","58","1006","62","21.7",
05/22/26 12:30:39.275,"93600","1007","24.3","57.9","1006","63","21.7",
05/22/26 12:30:46.832,"93200","1007","24.3","57.9","1006","62","21.7",
05/22/26 12:30:54.300,"93700","1007","24.3","57.9","1006","63","21.7",
05/22/26 12:31:01.799,"93200","1007","24.3","57.8","1006","62","21.7",
05/22/26 12:31:09.327,"93200","1007","24.3","57.7","1006","62","21.7",
05/22/26 12:31:16.800,"93600","1007","24.3","57.8","1006","62","21.7",
05/22/26 12:31:24.350,"93400","1007","24.3","57.8","1006","62","21.7",
05/22/26 12:31:31.822,"93600","1007","24.3","57.8","1006","62","21.7",
05/22/26 12:31:39.259,"93900","1007","24.3","57.7","1006","62","21.7",
05/22/26 12:31:46.705,"93600","1007","24.3","57.8","1006","62","21.7",
05/22/26 12:31:54.305,"93600","1007","24.3","57.6","1006","62","21.7",
05/22/26 12:32:01.775,"93400","1007","24.3","57.7","1006","62","21.7",
05/22/26 12:32:09.368,"93200","1007","24.3","57.8","1006","62","21.7",
05/22/26 12:32:16.926,"93600","1007","24.3","57.6","1006","62","21.7",
05/22/26 12:32:24.564,"92900","1007","24.3","57.5","1006","62","21.7",
05/22/26 12:32:32.200,"93600","1007","24.3","57.5","1006","62","21.7",
05/22/26 12:32:39.812,"93700","1007","24.3","57.4","1006","62","21.7",
05/22/26 12:32:47.506,"93200","1007","24.3","57.3","1006","62","21.7",
05/22/26 12:32:55.152,"94100","1007","24.3","57.3","1006","62","21.7",
05/22/26 12:33:02.676,"94100","1007","24.3","57.1","1006","62","21.7",
05/22/26 12:33:10.323,"93400","1007","24.3","57.3","1006","62","21.7",
05/22/26 12:33:17.933,"93200","1007","24.3","57.4","1006","62","21.7",
05/22/26 12:33:25.594,"93200","1007","24.3","57.7","1006","62","21.7",
05/22/26 12:33:33.210,"93700","1007","24.3","57.3","1006","62","21.7",
05/22/26 12:33:40.887,"94100","1007","24.3","57.3","1006","62","21.7",
05/22/26 12:33:48.512,"93700","1007","24.3","57.2","1006","62","21.7",
05/22/26 12:33:56.109,"93600","1007","24.3","57.1","1006","62","21.7",
05/22/26 12:34:03.775,"92900","1007","24.3","57.1","1006","62","21.7",
05/22/26 12:34:11.385,"93600","1007","24.3","57.1","1006","62","21.7",
05/22/26 12:34:19.039,"93700","1007","24.3","57.1","1006","62","21.7",
05/22/26 12:34:26.573,"93600","1007","24.3","57.1","1006","62","21.7",
05/22/26 12:34:34.257,"93600","1007","24.3","57.2","1006","62","21.7",
05/22/26 12:34:41.886,"93600","1007","24.3","57.2","1006","62","21.7",
05/22/26 12:34:49.497,"93900","1007","24.3","57.3","1006","62","21.7",
05/22/26 12:34:57.118,"94100","1007","24.3","57.5","1006","62","21.7",
05/22/26 12:35:04.717,"93700","1007","24.3","57.6","1006","62","21.7",
05/22/26 12:35:12.394,"94100","1007","24.3","57.5","1006","62","21.7",
05/22/26 12:35:20.085,"94100","1007","24.3","57.6","1006","62","21.7",
05/22/26 12:35:27.783,"93600","1007","24.3","57.6","1006","62","21.7",
05/22/26 12:35:35.483,"92900","1007","24.3","57.7","1006","62","21.7",
05/22/26 12:35:43.154,"93000","1007","24.3","57.8","1006","62","21.7",
05/22/26 12:35:50.761,"94400","1007","24.3","57.7","1006","62","21.7",
05/22/26 12:35:58.427,"94400","1007","24.3","57.9","1006","62","21.7",
05/22/26 12:36:06.131,"93600","1007","24.3","57.8","1006","62","21.8",
05/22/26 12:36:13.840,"93600","1007","24.3","58","1006","62","21.7",
05/22/26 12:36:21.618,"94100","1007","24.3","57.9","1006","62","21.7",
05/22/26 12:36:29.356,"93900","1007","24.3","57.6","1006","62","21.7",
05/22/26 12:36:37.144,"93400","1007","24.3","57.2","1006","62","21.8",
05/22/26 12:36:44.854,"93000","1007","24.3","57.3","1006","62","21.8",
05/22/26 12:36:52.527,"93600","1007","24.3","57.3","1006","62","21.7",
05/22/26 12:37:00.200,"93400","1007","24.3","57.5","1006","62","21.8",
05/22/26 12:37:07.837,"93900","1007","24.3","57.6","1006","62","21.8",
05/22/26 12:37:15.553,"93600","1007","24.3","57.7","1006","62","21.8",
05/22/26 12:37:23.235,"93600","1007","24.3","57.7","1006","62","21.8",
05/22/26 12:37:31.005,"93700","1007","24.3","57.7","1006","62","21.8",
05/22/26 12:37:38.757,"93900","1007","24.3","57.5","1006","62","21.8",
05/22/26 12:37:46.562,"94100","1007","24.3","57.3","1006","62","21.8",
05/22/26 12:37:54.309,"93900","1007","24.3","57.4","1006","62","21.8",
05/22/26 12:38:02.121,"93600","1007","24.3","57.5","1006","62","21.8",
05/22/26 12:38:09.866,"93600","1007","24.3","57.6","1006","62","21.8",
05/22/26 12:38:17.695,"93700","1007","24.3","57.7","1006","62","21.8",
05/22/26 12:38:25.468,"93800","1007","24.3","57.6","1006","62","21.8",
05/22/26 12:38:33.244,"94100","1007","24.3","57.6","1006","62","21.8",
05/22/26 12:38:41.026,"94100","1007","24.3","57.6","1006","62","21.8",
05/22/26 12:38:48.760,"93600","1007","24.3","57.4","1006","62","21.8",
05/22/26 12:38:56.523,"93500","1007","24.3","57.4","1006","62","21.8",
05/22/26 12:39:04.219,"93500","1007","24.3","57.8","1006","62","21.8",
05/22/26 12:39:12.028,"93300","1007","24.3","57.8","1006","62","21.8",
05/22/26 12:39:19.767,"93600","1007","24.3","57.6","1006","62","21.8",
05/22/26 12:39:27.577,"93800","1007","24.3","57.3","1006","62","21.8",
05/22/26 12:39:35.416,"94200","1007","24.3","57.4","1006","62","21.8",
05/22/26 12:39:43.179,"94300","1007","24.3","57.6","1006","62","21.8",
05/22/26 12:39:50.953,"94000","1007","24.3","57.4","1006","62","21.8",
05/22/26 12:39:58.765,"94300","1007","24.3","57.3","1006","62","21.8",
05/22/26 12:40:06.631,"94700","1007","24.3","57.1","1006","62","21.8",
05/22/26 12:40:14.445,"94200","1007","24.3","57.4","1006","62","21.7",
05/22/26 12:40:22.144,"94000","1007","24.3","57.5","1006","62","21.7",
05/22/26 12:40:29.941,"94000","1007","24.3","57.5","1006","62","21.7",
05/22/26 12:40:37.761,"93300","1007","24.3","57.5","1006","62","21.7",
05/22/26 12:40:45.557,"94000","1007","24.3","57.4","1006","62","21.7",
05/22/26 12:40:53.280,"94500","1007","24.3","57.5","1006","62","21.7",
05/22/26 12:41:01.010,"94000","1007","24.3","57.7","1006","62","21.7",
05/22/26 12:41:08.795,"94000","1007","24.3","57.7","1006","62","21.7",
05/22/26 12:41:16.628,"94200","1007","24.3","57.6","1006","62","21.7",
05/22/26 12:41:24.445,"93800","1007","24.3","57.7","1006","62","21.7",
05/22/26 12:41:32.226,"93800","1007","24.3","57.6","1006","62","21.7",
05/22/26 12:41:40.162,"94500","1007","24.3","57.4","1006","62","21.7",
05/22/26 12:41:47.937,"94300","1007","24.3","57.4","1006","62","21.8",
05/22/26 12:41:55.752,"94500","1007","24.3","57.4","1006","62","21.7",
05/22/26 12:42:03.710,"94300","1007","24.3","57.5","1006","62","21.8",
05/22/26 12:42:11.619,"93800","1007","24.3","57.6","1006","62","21.7",
05/22/26 12:42:19.504,"94200","1007","24.3","57.8","1006","62","21.7",
05/22/26 12:42:27.394,"93800","1007","24.3","57.8","1006","62","21.7",
05/22/26 12:42:35.301,"93300","1007","24.3","57.8","1006","62","21.7",
05/22/26 12:42:43.213,"93800","1007","24.3","57.7","1006","62","21.8",
05/22/26 12:42:51.197,"94000","1007","24.3","57.5","1006","62","21.7",
05/22/26 12:42:59.073,"94300","1007","24.3","57.4","1006","62","21.7",
05/22/26 12:43:06.908,"94000","1007","24.2","57.3","1006","62","21.7",
05/22/26 12:43:14.806,"94300","1007","24.2","57.2","1006","62","21.7",
05/22/26 12:43:22.624,"94500","1007","24.3","57.3","1006","62","21.7",
05/22/26 12:43:30.533,"94900","1007","24.3","57.3","1006","62","21.8",
05/22/26 12:43:38.470,"94900","1007","24.3","57.5","1006","62","21.7",
05/22/26 12:43:46.383,"94900","1007","24.3","57.2","1006","62","21.7",
05/22/26 12:43:54.286,"94700","1007","24.3","57.2","1006","62","21.8",
05/22/26 12:44:02.218,"93600","1007","24.3","57.5","1006","62","21.7",
05/22/26 12:44:10.134,"93800","1007","24.3","57.7","1006","62","21.7",
05/22/26 12:44:18.091,"94000","1007","24.3","57.7","1006","62","21.8",
05/22/26 12:44:25.990,"95000","1007","24.3","57.7","1006","62","21.7",
05/22/26 12:44:33.871,"94700","1007","24.3","57.7","1006","62","21.7",
05/22/26 12:44:41.797,"94900","1007","24.3","57.6","1006","62","21.7",
05/22/26 12:44:49.770,"94700","1007","24.3","57.5","1006","62","21.7",
05/22/26 12:44:57.656,"94900","1007","24.3","57.5","1006","62","21.7",
05/22/26 12:45:05.659,"95000","1007","24.3","57.5","1006","62","21.7",
05/22/26 12:45:13.639,"94500","1007","24.3","57.2","1006","62","21.7",
05/22/26 12:45:21.630,"94500","1007","24.3","57.1","1006","62","21.7",
05/22/26 12:45:29.520,"94700","1007","24.3","57.2","1006","62","21.7",
05/22/26 12:45:37.533,"95200","1007","24.3","57.3","1006","62","21.7",
05/22/26 12:45:45.482,"95000","1007","24.3","57.2","1006","62","21.7",
05/22/26 12:45:53.587,"94700","1007","24.3","57.3","1006","62","21.7",
05/22/26 12:46:01.564,"94300","1007","24.3","57.3","1006","62","21.7",
05/22/26 12:46:09.557,"94300","1007","24.3","57.3","1006","62","21.7",
05/22/26 12:46:17.583,"94700","1007","24.3","57.3","1006","62","21.7",
05/22/26 12:46:25.655,"94900","1007","24.3","57","1006","62","21.7",
05/22/26 12:46:33.679,"93800","1007","24.3","57.1","1006","62","21.7",
05/22/26 12:46:41.684,"94300","1007","24.3","57.1","1006","62","21.7",
05/22/26 12:46:49.756,"94700","1007","24.3","57.1","1006","62","21.7",
05/22/26 12:46:57.857,"94500","1007","24.3","57.2","1006","62","21.7",
05/22/26 12:47:05.908,"94500","1007","24.3","57.3","1006","62","21.7",
05/22/26 12:47:13.921,"95000","1007","24.3","57.2","1006","62","21.7",
05/22/26 12:47:21.869,"94700","1007","24.3","57.3","1006","62","21.7",
05/22/26 12:47:29.841,"94900","1007","24.3","57.4","1006","62","21.7",
05/22/26 12:47:37.788,"94700","1007","24.3","57.3","1006","62","21.7",
05/22/26 12:47:45.898,"94700","1007","24.3","57.3","1006","62","21.7",
05/22/26 12:47:53.964,"95400","1007","24.3","57.4","1006","62","21.7",
05/22/26 12:48:01.971,"95000","1007","24.3","57.4","1006","62","21.7",
05/22/26 12:48:10.087,"95000","1007","24.3","57.3","1006","62","21.7",
05/22/26 12:48:18.144,"94000","1007","24.3","57.3","1006","62","21.7",
05/22/26 12:48:26.268,"94900","1007","24.3","56.9","1006","62","21.7",
05/22/26 12:48:34.307,"95200","1007","24.3","57.1","1006","62","21.7",
05/22/26 12:48:42.307,"94300","1007","24.3","57.2","1006","62","21.7",
05/22/26 12:48:50.345,"94700","1007","24.3","57.1","1006","62","21.7",
05/22/26 12:48:58.406,"95200","1007","24.3","57.3","1006","62","21.7",
05/22/26 12:49:06.574,"94500","1007","24.3","57","1006","62","21.7",
05/22/26 12:49:14.671,"94900","1007","24.3","57","1006","62","21.7",
05/22/26 12:49:22.699,"94900","1007","24.3","57.1","1006","62","21.7",
05/22/26 12:49:30.789,"94700","1007","24.3","57.2","1006","62","21.7",
05/22/26 12:49:38.840,"94300","1007","24.3","57.3","1006","62","21.7",
05/22/26 12:49:47.039,"94500","1007","24.3","57.5","1006","62","21.7",
05/22/26 12:49:55.225,"95000","1007","24.3","57.4","1006","62","21.7",
05/22/26 12:50:03.444,"95600","1007","24.3","57.5","1006","62","21.7",
05/22/26 12:50:11.536,"95200","1007","24.3","57.5","1006","62","21.7",
05/22/26 12:50:19.691,"94300","1007","24.3","57.6","1006","62","21.8",
05/22/26 12:50:27.792,"95200","1007","24.3","57.6","1006","62","21.7",
05/22/26 12:50:35.998,"95600","1007","24.3","57.2","1006","62","21.7",
05/22/26 12:50:44.169,"95000","1007","24.3","57.1","1006","62","21.7",
05/22/26 12:50:52.280,"95600","1007","24.3","56.8","1006","62","21.7",
05/22/26 12:51:00.436,"95400","1007","24.3","56.8","1006","61","21.7",
05/22/26 12:51:08.560,"95600","1007","24.3","56.7","1006","61","21.7",
05/22/26 12:51:16.761,"93800","1007","24.3","56.6","1006","61","21.7",
05/22/26 12:51:24.884,"92400","1007","24.3","56.7","1006","61","21.7",
05/22/26 12:51:33.158,"93100","1007","24.3","57","1006","61","21.7",
05/22/26 12:51:41.317,"93600","1007","24.3","56.8","1006","61","21.7",
05/22/26 12:51:49.483,"94000","1007","24.2","57.4","1006","62","21.7",
05/22/26 12:51:57.641,"95000","1007","24.2","57.3","1006","62","21.7",
05/22/26 12:52:05.811,"96100","1007","24.2","57.5","1006","62","21.7",
05/22/26 12:52:14.011,"96500","1007","24.2","57.7","1006","62","21.7",
05/22/26 12:52:22.233,"96300","1007","24.2","57.7","1006","62","21.7",
05/22/26 12:52:30.398,"95800","1007","24.2","58.1","1006","62","21.7",
05/22/26 12:52:38.653,"95600","1007","24.2","57.7","1006","62","21.7",
05/22/26 12:52:46.910,"96000","1007","24.2","57.8","1006","62","21.7",
05/22/26 12:52:55.096,"95800","1007","24.3","57.6","1006","62","21.7",
05/22/26 12:53:03.280,"96000","1007","24.2","57.2","1006","62","21.7",
05/22/26 12:53:11.446,"96000","1007","24.2","57.1","1006","62","21.7",
05/22/26 12:53:19.684,"95200","1007","24.3","57.2","1006","62","21.8",
05/22/26 12:53:27.944,"95000","1007","24.3","57","1006","62","21.7",
05/22/26 12:53:35.992,"95200","1007","24.2","57.1","1006","62","21.7",
05/22/26 12:53:44.181,"95200","1007","24.3","57.5","1006","62","21.8",
05/22/26 12:53:52.300,"95000","1007","24.3","57.6","1006","62","21.8",
05/22/26 12:54:00.565,"95000","1007","24.3","57.5","1006","62","21.7",
05/22/26 12:54:08.765,"95200","1007","24.3","57.6","1006","62","21.8",
05/22/26 12:54:17.050,"95600","1007","24.3","57.5","1006","62","21.8",
05/22/26 12:54:25.254,"95000","1007","24.3","57.6","1006","62","21.8",
05/22/26 12:54:33.576,"95000","1007","24.3","57.3","1006","62","21.8",
05/22/26 12:54:41.828,"94900","1007","24.3","57.2","1006","62","21.8",
05/22/26 12:54:50.050,"95000","1007","24.3","57.2","1006","62","21.8",
05/22/26 12:54:58.324,"95000","1007","24.3","57.4","1006","62","21.8",
05/22/26 12:55:06.503,"94900","1007","24.3","57.4","1006","62","21.8",
05/22/26 12:55:14.748,"95600","1007","24.3","57.2","1006","62","21.7",
05/22/26 12:55:23.022,"95800","1007","24.3","57.1","1006","62","21.8",
05/22/26 12:55:31.260,"95200","1007","24.3","57","1006","62","21.8",
05/22/26 12:55:39.574,"95200","1007","24.3","57.1","1006","62","21.8",
05/22/26 12:55:47.748,"95200","1007","24.3","57.1","1006","62","21.8",
05/22/26 12:55:56.031,"94700","1007","24.3","57.1","1006","62","21.8",
05/22/26 12:56:04.226,"95000","1007","24.3","57","1006","62","21.8",
05/22/26 12:56:12.503,"94900","1007","24.3","57.3","1006","62","21.8",
05/22/26 12:56:20.794,"95200","1007","24.3","57.4","1006","62","21.8",
05/22/26 12:56:28.998,"95000","1007","24.3","57.8","1006","62","21.8",
05/22/26 12:56:37.254,"95600","1007","24.3","57.8","1006","62","21.8",
05/22/26 12:56:45.816,"95400","1007","24.3","57.6","1006","62","21.8",
05/22/26 12:56:54.792,"95200","1007","24.3","58","1006","62","21.8",
05/22/26 12:57:03.622,"95800","1007","24.3","57.9","1006","62","21.8",
05/22/26 12:57:11.892,"95000","1007","24.3","58","1006","62","21.8",
05/22/26 12:57:20.135,"95400","1007","24.3","58.1","1006","62","21.8",
05/22/26 12:57:28.420,"95600","1007","24.3","58","1006","62","21.8",
05/22/26 12:57:36.824,"95000","1007","24.3","57.8","1006","62","21.8",
05/22/26 12:57:45.124,"94700","1007","24.3","57.8","1006","62","21.8",
05/22/26 12:57:53.335,"95000","1007","24.3","57.7","1006","62","21.8",
05/22/26 12:58:01.636,"95000","1007","24.3","57.8","1006","62","21.8",
05/22/26 12:58:09.973,"95000","1007","24.3","57.5","1006","62","21.8",
05/22/26 12:58:18.763,"95600","1007","24.3","57.4","1006","62","21.8",
05/22/26 12:58:27.003,"94900","1007","24.3","57.3","1006","62","21.8",
05/22/26 12:58:35.309,"95400","1007","24.3","57.1","1006","62","21.8",
05/22/26 12:58:43.617,"95000","1007","24.3","56.9","1006","62","21.8",
05/22/26 12:58:51.858,"94900","1007","24.3","57","1006","62","21.8",
05/22/26 12:59:00.119,"95600","1007","24.3","57.5","1006","62","21.8",
05/22/26 12:59:08.485,"95400","1007","24.3","57.5","1006","62","21.8",
05/22/26 12:59:16.890,"95200","1007","24.3","57.3","1006","62","21.8",
05/22/26 12:59:25.211,"95600","1007","24.3","57.4","1006","62","21.8",
05/22/26 12:59:33.502,"95000","1007","24.3","57.3","1006","62","21.8",
05/22/26 12:59:41.872,"96100","1007","24.3","57","1006","62","21.8",
05/22/26 12:59:50.220,"96100","1007","24.3","57.2","1006","62","21.8",
05/22/26 12:59:58.628,"95800","1007","24.3","57.2","1006","62","21.8",
05/22/26 13:00:07.069,"95000","1007","24.3","57.3","1006","62","21.8",
05/22/26 13:00:15.419,"94900","1007","24.3","57.1","1006","62","21.8",
05/22/26 13:00:23.775,"95000","1007","24.3","57.3","1006","62","21.8",
05/22/26 13:00:32.166,"95000","1007","24.3","57.3","1006","62","21.8",
05/22/26 13:00:40.540,"96100","1007","24.3","57.4","1006","62","21.8",
05/22/26 13:00:48.882,"96000","1007","24.3","57.4","1006","62","21.8",
05/22/26 13:00:57.247,"95800","1007","24.3","57.4","1006","62","21.8",
05/22/26 13:01:05.529,"95800","1007","24.3","57.2","1006","62","21.8",
05/22/26 13:01:13.924,"95400","1007","24.3","57.1","1006","62","21.8",
05/22/26 13:01:22.299,"95400","1007","24.3","57.2","1006","62","21.8",
05/22/26 13:01:30.637,"95000","1007","24.3","57.5","1006","62","21.8",
05/22/26 13:01:39.036,"95200","1007","24.3","57.7","1006","62","21.8",
05/22/26 13:01:47.421,"95800","1007","24.3","57.9","1006","62","21.8",
05/22/26 13:01:55.794,"95600","1007","24.3","57.9","1006","62","21.8",
05/22/26 13:02:04.217,"95600","1007","24.3","57.6","1006","62","21.8",
05/22/26 13:02:12.687,"96000","1007","24.3","57.6","1006","62","21.8",
05/22/26 13:02:21.123,"96000","1007","24.3","57.8","1006","62","21.8",
05/22/26 13:02:29.541,"96100","1007","24.3","58.3","1006","62","21.8",
05/22/26 13:02:38.021,"96300","1007","24.3","58.4","1006","62","21.8",
05/22/26 13:02:46.483,"95800","1007","24.3","58.3","1006","62","21.8",
05/22/26 13:02:54.981,"96000","1007","24.3","58.1","1006","62","21.8",
05/22/26 13:03:03.522,"95600","1007","24.3","58","1006","62","21.8",
05/22/26 13:03:11.965,"95800","1007","24.3","57.9","1006","62","21.8",
05/22/26 13:03:20.260,"95600","1007","24.3","57.5","1006","62","21.8",
05/22/26 13:03:28.733,"96100","1007","24.3","57.4","1006","62","21.8",
05/22/26 13:03:37.163,"96300","1007","24.3","57.5","1006","62","21.8",
05/22/26 13:03:45.620,"96100","1007","24.3","57.4","1006","62","21.8",
05/22/26 13:03:54.049,"96100","1007","24.3","57.6","1006","62","21.8",
05/22/26 13:04:02.514,"95400","1007","24.3","57.8","1006","62","21.8",
05/22/26 13:04:10.942,"95600","1007","24.3","57.8","1006","62","21.8",
05/22/26 13:04:19.419,"96500","1007","24.3","57.8","1006","62","21.8",
05/22/26 13:04:27.904,"96100","1007","24.3","57.8","1006","62","21.8",
05/22/26 13:04:36.383,"95800","1007","24.3","57.6","1006","62","21.8",
05/22/26 13:04:44.951,"96100","1007","24.3","57.5","1006","62","21.8",
05/22/26 13:04:53.400,"95200","1007","24.3","57.8","1006","62","21.8",
05/22/26 13:05:01.902,"96500","1007","24.3","57.6","1006","62","21.8",
05/22/26 13:05:10.401,"96100","1007","24.3","57.6","1006","62","21.8",
05/22/26 13:05:18.936,"96100","1007","24.3","57.8","1006","62","21.8",
05/22/26 13:05:27.499,"95800","1007","24.3","57.9","1006","62","21.8",
05/22/26 13:05:36.067,"96300","1007","24.4","57.7","1006","62","21.8",
05/22/26 13:05:44.668,"96300","1006","24.3","57.8","1006","62","21.8",
05/22/26 13:05:53.273,"96000","1007","24.3","57.8","1006","62","21.8",
05/22/26 13:06:01.825,"95800","1007","24.3","57.6","1006","62","21.8",
05/22/26 13:06:10.435,"96500","1007","24.4","57.6","1006","62","21.8",
05/22/26 13:06:19.044,"96300","1006","24.4","57.6","1006","62","21.8",
05/22/26 13:06:27.571,"96700","1007","24.4","57.5","1006","62","21.8",
05/22/26 13:06:36.171,"97000","1007","24.3","57.5","1006","62","21.8",
05/22/26 13:06:44.732,"96300","1007","24.3","57.6","1006","62","21.8",
05/22/26 13:06:53.380,"96100","1007","24.3","57.8","1006","62","21.8",
05/22/26 13:07:01.990,"96500","1007","24.3","57.8","1006","62","21.8",
05/22/26 13:07:10.635,"96500","1007","24.3","57.6","1006","62","21.8",
05/22/26 13:07:19.147,"96300","1007","24.3","57.9","1006","62","21.8",
05/22/26 13:07:27.724,"95800","1007","24.3","58","1006","62","21.8",
05/22/26 13:07:36.415,"95200","1007","24.3","58","1006","62","21.8",
05/22/26 13:07:45.008,"95600","1006","24.3","58","1006","62","21.8",
05/22/26 13:07:53.544,"95600","1007","24.3","58","1006","62","21.8",
05/22/26 13:08:02.133,"96300","1007","24.3","58","1006","62","21.8",
05/22/26 13:08:11.243,"96300","1007","24.3","58","1006","62","21.8",
05/22/26 13:08:20.684,"96500","1007","24.3","58.1","1006","62","21.8",
05/22/26 13:08:30.034,"96500","1007","24.3","58","1006","62","21.8",
05/22/26 13:08:39.323,"96700","1007","24.3","58","1006","62","21.8",
05/22/26 13:08:48.771,"96100","1007","24.3","57.5","1006","62","21.8",
05/22/26 13:08:58.215,"96000","1007","24.3","57.2","1006","62","21.8",
05/22/26 13:09:07.506,"97200","1007","24.3","57.2","1006","62","21.8",
05/22/26 13:09:16.831,"97000","1007","24.3","57","1006","62","21.8",
05/22/26 13:09:26.308,"96100","1007","24.3","57","1006","62","21.8",
05/22/26 13:09:35.792,"96100","1007","24.3","57","1006","62","21.8",
05/22/26 13:09:45.181,"97000","1007","24.3","57.1","1006","62","21.8",
05/22/26 13:09:54.618,"96700","1007","24.3","57.3","1006","62","21.8",
05/22/26 13:10:03.966,"96300","1007","24.3","57.4","1006","62","21.8",
05/22/26 13:10:13.289,"96100","1007","24.3","57.3","1006","62","21.8",
05/22/26 13:10:22.640,"96300","1007","24.3","57.3","1006","62","21.8",
05/22/26 13:10:31.999,"96100","1007","24.3","57.2","1006","62","21.8",
05/22/26 13:10:41.391,"97200","1007","24.3","57.2","1006","62","21.8",
05/22/26 13:10:50.914,"96700","1007","24.3","57.2","1006","62","21.8",
05/22/26 13:11:00.270,"96500","1007","24.3","57","1006","61","21.8",
05/22/26 13:11:09.771,"96500","1007","24.3","57","1006","62","21.8",
05/22/26 13:11:19.121,"96300","1007","24.4","57.1","1006","61","21.8",
05/22/26 13:11:28.608,"96700","1007","24.4","57.3","1006","62","21.8",
05/22/26 13:11:38.094,"97000","1007","24.4","57.6","1006","62","21.8",
05/22/26 13:11:47.637,"95800","1006","24.4","57.7","1006","62","21.8",
05/22/26 13:11:57.433,"96300","1006","24.4","57.7","1005","62","21.8",
05/22/26 13:12:07.447,"95800","1007","24.4","57.4","1006","62","21.8",
05/22/26 13:12:17.126,"96000","1007","24.3","57.2","1006","62","21.8",
05/22/26 13:12:27.087,"96100","1007","24.4","57.2","1006","62","21.8",
05/22/26 13:12:36.996,"96500","1007","24.4","56.9","1006","62","21.8",
05/22/26 13:12:46.738,"96900","1007","24.4","57.1","1006","62","21.8",
05/22/26 13:12:56.500,"96300","1006","24.4","57.2","1005","62","21.8",
05/22/26 13:13:06.604,"96900","1007","24.3","57.2","1005","61","21.8",
05/22/26 13:13:16.442,"96700","1006","24.4","57","1006","61","21.8",
05/22/26 13:13:25.897,"96900","1006","24.3","57.3","1006","62","21.8",
05/22/26 13:13:35.505,"96000","1007","24.4","57.3","1005","62","21.8",
05/22/26 13:13:45.229,"96300","1007","24.4","57.4","1006","62","21.8",
05/22/26 13:13:54.911,"96500","1007","24.3","57.8","1005","62","21.8",
05/22/26 13:14:04.383,"97200","1006","24.3","57.6","1006","62","21.8",
05/22/26 13:14:14.213,"96700","1007","24.4","57.6","1006","62","21.8",
05/22/26 13:14:23.807,"96300","1006","24.4","57.6","1005","62","21.8",
05/22/26 13:14:33.481,"96500","1007","24.4","57.7","1006","62","21.8",
05/22/26 13:14:43.038,"96700","1006","24.4","57.9","1005","62","21.8",
05/22/26 13:14:52.675,"96500","1006","24.4","57.5","1005","62","21.9",
05/22/26 13:15:02.291,"96300","1006","24.4","57.5","1006","62","21.8",
05/22/26 13:15:12.079,"97200","1006","24.4","57.4","1005","62","21.9",
05/22/26 13:15:22.028,"96300","1007","24.4","57.5","1005","62","21.9",
05/22/26 13:15:31.807,"96000","1007","24.4","57.7","1006","62","21.9",
05/22/26 13:15:41.421,"97200","1006","24.4","57.5","1006","62","21.9",
05/22/26 13:15:51.198,"96500","1006","24.4","57.5","1005","62","21.9",
05/22/26 13:16:00.968,"96500","1007","24.4","57.4","1005","62","21.9",
05/22/26 13:16:10.768,"96500","1006","24.4","57.6","1005","62","21.9",
05/22/26 13:16:20.396,"96500","1006","24.5","57.9","1005","62","21.9",
05/22/26 13:16:30.068,"96700","1006","24.5","57.7","1005","62","21.9",
05/22/26 13:16:39.790,"96300","1006","24.4","57.4","1005","62","21.9",
05/22/26 13:16:49.488,"96500","1006","24.4","57.6","1005","62","21.9",
05/22/26 13:16:59.236,"97400","1006","24.5","57.4","1005","62","21.9",
05/22/26 13:17:09.052,"97800","1006","24.5","57.7","1005","62","21.9",
05/22/26 13:17:18.934,"96900","1006","24.4","57","1005","62","21.9",
05/22/26 13:17:28.711,"96700","1006","24.4","56.8","1005","62","21.9",
05/22/26 13:17:38.546,"96500","1006","24.4","56.8","1005","61","21.9",
05/22/26 13:17:48.121,"97400","1006","24.4","56.7","1005","61","21.9",
05/22/26 13:17:57.927,"97800","1007","24.4","56.8","1005","61","21.9",
05/22/26 13:18:07.611,"97200","1006","24.4","56.9","1005","61","21.9",
05/22/26 13:18:17.393,"97000","1006","24.4","56.8","1005","61","21.9",
05/22/26 13:18:27.140,"96300","1006","24.4","56.9","1005","61","21.9",
05/22/26 13:18:36.949,"96000","1006","24.4","56.8","1005","61","21.9",
05/22/26 13:18:46.481,"96500","1006","24.4","57","1005","61","21.9",
05/22/26 13:18:55.652,"96500","1006","24.4","57.3","1005","61","21.9",
05/22/26 13:19:04.914,"96300","1006","24.4","57.4","1005","62","21.9",
05/22/26 13:19:14.041,"96300","1006","24.4","57.5","1005","62","21.9",
05/22/26 13:19:23.679,"97200","1006","24.4","57.4","1005","62","21.9",
05/22/26 13:19:34.064,"96700","1006","24.4","57.5","1005","62","21.9",
05/22/26 13:19:44.072,"96700","1006","24.4","57.5","1005","62","21.9",
05/22/26 13:19:53.881,"97200","1006","24.4","57.6","1005","62","21.9",
05/22/26 13:20:03.890,"96500","1007","24.4","57.2","1005","62","21.9",
05/22/26 13:20:13.787,"97200","1006","24.4","57.1","1005","61","21.9",
05/22/26 13:20:23.645,"96900","1006","24.4","57","1005","61","21.9",
05/22/26 13:20:33.942,"97200","1006","24.4","57.4","1005","62","21.9",
05/22/26 13:20:44.047,"96300","1006","24.4","57.9","1005","62","21.9",
05/22/26 13:20:54.084,"96100","1006","24.4","57.3","1005","62","21.9",
05/22/26 13:21:03.988,"96100","1006","24.4","57","1005","62","21.9",
05/22/26 13:21:13.914,"96900","1006","24.4","56.9","1005","62","21.9",
05/22/26 13:21:23.796,"97000","1006","24.4","57.2","1005","62","21.9",
05/22/26 13:21:33.731,"96500","1006","24.4","57.1","1005","62","21.9",
05/22/26 13:21:43.637,"97400","1006","24.4","57.1","1005","61","21.9",
05/22/26 13:21:53.510,"96900","1006","24.5","57.2","1005","62","21.9",
05/22/26 13:22:03.415,"96700","1006","24.4","57.3","1005","62","21.9",
05/22/26 13:22:13.297,"96700","1006","24.4","57.4","1005","62","21.9",
05/22/26 13:22:23.268,"96700","1006","24.4","57.2","1005","62","21.9",
05/22/26 13:22:33.162,"96900","1006","24.5","57.3","1005","62","21.9",
05/22/26 13:22:43.108,"97200","1006","24.5","57.2","1005","62","21.9",
05/22/26 13:22:53.149,"97200","1006","24.5","57.1","1005","62","21.9",
05/22/26 13:23:03.198,"97200","1006","24.5","57.2","1005","62","21.9",
05/22/26 13:23:13.251,"97000","1006","24.5","57.3","1005","62","21.9",
05/22/26 13:23:23.417,"96900","1006","24.5","57.2","1005","62","21.9",
05/22/26 13:23:33.405,"97000","1006","24.5","57.4","1005","62","21.9",
05/22/26 13:23:43.522,"96900","1006","24.5","57.7","1005","62","21.9",
05/22/26 13:23:53.643,"97200","1006","24.5","57.6","1005","62","21.9",
05/22/26 13:24:03.680,"97000","1006","24.5","57.5","1005","62","21.9",
05/22/26 13:24:13.840,"97000","1006","24.5","57.3","1005","62","21.9",
05/22/26 13:24:23.894,"96500","1006","24.5","57.1","1005","62","21.9",
05/22/26 13:24:33.904,"97000","1006","24.5","57.4","1005","62","21.9",
05/22/26 13:24:44.025,"97400","1006","24.4","57","1005","61","21.9",
05/22/26 13:24:54.123,"96900","1006","24.4","57","1005","61","21.9",
05/22/26 13:25:04.183,"96900","1006","24.4","57.2","1005","62","21.9",
05/22/26 13:25:14.304,"96900","1006","24.4","57.6","1005","62","21.9",
05/22/26 13:25:24.336,"97200","1006","24.4","57.8","1005","62","21.9",
05/22/26 13:25:34.122,"97200","1006","24.4","58","1005","62","21.9",
05/22/26 13:25:43.982,"97400","1006","24.4","57.9","1005","62","21.9",
05/22/26 13:25:53.820,"97400","1006","24.4","57.9","1005","62","21.9",
05/22/26 13:26:03.752,"97000","1006","24.4","57.7","1005","62","21.9",
05/22/26 13:26:13.704,"97400","1006","24.4","57.5","1005","62","21.9",
05/22/26 13:26:23.672,"97000","1006","24.5","57.5","1005","62","21.9",
05/22/26 13:26:33.605,"97400","1006","24.5","57.5","1005","62","21.9",
05/22/26 13:26:43.346,"97600","1006","24.4","57.2","1005","62","21.9",
05/22/26 13:26:53.300,"97800","1006","24.4","57.6","1005","62","21.9",
05/22/26 13:27:03.285,"97200","1006","24.4","57.5","1005","62","21.9",
05/22/26 13:27:13.176,"97200","1006","24.4","57.5","1005","62","21.9",
05/22/26 13:27:23.154,"98300","1006","24.4","57.7","1005","62","21.9",
05/22/26 13:27:33.165,"97900","1006","24.4","57.2","1005","62","21.9",
05/22/26 13:27:43.103,"97900","1006","24.4","57.6","1005","62","21.9",
05/22/26 13:27:53.008,"97800","1006","24.5","57.4","1005","62","21.9",
05/22/26 13:28:02.950,"97600","1006","24.4","57.5","1005","62","21.9",
05/22/26 13:28:12.928,"97000","1006","24.4","57.5","1005","62","21.9",
05/22/26 13:28:22.848,"97800","1006","24.4","57.6","1005","62","21.9",
05/22/26 13:28:32.821,"97400","1006","24.4","57.5","1005","62","21.9",
05/22/26 13:28:42.763,"97400","1006","24.5","57.6","1005","62","21.9",
05/22/26 13:28:52.710,"97200","1006","24.5","57.4","1005","62","21.9",
05/22/26 13:29:02.614,"97800","1006","24.4","57.3","1005","62","21.9",
05/22/26 13:29:12.556,"97000","1006","24.5","57.1","1005","62","21.9",
05/22/26 13:29:22.576,"97200","1006","24.4","57.6","1005","62","21.9",
05/22/26 13:29:32.533,"97400","1006","24.4","57.3","1005","62","21.9",
05/22/26 13:29:42.371,"96300","1006","24.4","57.4","1005","62","21.9",
05/22/26 13:29:52.336,"97000","1006","24.5","57.5","1005","62","21.9",
05/22/26 13:30:02.527,"97000","1006","24.4","57.6","1005","62","21.9",
05/22/26 13:30:12.646,"96900","1006","24.5","57.5","1005","62","21.9",
05/22/26 13:30:22.788,"97400","1006","24.5","57.6","1005","62","21.9",
05/22/26 13:30:32.766,"97200","1006","24.5","57.5","1005","62","21.9",
05/22/26 13:30:42.729,"97800","1006","24.4","57.4","1005","62","21.9",
05/22/26 13:30:52.878,"97400","1006","24.4","57.4","1005","62","21.9",
05/22/26 13:31:02.862,"97200","1006","24.5","57.4","1005","62","21.9",
05/22/26 13:31:13.064,"97900","1006","24.5","57.4","1005","62","21.9",
05/22/26 13:31:22.256,"97900","1006","24.5","57.6","1005","62","21.9",
05/22/26 13:31:31.484,"97800","1006","24.5","57.4","1005","62","21.9",
05/22/26 13:31:40.663,"97800","1006","24.5","57.7","1005","62","21.9",
05/22/26 13:31:49.881,"97200","1006","24.5","57.8","1005","62","21.9",
05/22/26 13:31:58.994,"97200","1006","24.5","57.6","1005","62","21.9",
05/22/26 13:32:08.102,"97400","1006","24.5","57.7","1005","62","21.9",
05/22/26 13:32:17.292,"97800","1006","24.5","57.8","1005","62","21.9",
05/22/26 13:32:27.334,"97800","1006","24.5","57.7","1005","62","21.9",
05/22/26 13:32:37.422,"97400","1006","24.5","57.6","1005","62","21.9",
05/22/26 13:32:47.408,"97000","1006","24.5","57.3","1005","62","21.9",
05/22/26 13:32:57.454,"97200","1006","24.5","57.3","1005","62","21.9",
05/22/26 13:33:07.588,"97400","1006","24.5","57.3","1005","62","21.9",
05/22/26 13:33:17.630,"97400","1006","24.4","57.2","1005","62","21.9",
05/22/26 13:33:27.600,"97400","1006","24.4","57.5","1005","62","21.9",
05/22/26 13:33:37.668,"97800","1006","24.5","57.1","1005","62","21.9",
05/22/26 13:33:47.719,"97200","1006","24.4","57.6","1005","62","21.9",
05/22/26 13:33:57.788,"97200","1006","24.5","57.5","1005","62","21.9",
05/22/26 13:34:07.767,"97200","1006","24.5","57.7","1005","62","21.9",
05/22/26 13:34:17.878,"97800","1006","24.5","57.7","1005","62","21.9",
05/22/26 13:34:27.928,"97400","1006","24.4","57.1","1005","62","21.9",
05/22/26 13:34:37.936,"97800","1006","24.5","57","1005","62","21.9",
05/22/26 13:34:48.031,"97800","1006","24.5","57","1005","62","21.9",
05/22/26 13:34:58.020,"97800","1006","24.5","56.9","1005","61","21.9",
05/22/26 13:35:08.098,"97200","1006","24.5","57","1005","61","21.9",
05/22/26 13:35:18.048,"98500","1006","24.5","57.2","1005","62","21.9",
05/22/26 13:35:27.710,"98300","1006","24.4","57.3","1005","62","21.9",
05/22/26 13:35:37.234,"97900","1006","24.5","57.3","1005","62","21.9",
05/22/26 13:35:46.767,"97400","1006","24.5","57.4","1005","62","21.9",
05/22/26 13:35:56.267,"97400","1006","24.5","57.2","1005","62","21.9",
05/22/26 13:36:05.804,"97900","1006","24.5","57.3","1005","62","21.9",
05/22/26 13:36:15.397,"97800","1006","24.5","57.3","1005","62","21.9",
05/22/26 13:36:24.925,"97400","1006","24.5","57.3","1005","62","21.9",
05/22/26 13:36:34.417,"97600","1006","24.5","57.3","1005","62","21.9",
05/22/26 13:36:43.969,"97800","1006","24.5","57.2","1005","62","21.9",
05/22/26 13:36:53.443,"98500","1006","24.5","57.3","1005","62","21.9",
05/22/26 13:37:03.108,"97800","1006","24.5","57.3","1005","62","21.9",
05/22/26 13:37:12.668,"97800","1006","24.5","57.5","1005","62","21.9",
05/22/26 13:37:22.152,"98100","1006","24.5","57.6","1005","62","21.9",
05/22/26 13:37:31.712,"97400","1006","24.5","57.5","1005","62","21.9",
05/22/26 13:37:41.302,"98300","1006","24.5","57.5","1005","62","21.9",
05/22/26 13:37:50.921,"98300","1006","24.5","57.4","1005","62","21.9",
05/22/26 13:38:00.549,"98100","1006","24.5","57.4","1005","62","21.9",
05/22/26 13:38:10.146,"98100","1006","24.5","57.3","1005","62","21.9",
05/22/26 13:38:19.787,"97800","1006","24.5","57.2","1005","62","21.9",
05/22/26 13:38:29.350,"97800","1006","24.5","57.3","1005","62","21.9",
05/22/26 13:38:38.916,"98300","1006","24.5","57.3","1005","62","21.9",
05/22/26 13:38:48.485,"98100","1006","24.5","57.4","1005","62","21.9",
05/22/26 13:38:58.031,"97400","1006","24.5","57.3","1005","62","21.9",
05/22/26 13:39:07.759,"97900","1006","24.5","57.4","1005","62","21.9",
05/22/26 13:39:17.429,"98300","1006","24.5","57.5","1005","62","21.9",
05/22/26 13:39:26.971,"97600","1006","24.5","57.4","1005","62","21.9",
05/22/26 13:39:36.591,"97600","1006","24.5","57.6","1005","62","21.9",
05/22/26 13:39:46.342,"97900","1006","24.5","57.6","1005","62","21.9",
05/22/26 13:39:56.089,"97900","1006","24.5","57.5","1005","62","21.9",
05/22/26 13:40:05.744,"97200","1006","24.5","57.2","1005","62","21.9",
05/22/26 13:40:15.398,"98100","1006","24.5","57.3","1005","62","21.9",
05/22/26 13:40:25.097,"97800","1006","24.5","57.3","1005","62","21.9",
05/22/26 13:40:34.843,"97400","1006","24.5","57.4","1005","62","21.9",
05/22/26 13:40:44.421,"97400","1006","24.5","57.4","1005","62","21.9",
05/22/26 13:40:54.163,"98100","1006","24.5","57.3","1005","62","21.9",
05/22/26 13:41:03.891,"97900","1006","24.5","57.3","1005","62","21.9",
05/22/26 13:41:13.627,"97400","1006","24.5","57.4","1005","62","21.9",
05/22/26 13:41:23.226,"98300","1006","24.5","57.5","1005","62","21.9",
05/22/26 13:41:32.995,"97800","1006","24.5","57.4","1005","62","21.9",
05/22/26 13:41:42.592,"97200","1006","24.5","57.5","1005","62","21.9",
05/22/26 13:41:52.339,"97800","1006","24.5","57.5","1005","62","21.9",
05/22/26 13:42:02.032,"97800","1006","24.5","57.4","1005","62","21.9",
05/22/26 13:42:11.806,"98900","1006","24.5","57.3","1005","62","21.9",
05/22/26 13:42:21.472,"97900","1006","24.5","57.4","1005","62","21.9",
05/22/26 13:42:31.152,"98100","1006","24.5","57.3","1005","62","21.9",
05/22/26 13:42:40.842,"97800","1006","24.5","57.5","1005","62","21.9",
05/22/26 13:42:50.609,"98500","1006","24.5","57.6","1005","62","21.9",
05/22/26 13:43:00.274,"97800","1006","24.5","57.4","1005","62","21.9",
05/22/26 13:43:10.020,"97900","1006","24.5","57.4","1005","62","21.9",
05/22/26 13:43:19.746,"97800","1006","24.5","57.6","1005","62","21.9",
05/22/26 13:43:29.379,"98100","1006","24.5","57.3","1005","62","21.9",
05/22/26 13:43:39.125,"98100","1006","24.5","57.7","1005","62","21.9",
05/22/26 13:43:48.937,"98100","1006","24.5","57.6","1005","62","21.9",
05/22/26 13:43:58.607,"97800","1006","24.5","57.5","1005","62","21.9",
05/22/26 13:44:08.421,"97800","1006","24.5","57.5","1005","62","21.9",
05/22/26 13:44:18.235,"97600","1006","24.5","57.5","1005","62","21.9",
05/22/26 13:44:27.904,"97900","1006","24.5","57.7","1005","62","21.9",
05/22/26 13:44:37.710,"97900","1006","24.5","57.8","1005","62","21.9",
05/22/26 13:44:47.475,"98100","1006","24.5","57.8","1005","62","21.9",
05/22/26 13:44:57.332,"97900","1006","24.5","57.7","1005","62","21.9",
05/22/26 13:45:07.077,"98700","1006","24.4","57.5","1005","62","21.9",
05/22/26 13:45:16.846,"99000","1006","24.5","57.2","1005","62","21.9",
05/22/26 13:45:26.625,"98100","1006","24.5","57.2","1005","62","21.9",
05/22/26 13:45:36.456,"98300","1006","24.5","57.2","1005","62","21.9",
05/22/26 13:45:46.126,"98500","1006","24.5","57.4","1005","62","21.9",
05/22/26 13:45:55.982,"98100","1006","24.5","57.3","1005","62","21.9",
05/22/26 13:46:05.820,"98100","1006","24.5","56.9","1005","61","21.9",
05/22/26 13:46:15.597,"98500","1006","24.5","56.9","1005","61","21.9",
05/22/26 13:46:25.409,"98100","1006","24.5","56.9","1005","61","21.9",
05/22/26 13:46:35.164,"98300","1006","24.5","57","1005","62","21.9",
05/22/26 13:46:45.037,"97800","1006","24.5","57.2","1005","62","21.9",
05/22/26 13:46:54.784,"97900","1006","24.5","57.2","1005","62","21.9",
05/22/26 13:47:04.592,"97800","1006","24.5","57.2","1005","62","21.9",
05/22/26 13:47:14.416,"97900","1006","24.5","57.2","1005","62","21.9",
05/22/26 13:47:24.219,"97900","1006","24.5","57.1","1005","62","21.9",
05/22/26 13:47:34.095,"97900","1006","24.5","57.2","1005","62","21.9",
05/22/26 13:47:43.878,"98300","1006","24.5","57.3","1005","62","21.9",
05/22/26 13:47:53.697,"98100","1006","24.5","57","1005","62","21.9",
05/22/26 13:48:03.467,"99000","1006","24.5","57.2","1005","62","21.9",
05/22/26 13:48:13.202,"98500","1006","24.5","57.2","1005","62","21.9",
05/22/26 13:48:23.141,"98300","1006","24.5","57.2","1005","62","22",
05/22/26 13:48:32.992,"97900","1006","24.5","57.3","1005","62","22",
05/22/26 13:48:42.817,"97900","1006","24.5","57.3","1005","62","21.9",
05/22/26 13:48:52.672,"98500","1006","24.5","57.2","1005","62","21.9",
05/22/26 13:49:02.472,"98100","1006","24.5","57.1","1005","62","22",
05/22/26 13:49:12.291,"98500","1006","24.5","57.1","1005","61","21.9",
05/22/26 13:49:22.074,"98100","1006","24.5","57.1","1005","62","22",
05/22/26 13:49:31.848,"98300","1006","24.5","57.1","1005","62","22",
05/22/26 13:49:41.667,"98900","1006","24.5","57.1","1005","62","22",
05/22/26 13:49:51.475,"99000","1006","24.5","57.1","1005","62","21.9",
05/22/26 13:50:01.245,"98700","1006","24.5","57.3","1005","62","22",
05/22/26 13:50:11.137,"99400","1006","24.5","57","1005","61","22",
05/22/26 13:50:20.940,"98500","1006","24.5","56.9","1005","61","22",
05/22/26 13:50:30.729,"98500","1006","24.5","57.2","1005","61","22",
05/22/26 13:50:40.599,"98500","1006","24.5","56.9","1005","61","22",
05/22/26 13:50:50.489,"99000","1006","24.5","57","1005","61","22",
05/22/26 13:51:00.401,"99000","1006","24.5","56.6","1005","61","21.9",
05/22/26 13:51:10.245,"99200","1006","24.5","56.7","1005","61","22",
05/22/26 13:51:20.169,"99400","1006","24.5","56.8","1005","61","22",
05/22/26 13:51:30.078,"98700","1006","24.5","56.7","1005","61","21.9",
05/22/26 13:51:40.022,"98500","1006","24.5","56.8","1005","61","22",
05/22/26 13:51:49.935,"98300","1006","24.5","56.8","1005","61","22",
05/22/26 13:51:59.816,"97900","1006","24.5","57","1005","61","22",
05/22/26 13:52:09.682,"98100","1006","24.5","57","1005","61","22",
05/22/26 13:52:19.560,"98100","1006","24.5","56.9","1005","61","22",
05/22/26 13:52:29.502,"98500","1006","24.5","57","1005","61","21.9",
05/22/26 13:52:39.398,"98700","1006","24.5","57.1","1005","61","22",
05/22/26 13:52:49.365,"99200","1006","24.4","57","1005","61","21.9",
