,sensor [Auto],,,,,,,
,CO2,Pressure,Temperature,Humidity,TC-Pressure,TC-Humidity,TC-Temperature,
05/20/26 10:59:46.120,,"1006",,,,,,
05/20/26 10:59:46.340,,,"23.9",,,,,
05/20/26 10:59:46.574,,,,"70.3",,,,
05/20/26 10:59:46.795,,,,,"1005",,,
05/20/26 10:59:47.032,,,,,,"74",,
05/20/26 10:59:47.275,,,,,,,"21.9",
05/20/26 11:31:35.845,"3100","1006","23.7","70.5","1005","74","21.8",
05/20/26 11:31:40.844,"3100","1006","23.7","70.6","1005","74","21.8",
05/20/26 11:31:45.844,"3100","1006","23.8","70.8","1005","74","21.7",
05/20/26 11:31:50.844,"3100","1006","23.8","70.9","1005","74","21.8",
05/20/26 11:31:55.844,"3100","1006","23.8","70.9","1005","74","21.8",
05/20/26 11:32:00.844,"3100","1006","23.8","70.8","1005","74","21.8",
05/20/26 11:32:05.844,"3100","1006","23.8","70.7","1005","74","21.8",
05/20/26 11:32:10.844,"3100","1006","23.8","70.6","1005","74","21.8",
05/20/26 11:32:15.844,"3100","1006","23.8","70.5","1005","74","21.8",
05/20/26 11:32:20.844,"3100","1006","23.8","70.5","1005","74","21.8",
05/20/26 11:32:25.845,"3100","1006","23.8","70.6","1005","74","21.8",
05/20/26 11:32:30.844,"3100","1006","23.8","70.7","1005","74","21.8",
05/20/26 11:32:35.844,"3100","1006","23.8","70.7","1005","74","21.8",
05/20/26 11:32:40.844,"3000","1006","23.8","70.7","1005","74","21.8",
05/20/26 11:32:45.844,"3000","1006","23.8","70.6","1005","74","21.8",
05/20/26 11:32:50.844,"3000","1006","23.8","70.6","1005","74","21.8",
05/20/26 11:32:55.845,"3000","1006","23.8","70.6","1005","74","21.8",
05/20/26 11:33:00.844,"3000","1006","23.8","70.7","1005","75","21.8",
05/20/26 11:33:05.844,"3100","1006","23.9","70.8","1005","75","21.8",
05/20/26 11:33:10.845,"3100","1006","23.9","70.8","1005","75","21.8",
05/20/26 11:33:15.845,"3100","1006","23.9","70.7","1005","75","21.8",
05/20/26 11:33:20.845,"3100","1006","23.9","70.5","1005","75","21.8",
05/20/26 11:33:25.845,"3100","1006","23.9","70.5","1005","74","21.8",
05/20/26 11:33:30.845,"3000","1006","23.9","70.5","1005","74","21.8",
05/20/26 11:33:35.845,"3000","1006","23.9","70.5","1005","74","21.8",
05/20/26 11:33:40.844,"3000","1006","23.9","70.4","1005","74","21.8",
05/20/26 11:33:45.845,"3000","1006","23.9","70.4","1005","74","21.8",
05/20/26 11:33:50.844,"3100","1006","23.9","70.4","1005","74","21.8",
05/20/26 11:33:55.844,"3100","1006","23.9","70.4","1005","74","21.8",
05/20/26 11:34:00.845,"3100","1006","23.9","70.5","1005","74","21.8",
05/20/26 11:34:05.845,"3000","1006","23.9","70.6","1005","74","21.8",
05/20/26 11:34:10.845,"3100","1006","23.9","70.6","1005","74","21.8",
05/20/26 11:34:15.844,"3100","1006","23.9","70.3","1005","74","21.8",
05/20/26 11:34:20.844,"3100","1006","23.9","70.4","1005","74","21.8",
05/20/26 11:34:25.845,"3100","1006","23.9","70.5","1005","74","21.8",
05/20/26 11:34:30.845,"3100","1006","23.9","70.5","1005","74","21.8",
05/20/26 11:34:35.845,"3100","1006","23.9","70.4","1005","74","21.8",
05/20/26 11:34:40.845,"3000","1006","23.9","70.3","1005","74","21.8",
05/20/26 11:34:45.845,"3100","1006","23.9","70.2","1005","74","21.8",
05/20/26 11:34:50.845,"3100","1006","23.9","70.2","1005","74","21.8",
05/20/26 11:34:55.845,"3100","1006","23.8","70.3","1005","74","21.8",
05/20/26 11:35:00.845,"3100","1006","23.9","70.4","1005","74","21.8",
05/20/26 11:35:05.845,"3100","1006","23.9","70.3","1005","74","21.8",
05/20/26 11:35:10.845,"3000","1006","23.9","70.3","1005","74","21.8",
05/20/26 11:35:15.845,"3100","1006","23.9","70.2","1005","74","21.8",
05/20/26 11:35:20.845,"3100","1006","23.9","70.1","1005","74","21.8",
05/20/26 11:35:25.845,"3100","1006","23.9","70.1","1005","74","21.8",
05/20/26 11:35:30.845,"3100","1006","23.9","70.2","1005","74","21.8",
05/20/26 11:35:35.846,"3100","1006","23.9","70.1","1005","74","21.8",
05/20/26 11:35:40.845,"3000","1006","23.9","70.2","1005","74","21.8",
05/20/26 11:35:45.845,"3100","1006","23.9","70.1","1005","74","21.8",
05/20/26 11:35:50.845,"3100","1006","23.9","70.2","1005","74","21.8",
05/20/26 11:35:55.846,"3100","1006","23.9","70.3","1005","74","21.8",
05/20/26 11:36:00.845,"3100","1006","23.9","70.3","1005","74","21.8",
05/20/26 11:36:05.846,"3100","1006","23.8","70.2","1005","74","21.8",
05/20/26 11:36:10.846,"3100","1006","23.9","70.3","1005","74","21.8",
05/20/26 11:36:15.846,"3100","1006","23.9","70.3","1005","74","21.8",
05/20/26 11:36:20.846,"3100","1006","23.9","70.3","1005","74","21.8",
05/20/26 11:36:25.846,"3100","1006","24","70.2","1005","74","21.8",
05/20/26 11:36:30.845,"3100","1006","24","70.1","1005","74","21.8",
05/20/26 11:36:35.846,"3100","1006","24","70.1","1005","74","21.8",
05/20/26 11:36:40.855,"3100","1006","24","70.1","1005","74","21.8",
05/20/26 11:36:45.899,"3100","1006","24","70.2","1005","74","21.8",
05/20/26 11:36:50.846,"3100","1006","24","70.2","1005","74","21.8",
05/20/26 11:36:55.846,"3100","1006","24","70.1","1005","74","21.8",
05/20/26 11:37:00.846,"3100","1006","24","70","1005","74","21.8",
05/20/26 11:37:05.846,"3100","1006","24","70.1","1005","74","21.8",
05/20/26 11:37:10.846,"3100","1006","24","70.1","1005","74","21.8",
05/20/26 11:37:15.846,"3100","1006","24","70","1005","74","21.8",
05/20/26 11:37:20.846,"3100","1006","23.9","70","1005","74","21.8",
05/20/26 11:37:25.846,"3100","1006","23.9","69.9","1005","74","21.8",
05/20/26 11:37:30.847,"3100","1006","23.9","70.1","1005","74","21.8",
05/20/26 11:37:35.846,"3200","1006","23.9","70.1","1005","74","21.8",
05/20/26 11:37:40.846,"3200","1006","23.9","70.1","1005","74","21.8",
05/20/26 11:37:45.846,"3100","1006","23.9","70.1","1005","74","21.8",
05/20/26 11:37:50.846,"3100","1006","23.9","70.1","1005","74","21.8",
05/20/26 11:37:55.846,"3100","1006","23.9","70.2","1005","74","21.8",
05/20/26 11:38:00.846,"3100","1006","23.8","70.3","1005","74","21.8",
05/20/26 11:38:05.846,"3200","1006","23.8","70.5","1005","74","21.8",
05/20/26 11:38:10.846,"3200","1006","23.9","70.5","1005","74","21.8",
05/20/26 11:38:15.846,"3200","1006","23.9","70.4","1005","74","21.8",
05/20/26 11:38:20.847,"3200","1006","23.9","70.4","1005","74","21.8",
05/20/26 11:38:25.847,"3200","1005","23.9","70.2","1005","74","21.8",
05/20/26 11:38:30.846,"3200","1006","23.9","70.1","1005","74","21.8",
05/20/26 11:38:35.846,"3200","1006","23.9","70.2","1005","74","21.8",
05/20/26 11:38:40.847,"3200","1006","23.9","70.2","1005","74","21.8",
05/20/26 11:38:45.846,"3100","1006","23.9","70.3","1005","74","21.8",
05/20/26 11:38:50.847,"3200","1006","23.9","70.3","1005","74","21.8",
05/20/26 11:38:55.846,"3100","1005","23.9","70.3","1005","74","21.8",
05/20/26 11:39:00.847,"3200","1006","23.9","70.3","1005","74","21.8",
05/20/26 11:39:05.847,"3200","1006","23.8","70.3","1005","74","21.8",
05/20/26 11:39:10.847,"3200","1005","23.8","70.5","1005","74","21.8",
05/20/26 11:39:15.846,"3200","1005","23.8","70.5","1004","74","21.8",
05/20/26 11:39:20.846,"3200","1006","23.8","70.5","1005","74","21.8",
05/20/26 11:39:25.847,"3200","1005","23.8","70.5","1005","74","21.8",
05/20/26 11:39:30.847,"3200","1006","23.8","70.7","1005","74","21.8",
05/20/26 11:39:35.847,"3200","1006","23.8","70.6","1005","74","21.8",
05/20/26 11:39:40.847,"3200","1005","23.9","70.7","1005","74","21.8",
05/20/26 11:39:45.847,"3200","1005","23.9","70.6","1005","74","21.8",
05/20/26 11:39:50.847,"3200","1006","23.9","70.6","1005","74","21.8",
05/20/26 11:39:55.847,"3200","1006","23.9","70.5","1005","74","21.8",
05/20/26 11:40:00.847,"3200","1005","23.9","70.5","1005","74","21.8",
05/20/26 11:40:05.847,"3200","1005","23.9","70.3","1005","74","21.8",
05/20/26 11:40:10.847,"3200","1005","23.9","70.3","1005","74","21.8",
05/20/26 11:40:15.847,"3200","1005","23.9","70.3","1005","74","21.8",
05/20/26 11:40:20.847,"3200","1005","23.9","70.3","1005","74","21.8",
05/20/26 11:40:25.847,"3200","1005","23.9","70.2","1005","74","21.8",
05/20/26 11:40:30.847,"3200","1005","24","70.3","1005","74","21.8",
05/20/26 11:40:35.847,"3200","1006","24","70.4","1005","74","21.8",
05/20/26 11:40:40.847,"3200","1006","24","70.3","1005","74","21.8",
05/20/26 11:40:45.847,"3200","1005","24","70.1","1005","74","21.8",
05/20/26 11:40:50.847,"3200","1005","24","70","1005","74","21.8",
05/20/26 11:40:55.847,"3200","1005","24","69.9","1005","74","21.8",
05/20/26 11:41:00.847,"3200","1005","24","69.9","1005","74","21.8",
05/20/26 11:41:05.847,"3200","1005","23.9","69.9","1005","74","21.8",
05/20/26 11:41:10.847,"3200","1005","23.9","70.1","1005","74","21.8",
05/20/26 11:41:15.847,"3200","1005","23.9","70.1","1005","74","21.8",
05/20/26 11:41:20.848,"3200","1005","23.9","70.2","1005","74","21.8",
05/20/26 11:41:25.847,"3200","1005","23.8","70.2","1004","74","21.8",
05/20/26 11:41:30.848,"3200","1005","23.8","70.3","1005","74","21.8",
05/20/26 11:41:35.847,"3200","1005","23.8","70.4","1005","74","21.8",
05/20/26 11:41:40.848,"3200","1005","23.8","70.4","1005","74","21.8",
05/20/26 11:41:45.848,"3200","1005","23.8","70.6","1004","74","21.8",
05/20/26 11:41:50.847,"3200","1005","23.8","70.6","1005","74","21.8",
05/20/26 11:41:55.848,"3200","1005","23.8","70.6","1005","74","21.8",
05/20/26 11:42:00.848,"3300","1005","23.8","70.5","1005","74","21.8",
05/20/26 11:42:05.848,"3300","1006","23.8","70.4","1005","74","21.8",
05/20/26 11:42:10.848,"3300","1005","23.8","70.4","1005","74","21.8",
05/20/26 11:42:15.848,"3300","1005","23.8","70.5","1005","74","21.8",
05/20/26 11:42:20.847,"3300","1005","23.8","70.5","1005","74","21.8",
05/20/26 11:42:25.848,"3300","1005","23.8","70.6","1005","74","21.8",
05/20/26 11:42:30.848,"3300","1005","23.8","70.6","1005","74","21.8",
05/20/26 11:42:35.847,"3200","1006","23.8","70.6","1005","74","21.8",
05/20/26 11:42:40.848,"3200","1005","23.8","70.5","1005","74","21.8",
05/20/26 11:42:45.848,"3300","1005","23.8","70.6","1005","74","21.8",
05/20/26 11:42:50.848,"3200","1005","23.8","70.7","1005","74","21.8",
05/20/26 11:42:55.848,"3300","1005","23.8","70.8","1005","74","21.8",
05/20/26 11:43:00.848,"3300","1005","23.8","70.8","1005","74","21.8",
05/20/26 11:43:05.848,"3300","1005","23.7","70.7","1004","74","21.8",
05/20/26 11:43:10.848,"3300","1005","23.7","70.8","1005","74","21.8",
05/20/26 11:43:15.848,"3300","1005","23.7","70.9","1005","74","21.8",
05/20/26 11:43:20.848,"3300","1005","23.8","71","1005","74","21.8",
05/20/26 11:43:25.848,"3300","1005","23.7","71","1005","74","21.8",
05/20/26 11:43:30.848,"3300","1005","23.8","71","1005","74","21.8",
05/20/26 11:43:35.848,"3300","1005","23.8","70.9","1005","74","21.8",
05/20/26 11:43:40.848,"3300","1005","23.8","70.9","1005","74","21.8",
05/20/26 11:43:45.848,"3300","1005","23.8","70.7","1005","74","21.8",
05/20/26 11:43:50.848,"3300","1005","23.8","70.7","1005","74","21.8",
05/20/26 11:43:55.848,"3300","1005","23.8","70.5","1005","74","21.8",
05/20/26 11:44:00.849,"3300","1005","23.8","70.5","1005","74","21.8",
05/20/26 11:44:05.849,"3300","1005","23.8","70.5","1005","74","21.8",
05/20/26 11:44:10.848,"3300","1005","23.8","70.6","1005","74","21.8",
05/20/26 11:44:15.848,"3300","1005","23.8","70.6","1005","74","21.8",
05/20/26 11:44:20.849,"3200","1005","23.8","70.6","1004","74","21.8",
05/20/26 11:44:25.849,"3300","1005","23.8","70.6","1005","74","21.8",
05/20/26 11:44:30.849,"3200","1005","23.8","70.6","1005","74","21.8",
05/20/26 11:44:35.849,"3200","1005","23.8","70.6","1005","74","21.8",
05/20/26 11:44:40.849,"3300","1005","23.8","70.6","1005","74","21.8",
05/20/26 11:44:45.848,"3300","1005","23.8","70.7","1005","74","21.8",
05/20/26 11:44:50.849,"3300","1005","23.8","70.7","1004","74","21.8",
05/20/26 11:44:55.849,"3300","1005","23.8","70.7","1005","74","21.8",
05/20/26 11:45:00.848,"3300","1005","23.8","70.9","1005","74","21.8",
05/20/26 11:45:05.849,"3300","1005","23.8","70.8","1005","74","21.8",
05/20/26 11:45:10.849,"3300","1005","23.8","70.8","1005","74","21.8",
05/20/26 11:45:15.849,"3300","1005","23.8","70.7","1005","74","21.8",
05/20/26 11:45:20.849,"3300","1005","23.8","70.8","1005","74","21.8",
05/20/26 11:45:25.848,"3300","1005","23.8","70.9","1004","74","21.8",
05/20/26 11:45:30.849,"3300","1005","23.9","70.8","1005","74","21.8",
05/20/26 11:45:35.849,"3400","1005","23.9","70.8","1005","74","21.8",
05/20/26 11:45:40.849,"3300","1005","23.9","70.8","1004","74","21.8",
05/20/26 11:45:45.849,"3300","1005","23.9","70.8","1004","74","21.8",
05/20/26 11:45:50.849,"3300","1005","23.9","70.8","1004","74","21.9",
05/20/26 11:45:55.849,"3300","1005","23.9","70.7","1004","74","21.9",
05/20/26 11:46:00.849,"3300","1005","23.9","70.6","1004","74","21.9",
05/20/26 11:46:05.849,"3300","1005","23.9","70.6","1004","74","21.9",
05/20/26 11:46:10.849,"3400","1005","23.9","70.6","1005","74","21.9",
05/20/26 11:46:15.849,"3400","1005","23.9","70.4","1005","74","21.9",
05/20/26 11:46:20.849,"3400","1005","23.9","70.2","1005","74","21.9",
05/20/26 11:46:25.849,"3400","1005","23.9","70.4","1005","74","21.9",
05/20/26 11:46:30.850,"3400","1005","24","70.4","1005","74","21.9",
05/20/26 11:46:35.849,"3400","1005","24","70.3","1005","74","21.9",
05/20/26 11:46:40.849,"3300","1005","24","70.3","1004","74","21.9",
05/20/26 11:46:45.849,"3400","1005","24","70.2","1004","74","21.9",
05/20/26 11:46:50.849,"3400","1005","24","70.2","1004","74","21.9",
05/20/26 11:46:55.850,"3300","1005","24.1","70","1004","74","21.9",
05/20/26 11:47:00.849,"3300","1005","24.1","69.9","1005","74","21.9",
05/20/26 11:47:05.850,"3300","1005","24.1","69.7","1005","74","21.9",
05/20/26 11:47:10.849,"3400","1005","24.1","69.7","1004","74","21.9",
05/20/26 11:47:15.849,"3400","1005","24","69.7","1004","74","21.9",
05/20/26 11:47:20.849,"3300","1005","24","69.7","1004","74","21.9",
05/20/26 11:47:25.850,"3300","1005","24.1","69.7","1004","74","21.9",
05/20/26 11:47:30.850,"3400","1005","24.1","69.6","1004","74","21.9",
05/20/26 11:47:35.850,"3400","1005","24","69.5","1005","74","21.9",
05/20/26 11:47:40.849,"3300","1005","24","69.7","1004","74","21.9",
05/20/26 11:47:45.850,"3300","1005","24","69.6","1004","74","21.9",
05/20/26 11:47:50.850,"3300","1005","24","69.5","1004","74","21.9",
05/20/26 11:47:55.850,"3400","1005","24","69.6","1005","74","21.9",
05/20/26 11:48:00.850,"3400","1005","24","69.9","1004","74","21.9",
05/20/26 11:48:05.850,"3400","1005","24","69.8","1005","74","21.9",
05/20/26 11:48:10.850,"3400","1005","24","69.7","1005","74","21.9",
05/20/26 11:48:15.851,"3300","1005","23.9","69.8","1004","74","21.9",
05/20/26 11:48:20.850,"3400","1005","23.9","69.9","1004","74","21.9",
05/20/26 11:48:25.850,"3300","1005","23.9","70","1004","74","21.9",
05/20/26 11:48:30.850,"3400","1005","23.9","69.9","1004","74","21.9",
05/20/26 11:48:35.850,"3400","1005","23.9","69.8","1004","74","21.9",
05/20/26 11:48:40.850,"3400","1005","23.9","69.8","1005","74","21.9",
05/20/26 11:48:45.850,"3400","1005","23.9","70.1","1005","74","21.9",
05/20/26 11:48:50.850,"3300","1005","24","70","1005","74","21.9",
05/20/26 11:48:55.850,"3300","1005","24","70","1005","74","21.9",
05/20/26 11:49:00.850,"3300","1005","24","69.9","1004","74","21.9",
05/20/26 11:49:05.850,"3300","1005","24","69.9","1005","74","21.9",
05/20/26 11:49:10.850,"3400","1005","24","69.9","1005","74","21.9",
05/20/26 11:49:15.850,"3400","1005","24","69.9","1004","74","21.9",
05/20/26 11:49:20.850,"3400","1005","24","69.9","1004","74","21.9",
05/20/26 11:49:25.850,"3400","1005","24","69.9","1004","74","21.9",
05/20/26 11:49:30.851,"3400","1005","24","69.9","1004","74","21.9",
05/20/26 11:49:35.850,"3300","1005","24","70","1005","74","21.9",
05/20/26 11:49:40.851,"3400","1005","24","70","1005","74","21.9",
05/20/26 11:49:45.850,"3300","1005","24","70","1004","74","21.9",
05/20/26 11:49:50.850,"3400","1005","24","69.9","1005","74","21.9",
05/20/26 11:49:55.851,"3300","1005","24","69.9","1004","74","21.9",
05/20/26 11:50:00.851,"3300","1005","24","69.9","1004","74","22",
05/20/26 11:50:05.850,"3300","1005","24.1","69.9","1004","74","22",
05/20/26 11:50:10.851,"3300","1005","24.1","69.8","1005","74","22",
05/20/26 11:50:15.851,"3400","1005","24.1","69.8","1004","74","22",
05/20/26 11:50:20.850,"3400","1005","24.1","69.8","1005","74","22",
05/20/26 11:50:25.851,"3400","1005","24.1","69.7","1004","74","22",
05/20/26 11:50:30.851,"3400","1005","24.1","69.6","1004","74","22",
05/20/26 11:50:35.851,"3300","1005","24.1","69.5","1004","74","22",
05/20/26 11:50:40.851,"3300","1005","24.1","69.5","1004","74","22",
05/20/26 11:50:45.850,"3400","1005","24.1","69.4","1004","74","22",
05/20/26 11:50:50.851,"3400","1005","24.1","69.4","1004","74","22",
05/20/26 11:50:55.851,"3400","1005","24.1","69.5","1004","74","22",
05/20/26 11:51:00.851,"3300","1005","24.1","69.5","1004","74","22",
05/20/26 11:51:05.851,"3400","1005","24.2","69.5","1004","74","22",
05/20/26 11:51:10.851,"3400","1005","24.2","69.3","1004","74","22",
05/20/26 11:51:15.851,"3400","1005","24.2","69.3","1004","74","22",
05/20/26 11:51:20.851,"3400","1005","24.2","69.2","1004","73","22",
05/20/26 11:51:25.852,"3300","1005","24.1","69.4","1004","73","22",
05/20/26 11:51:30.851,"3300","1005","24.1","69.3","1004","73","22",
05/20/26 11:51:35.851,"3400","1005","24.1","69.3","1004","73","22",
05/20/26 11:51:40.852,"3400","1005","24.1","69.2","1004","73","22",
05/20/26 11:51:45.852,"3400","1005","24.1","69.1","1004","73","22",
05/20/26 11:51:50.851,"3400","1005","24.1","69","1004","73","22",
05/20/26 11:51:55.852,"3400","1005","24","69.1","1004","73","22",
05/20/26 11:52:00.851,"3400","1005","24","69.1","1004","73","22",
05/20/26 11:52:05.852,"3400","1005","24","69.3","1004","73","22",
05/20/26 11:52:10.851,"3400","1005","24","69.4","1004","73","22",
05/20/26 11:52:15.852,"3400","1005","24","69.4","1004","73","22",
05/20/26 11:52:20.852,"3400","1005","24","69.4","1004","73","22",
05/20/26 11:52:25.852,"3400","1005","24","69.5","1004","73","22",
05/20/26 11:52:30.852,"3400","1005","24","69.5","1004","73","22",
05/20/26 11:52:35.852,"3400","1005","24","69.7","1004","73","22",
05/20/26 11:52:40.851,"3400","1005","24","69.7","1004","73","22",
05/20/26 11:52:44.920,"3400","1005","24","69.6","1004","73","22",
05/20/26 11:56:29.631,"0","1005","24","69.6","1004","73","21.9",
05/20/26 11:56:34.629,"0","1005","24","69.7","1004","73","21.9",
05/20/26 11:56:39.630,"100","1005","24","69.6","1004","73","21.9",
05/20/26 11:56:44.629,"500","1005","24","69.4","1004","73","21.9",
05/20/26 11:56:49.630,"1100","1005","24.1","69.4","1004","73","22",
05/20/26 11:56:54.630,"3000","1005","24.1","69.3","1004","73","21.9",
05/20/26 11:56:59.629,"5900","1005","24.1","69.3","1004","73","22",
05/20/26 11:57:04.630,"9300","1005","24.1","69.2","1004","73","22",
05/20/26 11:57:09.630,"13800","1005","24.1","69.2","1004","73","22",
05/20/26 11:57:14.629,"18300","1005","24.1","69","1004","73","22",
05/20/26 11:57:19.630,"22600","1005","24.1","69","1004","73","22",
05/20/26 11:57:24.630,"26600","1005","24","69","1004","73","22",
05/20/26 11:57:29.630,"30400","1005","24","69","1004","73","22",
05/20/26 11:57:34.630,"33600","1005","24.1","69","1004","73","22",
05/20/26 11:57:39.630,"36000","1005","24","69.1","1004","73","22",
05/20/26 11:57:44.630,"37700","1005","24","69.1","1004","73","22",
05/20/26 11:57:49.631,"39200","1005","24","69.1","1004","73","22",
05/20/26 11:57:54.630,"40300","1005","24","69.2","1004","73","22",
05/20/26 11:57:59.630,"41300","1005","24","69.4","1004","73","22",
05/20/26 11:58:04.631,"42000","1005","24","69.3","1004","73","22",
05/20/26 11:58:09.630,"42600","1005","24","69.3","1004","73","22",
05/20/26 11:58:14.631,"42800","1005","24.1","69.2","1004","73","22",
05/20/26 11:58:19.630,"43200","1005","24.1","69","1004","73","22",
05/20/26 11:58:24.630,"43300","1005","24.1","68.8","1004","73","22",
05/20/26 11:58:29.630,"43700","1005","24.1","68.8","1004","73","22",
05/20/26 11:58:34.630,"43900","1005","24.1","69","1004","73","22",
05/20/26 11:58:39.630,"44000","1005","24.1","69.1","1004","73","22",
05/20/26 11:58:44.631,"44000","1005","24.1","69","1004","73","22",
05/20/26 11:58:49.630,"44300","1005","24","68.9","1004","73","22",
05/20/26 11:58:54.631,"44200","1005","24","69","1004","73","22",
05/20/26 11:58:59.631,"44100","1005","24","69","1004","73","22",
05/20/26 11:59:04.631,"44200","1005","24","69.2","1004","73","22",
05/20/26 11:59:09.630,"44400","1005","24","69.2","1004","73","22",
05/20/26 11:59:14.630,"44700","1005","24","69.2","1004","73","22",
05/20/26 11:59:19.630,"44800","1005","24.1","69.2","1004","73","22",
05/20/26 11:59:24.630,"44900","1005","24","69.1","1004","73","22",
05/20/26 11:59:29.631,"44600","1005","24","69.2","1004","73","22",
05/20/26 11:59:34.631,"44700","1005","24","69.1","1004","73","22",
05/20/26 11:59:39.631,"44800","1005","24.1","69.1","1004","73","22",
05/20/26 11:59:44.631,"44800","1005","24.1","69.1","1004","73","22",
05/20/26 11:59:49.631,"45100","1005","24","69","1004","73","22",
05/20/26 11:59:54.631,"45100","1005","24","69","1004","73","22",
05/20/26 11:59:59.631,"45100","1005","24","68.9","1004","73","22",
05/20/26 12:00:04.631,"45000","1005","24.1","68.9","1004","73","22",
05/20/26 12:00:09.631,"45200","1005","24","68.8","1004","73","22",
05/20/26 12:00:14.631,"45100","1005","24.1","69","1004","73","22",
05/20/26 12:00:19.632,"45000","1005","24.1","69","1004","73","22",
05/20/26 12:00:24.631,"45200","1005","24.1","68.9","1004","73","22",
05/20/26 12:00:29.631,"45200","1005","24.1","69","1004","73","22",
05/20/26 12:00:34.632,"45300","1005","24.1","69","1004","73","22",
05/20/26 12:00:39.631,"45900","1005","24.1","69.1","1004","73","22",
05/20/26 12:00:44.631,"46100","1005","24.1","69","1004","73","22",
05/20/26 12:00:49.631,"46400","1005","24.1","68.9","1004","73","22",
05/20/26 12:00:54.631,"46400","1005","24.1","68.9","1004","73","22",
05/20/26 12:00:59.632,"46500","1005","24.1","68.8","1004","73","22",
05/20/26 12:01:04.631,"46900","1005","24.1","68.9","1004","73","22",
05/20/26 12:01:09.632,"46400","1005","24.1","68.8","1004","73","22",
05/20/26 12:01:14.631,"46700","1005","24.1","68.8","1004","73","22",
05/20/26 12:01:19.632,"46500","1005","24.1","68.8","1004","73","22",
05/20/26 12:01:24.632,"46700","1005","24.1","68.8","1004","73","22",
05/20/26 12:01:29.632,"46600","1005","24.2","68.8","1004","73","22",
05/20/26 12:01:34.632,"46600","1005","24.2","68.7","1004","73","22",
05/20/26 12:01:39.631,"46600","1005","24.2","68.6","1004","73","22",
05/20/26 12:01:44.632,"47100","1005","24.2","68.6","1004","73","22",
05/20/26 12:01:49.632,"47000","1005","24.1","68.7","1004","73","22",
05/20/26 12:01:54.632,"47200","1005","24.2","68.7","1004","73","22",
05/20/26 12:01:59.632,"46900","1005","24.2","68.6","1004","73","22",
05/20/26 12:02:04.632,"46800","1005","24.2","68.5","1004","73","22",
05/20/26 12:02:09.632,"47300","1005","24.2","68.5","1004","73","22",
05/20/26 12:02:14.632,"47200","1005","24.2","68.5","1004","73","22",
05/20/26 12:02:19.632,"47100","1005","24.2","68.4","1004","73","22",
05/20/26 12:02:24.632,"47100","1005","24.2","68.5","1004","73","22",
05/20/26 12:02:29.632,"47000","1005","24.2","68.4","1004","73","22",
05/20/26 12:02:34.632,"47200","1005","24.2","68.5","1004","73","22",
05/20/26 12:02:39.632,"47100","1005","24.2","68.5","1004","73","22",
05/20/26 12:02:44.632,"47300","1005","24.2","68.5","1004","73","22",
05/20/26 12:02:49.632,"47600","1005","24.2","68.5","1004","73","22",
05/20/26 12:02:54.632,"47600","1005","24.2","68.5","1004","73","22",
05/20/26 12:02:59.632,"47900","1005","24.2","68.6","1004","73","22",
05/20/26 12:03:04.632,"47800","1005","24.2","68.7","1004","73","22",
05/20/26 12:03:09.632,"47800","1005","24.2","68.7","1004","73","22",
05/20/26 12:03:14.633,"47600","1005","24.2","68.7","1004","73","22",
05/20/26 12:03:19.632,"47800","1005","24.2","68.8","1004","73","22",
05/20/26 12:03:24.632,"48100","1005","24.2","68.7","1004","73","22",
05/20/26 12:03:29.632,"48000","1005","24.2","68.6","1004","73","22",
05/20/26 12:03:34.633,"47800","1005","24.2","68.5","1004","73","22",
05/20/26 12:03:39.633,"47900","1005","24.2","68.5","1004","73","22",
05/20/26 12:03:44.633,"48000","1005","24.3","68.4","1004","73","22",
05/20/26 12:03:49.633,"47900","1005","24.3","68.4","1004","73","22",
05/20/26 12:03:54.633,"48000","1005","24.3","68.4","1004","73","22",
05/20/26 12:03:59.633,"47900","1005","24.2","68.4","1004","73","22",
05/20/26 12:04:04.633,"48000","1005","24.3","68.3","1004","73","22",
05/20/26 12:04:09.633,"47700","1005","24.3","68.3","1004","73","22",
05/20/26 12:04:14.633,"48000","1005","24.3","68.3","1004","73","22",
05/20/26 12:04:19.633,"47900","1005","24.3","68.2","1004","73","22",
05/20/26 12:04:24.633,"47900","1005","24.2","68.1","1004","73","22",
05/20/26 12:04:29.634,"47700","1005","24.2","68.1","1004","73","22",
05/20/26 12:04:34.633,"47700","1005","24.2","68.1","1004","72","22",
05/20/26 12:04:39.633,"47900","1005","24.2","68.1","1004","72","22",
05/20/26 12:04:44.633,"47800","1005","24.2","68.3","1004","73","22",
05/20/26 12:04:49.633,"48100","1005","24.2","68.5","1004","73","22",
05/20/26 12:04:54.633,"48500","1005","24.2","68.4","1004","73","22",
05/20/26 12:04:59.633,"48800","1005","24.1","68.4","1004","73","22",
05/20/26 12:05:04.634,"48800","1005","24.1","68.4","1004","73","22",
05/20/26 12:05:09.634,"48800","1005","24.1","68.4","1004","73","22",
05/20/26 12:05:14.634,"49100","1005","24.1","68.4","1004","72","22",
05/20/26 12:05:19.634,"49300","1005","24","68.5","1004","73","22",
05/20/26 12:05:24.634,"49300","1005","24","68.7","1004","73","22",
05/20/26 12:05:29.634,"49500","1005","24","68.7","1004","73","22",
05/20/26 12:05:34.634,"49600","1005","24","68.7","1004","72","22",
05/20/26 12:05:39.634,"49800","1005","24","68.7","1004","72","22",
05/20/26 12:05:44.634,"50000","1005","24","68.8","1004","73","22",
05/20/26 12:05:49.634,"49900","1005","24","68.8","1004","73","21.9",
05/20/26 12:05:54.634,"50000","1005","24","68.9","1004","73","21.9",
05/20/26 12:05:59.634,"50200","1005","24","68.9","1004","73","21.9",
05/20/26 12:06:04.634,"50000","1005","24","68.8","1004","73","21.9",
05/20/26 12:06:09.634,"50000","1005","24","68.9","1004","73","21.9",
05/20/26 12:06:14.633,"50300","1005","24","68.8","1004","73","21.9",
05/20/26 12:06:19.634,"50500","1005","24","68.8","1004","73","21.9",
05/20/26 12:06:24.634,"50300","1005","24.1","68.9","1004","73","21.9",
05/20/26 12:06:29.634,"50300","1005","24.1","68.8","1004","73","21.9",
05/20/26 12:06:34.634,"50400","1005","24.1","68.7","1004","73","21.9",
05/20/26 12:06:39.635,"50500","1005","24.1","68.6","1004","73","21.9",
05/20/26 12:06:44.635,"50700","1005","24.1","68.5","1004","73","21.9",
05/20/26 12:06:49.635,"50400","1005","24.1","68.6","1004","73","21.9",
05/20/26 12:06:54.634,"50500","1005","24.1","68.7","1004","73","21.9",
05/20/26 12:06:59.634,"50500","1005","24.1","68.6","1004","73","21.9",
05/20/26 12:07:04.634,"50500","1005","24","68.6","1004","73","21.9",
05/20/26 12:07:09.635,"50700","1005","24","68.7","1004","73","21.9",
05/20/26 12:07:14.634,"50800","1005","24","68.8","1004","73","21.9",
05/20/26 12:07:19.634,"50500","1005","24","68.9","1004","73","21.9",
05/20/26 12:07:24.634,"50800","1005","24","69","1004","73","21.9",
05/20/26 12:07:29.634,"50400","1005","24","69","1004","73","21.9",
05/20/26 12:07:34.635,"50500","1005","24","68.9","1004","73","21.9",
05/20/26 12:07:39.635,"50500","1005","24","68.9","1004","73","21.9",
05/20/26 12:07:44.634,"50800","1005","24","68.9","1004","73","21.9",
05/20/26 12:07:49.634,"50600","1005","24","68.9","1004","73","21.9",
05/20/26 12:07:54.635,"50500","1005","24","68.9","1004","73","21.9",
05/20/26 12:07:59.635,"50400","1005","24","69","1004","73","21.9",
05/20/26 12:08:04.634,"50800","1005","24","69","1004","73","21.9",
05/20/26 12:08:09.634,"50800","1005","24","69","1004","73","21.9",
05/20/26 12:08:14.635,"50800","1005","24","68.9","1004","73","21.9",
05/20/26 12:08:19.635,"50600","1005","24","68.8","1004","73","21.9",
05/20/26 12:08:24.635,"50700","1005","24","68.9","1004","73","21.9",
05/20/26 12:08:29.635,"50500","1005","24","69","1004","73","21.9",
05/20/26 12:08:34.635,"50700","1005","24","69.2","1004","73","21.9",
05/20/26 12:08:39.635,"50700","1005","24","69.1","1004","73","21.9",
05/20/26 12:08:44.635,"50900","1005","24","69.1","1004","73","21.9",
05/20/26 12:08:49.635,"51000","1005","24","69.1","1004","73","21.9",
05/20/26 12:08:54.635,"50600","1005","24","69.1","1004","73","21.9",
05/20/26 12:08:59.635,"50700","1005","24","68.9","1004","73","21.9",
05/20/26 12:09:04.636,"51000","1005","24","68.9","1004","73","21.9",
05/20/26 12:09:09.635,"51000","1005","24","68.8","1004","73","21.9",
05/20/26 12:09:14.636,"51200","1005","24","68.9","1004","73","21.9",
05/20/26 12:09:19.636,"51300","1005","24","69","1004","73","21.9",
05/20/26 12:09:24.636,"51100","1005","24","69","1004","73","21.9",
05/20/26 12:09:29.636,"51100","1005","24","68.9","1004","73","21.9",
05/20/26 12:09:34.635,"50800","1005","24","68.7","1004","73","21.9",
05/20/26 12:09:39.636,"51000","1005","24","68.6","1004","73","21.9",
05/20/26 12:09:44.636,"50300","1005","24","68.6","1004","73","21.9",
05/20/26 12:09:49.636,"50400","1005","24","68.8","1004","73","21.9",
05/20/26 12:09:54.636,"50400","1005","24","68.8","1004","73","21.9",
05/20/26 12:09:59.636,"50400","1005","24","68.8","1004","73","21.9",
05/20/26 12:10:04.636,"50500","1005","24","69","1004","73","21.9",
05/20/26 12:10:09.636,"50500","1005","24","69.1","1004","73","21.9",
05/20/26 12:10:14.636,"50200","1005","24","69.1","1004","73","21.9",
05/20/26 12:10:19.636,"50100","1005","24","69.1","1004","73","21.9",
05/20/26 12:10:24.636,"50100","1005","24","69.1","1004","73","21.9",
05/20/26 12:10:29.636,"50300","1005","24","69","1004","73","21.9",
05/20/26 12:10:34.636,"50300","1005","24.1","69","1004","73","21.9",
05/20/26 12:10:39.636,"50000","1005","24.1","68.8","1004","73","21.9",
05/20/26 12:10:44.636,"50000","1005","24.1","68.7","1004","73","21.9",
05/20/26 12:10:49.636,"50000","1005","24.1","68.6","1004","73","21.9",
05/20/26 12:10:54.636,"50000","1005","24.1","68.6","1004","73","21.9",
05/20/26 12:10:59.636,"50100","1005","24.1","68.6","1004","73","21.9",
05/20/26 12:11:04.636,"50000","1005","24.1","68.6","1004","73","21.9",
05/20/26 12:11:09.636,"50000","1005","24.1","68.7","1004","73","21.9",
05/20/26 12:11:14.637,"50100","1005","24.1","68.7","1004","73","22",
05/20/26 12:11:19.637,"50000","1005","24.1","68.7","1004","73","22",
05/20/26 12:11:24.637,"50000","1005","24.1","68.7","1004","73","22",
05/20/26 12:11:29.636,"50300","1005","24.1","68.7","1004","73","22",
05/20/26 12:11:34.636,"50000","1005","24.2","68.7","1004","73","22",
05/20/26 12:11:39.636,"50000","1005","24.2","68.6","1004","73","22",
05/20/26 12:11:44.637,"50300","1005","24.2","68.6","1004","73","22",
05/20/26 12:11:49.637,"50100","1005","24.2","68.6","1004","73","22",
05/20/26 12:11:54.637,"50100","1005","24.2","68.6","1004","73","22",
05/20/26 12:11:59.637,"50300","1005","24.2","68.5","1004","73","22",
05/20/26 12:12:04.637,"50200","1005","24.2","68.5","1004","73","22",
05/20/26 12:12:09.637,"50000","1005","24.2","68.5","1004","73","22",
05/20/26 12:12:14.637,"50200","1005","24.2","68.5","1004","73","22",
05/20/26 12:12:19.637,"50300","1005","24.2","68.5","1004","73","22",
05/20/26 12:12:24.637,"50300","1005","24.2","68.7","1004","73","22",
05/20/26 12:12:29.637,"50000","1005","24.2","68.5","1004","73","22",
05/20/26 12:12:34.637,"50600","1005","24.2","68.4","1004","73","22",
05/20/26 12:12:39.637,"50500","1005","24.2","68.4","1004","73","22",
05/20/26 12:12:44.638,"50300","1005","24.2","68.4","1004","73","22",
05/20/26 12:12:49.638,"50400","1005","24.2","68.4","1004","73","22",
05/20/26 12:12:54.637,"50700","1005","24.2","68.4","1004","73","22",
05/20/26 12:12:59.637,"50400","1005","24.3","68.4","1004","73","22",
05/20/26 12:13:04.638,"50500","1005","24.3","68.3","1004","73","22",
05/20/26 12:13:09.638,"50300","1005","24.3","68.3","1004","73","22",
05/20/26 12:13:14.638,"50300","1005","24.3","68.3","1004","73","22",
05/20/26 12:13:19.637,"50400","1005","24.3","68.3","1004","73","22",
05/20/26 12:13:24.638,"50500","1005","24.3","68.3","1004","73","22",
05/20/26 12:13:29.638,"50400","1005","24.3","68.3","1004","73","22",
05/20/26 12:13:34.638,"50500","1005","24.3","68.3","1004","73","22",
05/20/26 12:13:39.638,"50700","1005","24.3","68.3","1004","73","22",
05/20/26 12:13:44.638,"50600","1005","24.2","68.3","1004","73","22.1",
05/20/26 12:13:49.638,"50400","1005","24.3","68.3","1004","73","22.1",
05/20/26 12:13:54.638,"50500","1005","24.3","68.2","1004","73","22",
05/20/26 12:13:59.638,"50300","1005","24.2","68.1","1004","72","22.1",
05/20/26 12:14:04.638,"50300","1005","24.2","68.2","1004","72","22",
05/20/26 12:14:09.638,"50300","1005","24.2","68.2","1004","72","22.1",
05/20/26 12:14:14.638,"50000","1005","24.2","68.3","1004","72","22.1",
05/20/26 12:14:19.638,"49900","1005","24.2","68.4","1004","72","22.1",
05/20/26 12:14:24.638,"49900","1005","24.1","68.5","1004","72","22.1",
05/20/26 12:14:29.638,"44000","1005","24.1","68.6","1004","72","22",
05/20/26 12:14:34.638,"33400","1005","24.1","68.6","1004","72","22",
05/20/26 12:14:39.638,"23600","1005","24.1","68.6","1004","72","22",
05/20/26 12:14:44.638,"16700","1005","24.1","68.6","1004","73","22",
05/20/26 12:14:49.638,"11900","1005","24.1","68.7","1004","73","22",
05/20/26 12:14:54.638,"9000","1005","24.1","68.7","1004","73","22",
05/20/26 12:14:59.639,"7100","1005","24.1","68.6","1004","72","22",
05/20/26 12:15:04.638,"5400","1005","24.1","68.7","1004","73","22",
05/20/26 12:15:09.638,"4500","1005","24.1","68.7","1004","73","22",
05/20/26 12:15:14.639,"3700","1005","24.1","68.6","1004","72","22",
05/20/26 12:15:19.638,"3200","1005","24.1","68.5","1004","72","22",
05/20/26 12:15:24.638,"2800","1005","24.1","68.5","1004","72","22",
05/20/26 12:15:29.638,"2400","1005","24.1","68.5","1004","72","22",
05/20/26 12:15:34.638,"2200","1005","24.1","68.5","1004","72","22",
05/20/26 12:15:39.639,"2000","1005","24.1","68.4","1004","72","22",
05/20/26 12:15:44.638,"1900","1005","24.1","68.7","1004","72","22",
05/20/26 12:15:49.638,"1800","1005","24.1","68.7","1004","72","22",
05/20/26 12:15:54.638,"1700","1005","24.1","68.7","1004","72","22",
05/20/26 12:15:59.639,"1700","1005","24.1","68.8","1004","73","22",
05/20/26 12:16:04.639,"1500","1005","24.1","68.8","1004","73","22",
05/20/26 12:16:09.639,"1500","1005","24.1","68.7","1004","73","22",
05/20/26 12:16:14.638,"1400","1005","24.1","68.6","1004","73","22",
05/20/26 12:16:19.639,"1300","1005","24.1","68.6","1004","72","22",
05/20/26 12:16:24.639,"1300","1005","24.1","68.6","1004","72","22",
05/20/26 12:16:29.639,"1200","1005","24.1","68.7","1004","72","22",
05/20/26 12:16:34.638,"1100","1005","24.1","68.8","1004","73","22",
05/20/26 12:16:39.639,"1000","1005","24.1","68.9","1004","73","22",
05/20/26 12:16:44.639,"1000","1005","24.1","69","1004","73","22",
05/20/26 12:16:49.638,"1000","1005","24.1","69","1004","72","22",
05/20/26 12:16:54.639,"900","1005","24.1","69","1004","73","22",
05/20/26 12:16:59.639,"900","1005","24.1","68.8","1004","73","22",
05/20/26 12:17:04.639,"900","1005","24.1","68.8","1004","73","22",
05/20/26 12:17:09.639,"800","1005","24.1","68.7","1004","73","22",
05/20/26 12:17:14.639,"800","1005","24.1","68.6","1004","72","22",
05/20/26 12:17:19.639,"700","1005","24.1","68.7","1004","73","22",
05/20/26 12:17:24.639,"700","1005","24.1","68.9","1004","73","22",
05/20/26 12:17:29.639,"700","1005","24.1","68.9","1004","73","22",
05/20/26 12:17:34.639,"700","1005","24.1","68.8","1004","73","22",
05/20/26 12:17:39.639,"700","1005","24.1","68.7","1004","73","22",
05/20/26 12:17:44.639,"700","1005","24.1","68.7","1004","73","22",
05/20/26 12:17:49.640,"700","1005","24.1","68.7","1004","73","22",
05/20/26 12:17:54.639,"700","1005","24.1","68.8","1004","73","22",
05/20/26 12:17:59.639,"600","1005","24.2","68.9","1004","73","22",
05/20/26 12:18:04.639,"600","1005","24.1","68.9","1004","73","22",
05/20/26 12:18:09.640,"600","1005","24.1","68.7","1004","73","22",
05/20/26 12:18:14.640,"600","1005","24.1","68.7","1004","73","22",
05/20/26 12:18:19.640,"600","1005","24.1","68.8","1004","73","22",
05/20/26 12:18:24.639,"600","1005","24.1","68.8","1004","73","22",
05/20/26 12:18:29.639,"600","1005","24.1","68.8","1004","73","22",
05/20/26 12:18:34.640,"600","1005","24.1","68.8","1004","73","22",
05/20/26 12:18:39.639,"600","1005","24.1","68.7","1004","73","22",
05/20/26 12:18:44.639,"600","1005","24.1","68.9","1004","73","22",
05/20/26 12:18:49.640,"600","1005","24.1","68.9","1004","73","22",
05/20/26 12:18:54.639,"600","1005","24.1","68.8","1004","73","22",
05/20/26 12:18:59.639,"500","1005","24.1","68.9","1004","73","22",
05/20/26 12:19:04.640,"500","1005","24.1","68.8","1004","73","22",
05/20/26 12:19:09.640,"500","1005","24","68.8","1004","73","22",
05/20/26 12:19:14.640,"500","1005","24","68.9","1004","73","22",
05/20/26 12:19:19.640,"500","1005","24","69.1","1004","73","22",
05/20/26 12:19:24.640,"500","1005","24","69","1004","73","22",
05/20/26 12:19:29.640,"500","1005","24","68.9","1004","73","22",
05/20/26 12:19:34.640,"500","1005","24","69","1004","73","21.9",
05/20/26 12:19:39.639,"500","1005","24","69.1","1004","73","21.9",
05/20/26 12:19:44.640,"500","1005","24","69.2","1004","73","21.9",
05/20/26 12:19:49.640,"500","1005","24","69.2","1004","73","21.9",
05/20/26 12:19:54.640,"500","1005","24","69.4","1004","73","21.9",
05/20/26 12:19:59.640,"400","1005","24","69.4","1004","73","21.9",
05/20/26 12:20:04.640,"400","1005","24","69.3","1004","73","21.9",
05/20/26 12:20:09.640,"400","1005","24","69.4","1004","73","21.9",
05/20/26 12:20:14.640,"400","1005","24","69.4","1004","73","21.9",
05/20/26 12:20:19.640,"400","1005","24","69.3","1004","73","21.9",
05/20/26 12:20:24.640,"400","1005","24","69.4","1004","73","21.9",
05/20/26 12:20:29.640,"400","1005","24","69.3","1004","73","21.9",
05/20/26 12:20:34.640,"400","1005","24","69.3","1004","73","21.9",
05/20/26 12:20:39.640,"400","1005","24","69.4","1004","73","21.9",
05/20/26 12:20:44.640,"400","1005","24.1","69.4","1004","73","21.9",
05/20/26 12:20:49.641,"400","1005","24.1","69.4","1004","73","21.9",
05/20/26 12:20:54.640,"400","1005","24.1","69.3","1004","73","21.9",
05/20/26 12:20:59.640,"400","1005","24.1","69.2","1004","73","21.9",
05/20/26 12:21:04.640,"400","1005","24.1","69.3","1004","73","21.9",
05/20/26 12:21:09.641,"400","1005","24.1","69.2","1004","73","21.9",
05/20/26 12:21:14.641,"400","1005","24.1","69.1","1004","73","21.9",
05/20/26 12:21:19.641,"400","1005","24.1","69.1","1004","73","21.9",
05/20/26 12:21:24.640,"400","1005","24.1","69.2","1004","73","22",
05/20/26 12:21:29.640,"400","1005","24.1","69.2","1004","73","22",
05/20/26 12:21:34.641,"400","1005","24.1","69.2","1004","73","21.9",
05/20/26 12:21:39.640,"400","1005","24.1","69.2","1004","73","22",
05/20/26 12:21:44.641,"300","1005","24.1","69.1","1004","73","22",
05/20/26 12:21:49.641,"300","1005","24.1","69","1004","73","22",
05/20/26 12:21:54.641,"300","1005","24.1","69","1004","73","22",
05/20/26 12:21:59.640,"300","1005","24","69.1","1004","73","22",
05/20/26 12:22:04.641,"300","1005","24","69.1","1004","73","22",
05/20/26 12:22:09.641,"300","1005","24","69.1","1004","73","21.9",
05/20/26 12:22:14.641,"300","1005","24","69.1","1004","73","21.9",
05/20/26 12:22:19.641,"400","1005","24","69.1","1004","73","21.9",
05/20/26 12:22:24.641,"400","1005","24","69.2","1004","73","21.9",
05/20/26 12:22:29.641,"400","1005","24","69.2","1004","73","21.9",
05/20/26 12:22:34.641,"300","1005","24","69.4","1004","73","21.9",
05/20/26 12:22:39.641,"300","1005","23.9","69.5","1004","73","21.9",
05/20/26 12:22:44.641,"300","1005","23.9","69.4","1004","73","21.9",
05/20/26 12:22:49.642,"300","1005","23.9","69.5","1004","73","21.9",
05/20/26 12:22:54.641,"300","1005","23.9","69.5","1004","73","21.9",
05/20/26 12:22:59.641,"300","1005","23.9","69.5","1004","73","21.9",
05/20/26 12:23:04.641,"300","1005","23.9","69.6","1004","73","21.9",
05/20/26 12:23:09.641,"300","1005","23.9","69.6","1004","73","21.9",
05/20/26 12:23:14.641,"200","1005","23.9","69.6","1004","73","21.9",
05/20/26 12:23:19.641,"200","1005","23.9","69.6","1004","73","21.9",
05/20/26 12:23:24.641,"200","1005","23.9","69.5","1004","73","21.9",
05/20/26 12:23:29.641,"200","1005","23.9","69.7","1004","73","21.9",
05/20/26 12:23:34.642,"200","1005","23.9","69.6","1004","73","21.9",
05/20/26 12:23:39.642,"300","1005","23.8","69.6","1004","73","21.9",
05/20/26 12:23:44.641,"300","1005","23.8","69.7","1004","73","21.9",
05/20/26 12:23:49.641,"300","1005","23.9","69.9","1004","73","21.9",
05/20/26 12:23:54.641,"300","1005","23.9","69.9","1004","73","21.9",
05/20/26 12:23:59.641,"300","1005","23.9","69.8","1004","73","21.9",
05/20/26 12:24:04.641,"200","1005","23.9","69.7","1004","73","21.9",
05/20/26 12:24:09.641,"200","1005","23.9","69.6","1004","73","21.9",
05/20/26 12:24:14.642,"200","1005","23.9","69.7","1004","73","21.9",
05/20/26 12:24:19.642,"200","1005","23.9","69.8","1004","73","21.9",
05/20/26 12:24:24.642,"200","1005","23.9","69.8","1004","73","21.9",
05/20/26 12:24:29.641,"200","1005","23.9","69.9","1004","73","21.9",
05/20/26 12:24:34.642,"200","1005","23.9","69.9","1004","73","21.9",
05/20/26 12:24:39.642,"300","1005","23.9","70.1","1004","73","21.9",
05/20/26 12:24:44.641,"200","1005","23.9","70.1","1004","74","21.9",
05/20/26 12:24:49.642,"200","1005","23.9","70.1","1004","74","21.9",
05/20/26 12:24:54.642,"200","1005","23.9","70.1","1004","74","21.9",
05/20/26 12:24:59.642,"200","1005","23.9","70","1004","74","21.9",
05/20/26 12:25:04.642,"200","1005","23.9","70","1004","74","21.9",
05/20/26 12:25:09.642,"200","1005","24","69.9","1004","74","21.9",
05/20/26 12:25:14.642,"200","1005","24","69.8","1004","74","21.9",
05/20/26 12:25:19.642,"200","1005","24","69.7","1004","74","21.9",
05/20/26 12:25:24.642,"200","1005","24","69.7","1004","73","21.9",
05/20/26 12:25:29.642,"200","1005","24","69.6","1004","73","21.9",
05/20/26 12:25:34.642,"300","1005","24","69.4","1004","73","21.9",
05/20/26 12:25:39.642,"300","1005","24","69.4","1004","73","21.9",
05/20/26 12:25:44.642,"300","1005","24.1","69.5","1004","73","21.9",
05/20/26 12:25:49.643,"200","1005","24","69.3","1004","73","21.9",
05/20/26 12:25:54.643,"200","1005","24","69.1","1004","73","21.9",
05/20/26 12:25:59.642,"200","1005","24","69.1","1004","73","21.9",
05/20/26 12:26:04.642,"200","1005","24","69.2","1004","73","21.9",
05/20/26 12:26:09.643,"200","1005","24","69.2","1004","73","21.9",
05/20/26 12:26:14.642,"200","1005","24","69.2","1004","73","21.9",
05/20/26 12:26:19.642,"200","1005","24","69.3","1004","73","21.9",
05/20/26 12:26:24.642,"200","1005","24","69.3","1004","73","21.9",
05/20/26 12:26:29.643,"200","1005","24","69.3","1004","73","21.9",
05/20/26 12:26:34.642,"200","1005","24","69.3","1004","73","21.9",
05/20/26 12:26:39.642,"200","1005","24","69.2","1004","73","21.9",
05/20/26 12:26:44.642,"200","1005","24","69.1","1004","73","21.9",
05/20/26 12:26:49.642,"300","1005","24","69.2","1004","73","21.9",
05/20/26 12:26:54.643,"300","1005","23.9","69.2","1004","73","21.9",
05/20/26 12:26:59.643,"200","1005","23.9","69.4","1004","73","21.9",
05/20/26 12:27:04.643,"200","1005","23.9","69.4","1004","73","21.9",
05/20/26 12:27:09.642,"200","1005","23.9","69.4","1004","73","21.9",
05/20/26 12:27:14.643,"200","1005","23.9","69.4","1004","73","21.9",
05/20/26 12:27:19.642,"200","1005","23.9","69.4","1004","73","21.9",
05/20/26 12:27:24.643,"300","1005","23.8","69.5","1004","73","21.9",
05/20/26 12:27:29.642,"300","1005","23.8","69.8","1004","73","21.9",
05/20/26 12:27:34.642,"200","1005","23.8","69.9","1004","73","21.8",
05/20/26 12:27:39.643,"200","1005","23.9","69.9","1004","73","21.9",
05/20/26 12:27:44.643,"200","1005","23.9","69.8","1004","73","21.9",
05/20/26 12:27:49.643,"200","1005","23.9","69.7","1004","73","21.9",
05/20/26 12:27:54.642,"200","1005","23.9","69.6","1004","73","21.9",
05/20/26 12:27:59.643,"200","1005","23.9","69.5","1004","73","21.9",
05/20/26 12:28:04.643,"200","1005","23.9","69.5","1004","73","21.9",
05/20/26 12:28:09.643,"200","1005","23.9","69.5","1004","73","21.9",
05/20/26 12:28:14.643,"200","1005","23.9","69.5","1004","73","21.9",
05/20/26 12:28:19.643,"200","1005","23.9","69.4","1004","73","21.9",
05/20/26 12:28:24.643,"200","1005","23.9","69.5","1004","73","21.9",
05/20/26 12:28:29.644,"200","1005","23.9","69.4","1004","73","21.9",
05/20/26 12:28:34.643,"200","1005","23.9","69.4","1004","73","21.9",
05/20/26 12:28:39.643,"200","1005","23.9","69.4","1004","73","21.8",
05/20/26 12:28:44.643,"200","1005","24","69.4","1004","73","21.9",
05/20/26 12:28:49.643,"200","1005","24","69.4","1004","73","21.9",
05/20/26 12:28:54.643,"200","1005","23.9","69.5","1004","73","21.9",
05/20/26 12:28:59.643,"200","1005","24","69.5","1004","73","21.9",
05/20/26 12:29:04.643,"200","1005","24","69.3","1004","73","21.9",
05/20/26 12:29:09.643,"200","1005","23.9","69.3","1004","73","21.9",
05/20/26 12:29:14.644,"200","1005","23.9","69.3","1004","73","21.9",
05/20/26 12:29:19.643,"200","1005","23.9","69.3","1004","73","21.8",
05/20/26 12:29:24.644,"200","1005","23.9","69.4","1004","73","21.8",
05/20/26 12:29:29.643,"200","1005","23.9","69.4","1004","73","21.8",
05/20/26 12:29:34.644,"200","1005","23.9","69.4","1004","73","21.8",
05/20/26 12:29:39.644,"200","1005","23.9","69.4","1004","73","21.8",
05/20/26 12:29:44.643,"200","1005","23.9","69.4","1004","73","21.8",
05/20/26 12:29:49.644,"200","1005","23.9","69.3","1004","73","21.8",
05/20/26 12:29:54.643,"200","1005","23.9","69.4","1004","73","21.8",
05/20/26 12:29:59.643,"200","1005","23.9","69.5","1004","73","21.8",
05/20/26 12:30:04.643,"200","1005","23.8","69.5","1004","73","21.8",
05/20/26 12:30:09.644,"200","1005","23.9","69.5","1004","73","21.8",
05/20/26 12:30:14.643,"200","1005","23.9","69.5","1004","73","21.8",
05/20/26 12:30:19.644,"100","1005","23.8","69.6","1004","73","21.8",
05/20/26 12:30:24.644,"200","1005","23.9","69.8","1004","73","21.8",
05/20/26 12:30:29.643,"200","1005","23.9","69.8","1004","73","21.8",
05/20/26 12:30:34.644,"200","1005","23.9","69.8","1004","73","21.8",
05/20/26 12:30:39.644,"100","1005","23.9","69.7","1004","73","21.8",
05/20/26 12:30:44.644,"200","1005","23.9","69.6","1004","73","21.8",
05/20/26 12:30:49.644,"200","1005","23.9","69.7","1004","73","21.8",
05/20/26 12:30:54.644,"200","1005","23.9","69.7","1004","73","21.8",
05/20/26 12:30:59.644,"200","1005","23.9","69.6","1004","73","21.8",
05/20/26 12:31:04.644,"200","1005","23.9","69.7","1004","73","21.8",
05/20/26 12:31:09.644,"200","1005","23.8","69.8","1004","73","21.8",
05/20/26 12:31:14.644,"200","1005","23.9","69.7","1004","73","21.8",
05/20/26 12:31:19.644,"200","1005","23.9","69.7","1004","73","21.8",
05/20/26 12:31:24.644,"200","1005","23.9","69.7","1004","73","21.8",
05/20/26 12:31:29.644,"200","1005","23.9","69.9","1004","74","21.8",
05/20/26 12:31:34.644,"200","1005","23.9","69.8","1004","74","21.8",
05/20/26 12:31:39.644,"200","1005","23.9","69.7","1004","73","21.8",
05/20/26 12:31:44.644,"200","1005","23.9","69.6","1004","73","21.8",
05/20/26 12:31:49.646,"200","1005","23.9","69.6","1004","73","21.8",
05/20/26 12:31:54.644,"200","1005","23.9","69.6","1004","73","21.8",
05/20/26 12:31:59.645,"200","1005","23.9","69.6","1004","73","21.8",
05/20/26 12:32:04.645,"200","1005","24","69.5","1004","74","21.8",
05/20/26 12:32:09.646,"200","1005","24","69.6","1004","74","21.8",
05/20/26 12:32:14.644,"200","1005","24","69.6","1004","74","21.8",
05/20/26 12:32:19.645,"200","1005","24","69.5","1004","73","21.8",
05/20/26 12:32:24.644,"200","1005","24","69.5","1004","74","21.8",
05/20/26 12:32:29.644,"200","1005","24","69.4","1004","74","21.8",
05/20/26 12:32:34.645,"200","1005","24","69.5","1004","74","21.9",
05/20/26 12:32:39.644,"200","1005","24","69.5","1004","74","21.9",
05/20/26 12:32:44.644,"200","1005","24","69.4","1004","73","21.9",
05/20/26 12:32:49.644,"200","1005","24","69.4","1004","73","21.9",
05/20/26 12:32:54.645,"200","1005","24","69.3","1004","73","21.9",
05/20/26 12:32:59.644,"100","1005","24","69.2","1004","73","21.9",
05/20/26 12:33:04.644,"200","1005","24","69.3","1004","73","21.9",
05/20/26 12:33:09.644,"200","1005","23.9","69.3","1004","73","21.9",
05/20/26 12:33:14.644,"200","1005","23.9","69.3","1004","73","21.9",
05/20/26 12:33:19.645,"200","1005","23.9","69.5","1004","73","21.9",
05/20/26 12:33:24.644,"200","1005","23.9","69.5","1004","73","21.8",
05/20/26 12:33:29.645,"200","1005","23.9","69.5","1004","73","21.8",
05/20/26 12:33:34.645,"200","1005","23.9","69.5","1004","73","21.8",
05/20/26 12:33:39.644,"200","1005","24","69.5","1004","73","21.9",
05/20/26 12:33:44.644,"200","1005","24","69.3","1004","73","21.9",
05/20/26 12:33:49.645,"200","1005","23.9","69.2","1004","73","21.8",
05/20/26 12:33:54.645,"200","1005","23.9","69.2","1004","73","21.8",
05/20/26 12:33:59.645,"200","1005","23.9","69.3","1004","73","21.8",
05/20/26 12:34:04.645,"200","1005","23.9","69.3","1004","73","21.8",
05/20/26 12:34:09.645,"200","1005","23.9","69.3","1004","73","21.8",
05/20/26 12:34:14.645,"200","1005","23.9","69.4","1004","73","21.8",
05/20/26 12:34:19.645,"200","1005","23.9","69.4","1004","73","21.8",
05/20/26 12:34:24.645,"200","1005","23.9","69.5","1004","73","21.8",
05/20/26 12:34:29.645,"200","1005","23.9","69.5","1004","73","21.8",
05/20/26 12:34:34.645,"200","1005","23.9","69.6","1004","73","21.8",
05/20/26 12:34:39.645,"200","1005","23.9","69.8","1004","73","21.8",
05/20/26 12:34:44.646,"100","1005","23.9","69.7","1004","73","21.8",
05/20/26 12:34:49.645,"100","1005","23.9","69.7","1004","73","21.8",
05/20/26 12:34:54.646,"100","1005","23.9","69.8","1004","73","21.8",
05/20/26 12:34:59.645,"100","1005","23.9","69.8","1004","74","21.8",
05/20/26 12:35:04.645,"100","1005","23.9","69.7","1004","73","21.8",
05/20/26 12:35:09.646,"200","1005","23.9","69.6","1004","73","21.8",
05/20/26 12:35:14.646,"200","1005","23.9","69.5","1004","73","21.8",
05/20/26 12:35:19.646,"200","1005","23.9","69.6","1004","73","21.8",
05/20/26 12:35:24.645,"200","1005","24","69.6","1004","73","21.8",
05/20/26 12:35:29.646,"200","1005","23.9","69.5","1004","73","21.8",
05/20/26 12:35:34.645,"200","1005","23.9","69.6","1004","74","21.8",
05/20/26 12:35:39.645,"200","1005","23.9","69.5","1004","74","21.9",
05/20/26 12:35:44.645,"200","1005","23.9","69.6","1004","73","21.8",
05/20/26 12:35:49.646,"200","1005","24","69.5","1004","73","21.8",
05/20/26 12:35:54.646,"100","1005","24","69.5","1004","73","21.9",
05/20/26 12:35:59.646,"100","1005","23.9","69.4","1004","73","21.9",
05/20/26 12:36:04.646,"200","1005","23.9","69.4","1004","73","21.9",
05/20/26 12:36:09.646,"200","1005","23.9","69.4","1004","73","21.9",
05/20/26 12:36:14.646,"200","1005","23.9","69.5","1004","73","21.9",
05/20/26 12:36:19.646,"200","1005","23.9","69.5","1004","73","21.9",
05/20/26 12:36:24.646,"200","1005","23.9","69.4","1004","73","21.9",
05/20/26 12:36:29.646,"100","1005","23.9","69.4","1004","73","21.8",
05/20/26 12:36:34.646,"200","1005","23.9","69.4","1004","73","21.9",
05/20/26 12:36:39.646,"200","1005","23.9","69.4","1004","73","21.8",
05/20/26 12:36:44.646,"200","1005","23.9","69.4","1004","73","21.8",
05/20/26 12:36:49.646,"200","1005","23.9","69.4","1004","73","21.8",
05/20/26 12:36:54.646,"200","1005","23.9","69.4","1004","73","21.8",
05/20/26 12:36:59.646,"200","1005","23.9","69.4","1004","73","21.8",
05/20/26 12:37:04.659,"200","1005","23.9","69.5","1004","73","21.8",
05/20/26 12:37:09.708,"200","1005","23.9","69.8","1004","73","21.8",
05/20/26 12:37:14.664,"200","1005","23.9","69.8","1004","74","21.8",
05/20/26 12:37:19.669,"200","1005","23.9","69.8","1004","74","21.8",
05/20/26 12:37:24.647,"200","1005","23.9","69.8","1004","74","21.8",
05/20/26 12:37:29.646,"200","1005","23.9","69.6","1004","73","21.8",
05/20/26 12:37:34.646,"200","1005","23.9","69.5","1004","73","21.8",
05/20/26 12:37:39.646,"100","1005","24","69.5","1004","74","21.9",
05/20/26 12:37:44.690,"200","1005","24","69.6","1004","73","21.9",
05/20/26 12:37:49.775,"200","1005","24","69.5","1004","73","21.9",
05/20/26 12:37:54.884,"200","1005","24","69.3","1004","73","21.9",
05/20/26 12:37:59.936,"200","1005","24","69.3","1004","73","21.9",
05/20/26 12:38:04.647,"200","1005","24","69.3","1004","73","21.9",
05/20/26 12:38:09.646,"200","1005","24","69.2","1004","73","21.9",
05/20/26 12:38:14.647,"200","1005","24","69.2","1004","73","21.9",
05/20/26 12:38:19.647,"200","1005","24","69.4","1004","73","21.9",
05/20/26 12:38:24.647,"200","1005","24","69.4","1004","73","21.9",
05/20/26 12:38:29.647,"200","1005","24","69.3","1004","73","21.9",
05/20/26 12:38:34.647,"200","1005","24","69.3","1004","73","21.9",
05/20/26 12:38:39.647,"200","1005","24","69.2","1004","73","21.9",
05/20/26 12:38:44.647,"200","1005","24","69.2","1004","73","21.9",
05/20/26 12:38:49.647,"200","1005","24","69.2","1004","73","21.9",
05/20/26 12:38:54.647,"200","1005","24","69.3","1004","73","21.9",
05/20/26 12:38:59.646,"400","1005","24","69.4","1004","73","21.9",
05/20/26 12:39:04.646,"400","1005","24","69.4","1004","73","21.9",
05/20/26 12:39:09.647,"400","1005","24","69.5","1004","73","21.9",
05/20/26 12:39:14.647,"300","1005","24","69.4","1004","73","21.9",
05/20/26 12:39:19.647,"300","1005","24","69.5","1004","73","21.9",
05/20/26 12:39:24.647,"300","1005","24","69.5","1004","73","21.9",
05/20/26 12:39:29.647,"200","1005","24","69.5","1004","73","21.9",
05/20/26 12:39:34.646,"200","1005","24","69.4","1004","73","21.9",
05/20/26 12:39:39.831,"200","1005","24","69.3","1004","73","21.9",
05/20/26 12:39:44.784,"200","1005","24","69.4","1004","73","21.9",
05/20/26 12:39:49.906,"200","1005","24","69.4","1004","73","21.9",
05/20/26 12:39:55.047,"200","1005","24","69.4","1004","73","21.9",
05/20/26 12:40:00.119,"200","1005","24","69.3","1004","73","21.9",
05/20/26 12:40:05.193,"200","1005","24","69.4","1004","73","21.9",
05/20/26 12:40:10.221,"200","1005","24","69.3","1004","73","21.9",
05/20/26 12:40:15.405,"200","1005","24","69.2","1004","73","21.9",
05/20/26 12:40:20.562,"100","1005","23.9","69.3","1004","73","21.9",
05/20/26 12:40:25.204,"100","1005","23.9","69.5","1004","73","21.9",
05/20/26 12:40:29.717,"200","1005","23.9","69.5","1004","73","21.9",
05/20/26 12:40:34.647,"200","1005","23.9","69.5","1004","73","21.9",
05/20/26 12:40:39.648,"100","1005","23.9","69.6","1004","73","21.9",
05/20/26 12:40:44.648,"200","1005","23.9","69.6","1004","73","21.9",
05/20/26 12:40:49.647,"200","1005","23.9","69.6","1004","73","21.9",
05/20/26 12:40:54.647,"300","1005","23.9","69.8","1004","73","21.9",
05/20/26 12:40:59.647,"400","1005","23.9","69.8","1004","73","21.9",
05/20/26 12:41:04.647,"500","1005","23.9","69.8","1004","73","21.9",
05/20/26 12:41:09.647,"600","1005","23.9","69.8","1004","73","21.9",
05/20/26 12:41:14.648,"600","1005","23.9","69.8","1004","73","21.9",
05/20/26 12:41:19.647,"700","1005","23.9","69.8","1004","73","21.9",
05/20/26 12:41:24.647,"1000","1005","23.9","69.8","1004","73","21.9",
05/20/26 12:41:29.647,"1300","1005","23.9","69.8","1004","73","21.9",
05/20/26 12:41:34.648,"1800","1005","23.9","69.7","1004","73","21.9",
05/20/26 12:41:39.647,"2200","1005","23.9","69.7","1004","73","21.9",
05/20/26 12:41:44.648,"2700","1005","23.9","69.7","1004","73","21.9",
05/20/26 12:41:49.648,"3200","1005","23.9","69.9","1004","73","21.9",
05/20/26 12:41:54.648,"3700","1005","23.9","69.7","1004","73","21.9",
05/20/26 12:41:59.648,"4300","1005","23.9","69.7","1004","73","21.9",
05/20/26 12:42:04.648,"4800","1005","23.9","69.6","1004","73","21.9",
05/20/26 12:42:09.648,"5300","1005","23.9","69.6","1004","73","21.9",
05/20/26 12:42:14.647,"5700","1005","23.9","69.7","1004","73","21.9",
05/20/26 12:42:19.648,"6100","1005","23.9","69.8","1004","73","21.9",
05/20/26 12:42:24.648,"6600","1005","24","69.8","1004","73","21.9",
05/20/26 12:42:29.648,"7000","1005","24","69.6","1004","73","21.9",
05/20/26 12:42:34.647,"7300","1005","23.9","69.6","1004","73","21.9",
05/20/26 12:42:39.814,"7700","1005","23.9","69.5","1004","73","21.9",
05/20/26 12:42:45.162,"8100","1005","23.9","69.5","1004","73","21.9",
05/20/26 12:42:50.524,"8600","1005","23.9","69.6","1004","73","21.9",
05/20/26 12:42:55.633,"8900","1005","23.9","69.7","1004","73","21.9",
05/20/26 12:43:00.837,"9200","1005","23.9","69.6","1004","73","21.9",
05/20/26 12:43:06.129,"9700","1005","23.9","69.6","1004","73","21.9",
05/20/26 12:43:11.352,"10000","1005","23.9","69.6","1004","73","21.9",
05/20/26 12:43:16.675,"10300","1005","23.9","69.6","1004","73","21.9",
05/20/26 12:43:21.852,"10500","1005","23.9","69.6","1004","73","21.9",
05/20/26 12:43:27.123,"10900","1005","23.9","69.5","1004","73","21.9",
05/20/26 12:43:32.375,"11300","1005","23.9","69.5","1004","73","21.9",
05/20/26 12:43:37.647,"11700","1005","23.9","69.5","1004","73","21.9",
05/20/26 12:43:42.926,"12100","1005","23.9","69.6","1004","73","21.9",
05/20/26 12:43:48.183,"12500","1005","23.9","69.7","1004","73","21.9",
05/20/26 12:43:53.446,"12800","1005","23.9","69.7","1004","73","21.9",
05/20/26 12:43:58.607,"13300","1005","23.9","69.8","1004","73","21.9",
05/20/26 12:44:03.886,"13600","1005","23.9","69.8","1004","73","21.9",
05/20/26 12:44:09.152,"13800","1005","23.9","69.8","1004","73","21.9",
05/20/26 12:44:14.491,"14200","1005","23.9","69.8","1004","73","21.9",
05/20/26 12:44:19.755,"14500","1005","23.9","69.9","1004","73","21.9",
05/20/26 12:44:24.917,"14800","1005","23.9","69.9","1004","73","21.9",
05/20/26 12:44:30.162,"15100","1005","23.9","69.9","1004","73","21.9",
05/20/26 12:44:35.397,"15400","1005","23.9","69.9","1004","73","21.9",
05/20/26 12:44:40.673,"15800","1005","24","69.8","1004","73","21.9",
05/20/26 12:44:45.914,"16100","1005","24","69.7","1004","73","21.9",
05/20/26 12:44:51.186,"16400","1005","24","69.6","1004","73","21.9",
05/20/26 12:44:56.460,"16700","1005","24","69.6","1004","73","21.9",
05/20/26 12:45:01.762,"16900","1005","24","69.7","1004","73","21.9",
05/20/26 12:45:07.011,"17200","1005","24","69.6","1004","73","21.9",
05/20/26 12:45:12.286,"17500","1005","24","69.5","1004","73","21.9",
05/20/26 12:45:17.574,"17900","1005","24","69.5","1004","73","21.9",
05/20/26 12:45:22.820,"18100","1005","24","69.3","1004","73","21.9",
05/20/26 12:45:27.932,"18300","1005","24","69.3","1004","73","21.9",
05/20/26 12:45:32.936,"18500","1005","24","69.3","1004","73","21.9",
05/20/26 12:45:37.953,"18700","1005","24","69.4","1004","73","21.9",
05/20/26 12:45:42.912,"19000","1005","24","69.3","1004","73","21.9",
05/20/26 12:45:47.930,"19200","1005","24","69.4","1004","73","21.9",
05/20/26 12:45:52.908,"19400","1005","24","69.3","1004","73","21.9",
05/20/26 12:45:57.812,"19600","1005","23.9","69.2","1004","73","21.9",
05/20/26 12:46:02.851,"19800","1005","23.9","69.2","1004","73","21.9",
05/20/26 12:46:07.793,"20100","1005","23.9","69.2","1004","73","21.9",
05/20/26 12:46:12.842,"20300","1005","23.9","69.2","1004","73","21.9",
05/20/26 12:46:17.840,"20500","1005","23.9","69.4","1004","73","21.9",
05/20/26 12:46:22.861,"20800","1005","23.9","69.4","1004","73","21.9",
05/20/26 12:46:27.828,"21000","1005","23.9","69.5","1004","73","21.9",
05/20/26 12:46:32.855,"21300","1005","23.9","69.5","1004","73","21.9",
05/20/26 12:46:37.870,"21400","1005","23.9","69.5","1004","73","21.9",
05/20/26 12:46:42.956,"21500","1005","23.9","69.6","1004","73","21.9",
05/20/26 12:46:48.013,"21900","1005","23.9","69.5","1004","73","21.9",
05/20/26 12:46:53.045,"22000","1005","23.9","69.5","1004","73","21.9",
05/20/26 12:46:58.056,"22100","1005","23.9","69.6","1004","73","21.9",
05/20/26 12:47:03.040,"22500","1005","23.9","69.7","1004","73","21.9",
05/20/26 12:47:08.122,"22600","1005","23.9","69.7","1004","73","21.9",
05/20/26 12:47:13.153,"22700","1005","23.9","69.7","1004","73","21.9",
05/20/26 12:47:18.235,"22900","1005","23.9","69.8","1004","73","21.9",
05/20/26 12:47:23.229,"23200","1005","23.9","69.8","1004","73","21.9",
05/20/26 12:47:28.228,"23500","1005","23.9","69.9","1004","73","21.9",
05/20/26 12:47:33.215,"23500","1005","23.9","69.9","1004","73","21.9",
05/20/26 12:47:38.271,"23700","1005","23.9","70","1004","73","21.9",
05/20/26 12:47:43.299,"24000","1005","23.9","70.1","1004","74","21.9",
05/20/26 12:47:48.351,"24300","1005","23.9","70","1004","74","21.9",
05/20/26 12:47:53.407,"24400","1004","23.9","69.9","1004","73","21.9",
05/20/26 12:47:58.439,"24500","1005","23.9","69.8","1004","73","21.9",
05/20/26 12:48:03.526,"24700","1005","24","69.8","1004","74","21.9",
05/20/26 12:48:08.625,"24900","1005","24","69.8","1004","73","21.9",
05/20/26 12:48:13.719,"25000","1005","24","69.7","1004","73","21.9",
05/20/26 12:48:18.764,"25200","1004","24","69.5","1004","73","21.9",
05/20/26 12:48:24.188,"25400","1005","23.9","69.7","1004","73","21.9",
05/20/26 12:48:29.680,"25400","1004","24","69.6","1004","73","21.9",
05/20/26 12:48:35.149,"25500","1005","24","69.6","1004","73","21.9",
05/20/26 12:48:40.484,"25800","1004","24","69.5","1004","73","21.9",
05/20/26 12:48:45.925,"25900","1004","24","69.5","1004","73","21.9",
05/20/26 12:48:51.377,"26200","1004","24","69.5","1004","73","21.9",
05/20/26 12:48:56.973,"26200","1004","24","69.2","1004","73","21.9",
05/20/26 12:49:02.487,"26300","1005","24","69.1","1004","73","21.9",
05/20/26 12:49:07.971,"26600","1005","24","69.1","1004","73","21.9",
05/20/26 12:49:13.559,"26900","1004","24","69.3","1004","73","21.9",
05/20/26 12:49:19.086,"27000","1004","23.9","69.4","1004","73","21.9",
05/20/26 12:49:24.276,"27100","1005","23.9","69.4","1004","73","21.9",
05/20/26 12:49:29.469,"27300","1005","23.9","69.4","1004","73","21.9",
05/20/26 12:49:34.667,"27300","1004","23.9","69.4","1004","73","21.9",
05/20/26 12:49:39.846,"27400","1004","23.9","69.4","1003","73","21.9",
05/20/26 12:49:45.413,"27700","1004","23.9","69.5","1004","73","21.9",
05/20/26 12:49:50.934,"27700","1005","23.9","69.6","1004","73","21.9",
05/20/26 12:49:56.480,"27900","1005","23.9","69.7","1004","73","21.9",
05/20/26 12:50:01.960,"27900","1004","23.9","69.7","1004","73","21.9",
05/20/26 12:50:07.476,"28100","1005","23.9","69.7","1004","73","21.9",
05/20/26 12:50:12.966,"28100","1004","23.8","69.6","1004","73","21.9",
05/20/26 12:50:18.472,"28200","1004","23.8","69.7","1004","73","21.9",
05/20/26 12:50:23.982,"28400","1004","23.8","69.8","1004","73","21.9",
05/20/26 12:50:29.589,"28800","1004","23.9","69.7","1004","73","21.9",
05/20/26 12:50:35.130,"29000","1004","23.9","69.6","1004","73","21.9",
05/20/26 12:50:40.578,"28900","1004","23.9","69.6","1004","73","21.9",
05/20/26 12:50:46.121,"28900","1004","23.9","69.7","1004","73","21.9",
05/20/26 12:50:51.591,"29100","1004","23.9","69.8","1003","73","21.9",
05/20/26 12:50:57.086,"29300","1004","23.9","69.8","1004","73","21.9",
05/20/26 12:51:02.589,"29400","1004","23.9","69.6","1003","73","21.9",
05/20/26 12:51:08.073,"29500","1004","23.9","69.7","1004","73","21.9",
05/20/26 12:51:13.610,"29700","1004","23.8","69.5","1004","73","21.8",
05/20/26 12:51:19.132,"29700","1004","23.8","69.6","1004","73","21.8",
05/20/26 12:51:24.699,"30000","1004","23.8","69.7","1004","73","21.8",
05/20/26 12:51:30.170,"30100","1004","23.8","69.8","1004","73","21.8",
05/20/26 12:51:35.676,"30100","1004","23.8","69.8","1003","73","21.8",
05/20/26 12:51:41.248,"30200","1004","23.8","69.9","1003","73","21.8",
05/20/26 12:51:46.829,"30300","1004","23.8","69.9","1004","73","21.8",
05/20/26 12:51:52.379,"30500","1004","23.8","70.1","1003","73","21.8",
05/20/26 12:51:57.977,"30900","1004","23.8","69.9","1003","73","21.8",
05/20/26 12:52:03.569,"31000","1004","23.8","70","1004","73","21.8",
05/20/26 12:52:09.046,"31100","1004","23.8","70","1004","73","21.8",
05/20/26 12:52:14.643,"31300","1004","23.8","70","1004","73","21.8",
05/20/26 12:52:20.208,"31300","1004","23.8","70","1004","73","21.8",
05/20/26 12:52:25.705,"31400","1004","23.8","70.1","1003","73","21.8",
05/20/26 12:52:31.339,"31600","1004","23.8","70.1","1004","73","21.8",
05/20/26 12:52:36.862,"31400","1004","23.8","70.1","1003","73","21.8",
05/20/26 12:52:42.398,"31400","1004","23.8","70.2","1003","74","21.8",
05/20/26 12:52:48.043,"31700","1004","23.8","70","1004","74","21.8",
05/20/26 12:52:53.726,"32000","1004","23.8","69.9","1003","73","21.8",
05/20/26 12:52:59.048,"32000","1004","23.8","69.8","1004","73","21.8",
05/20/26 12:53:04.401,"32100","1004","23.8","69.9","1003","73","21.8",
05/20/26 12:53:09.664,"32300","1004","23.8","69.9","1004","73","21.8",
05/20/26 12:53:14.989,"32500","1004","23.8","70.1","1003","74","21.8",
05/20/26 12:53:20.347,"32600","1004","23.8","70.1","1003","74","21.8",
05/20/26 12:53:25.669,"32600","1004","23.8","70.1","1003","74","21.8",
05/20/26 12:53:30.963,"32600","1004","23.8","70.1","1003","74","21.8",
05/20/26 12:53:36.240,"32700","1004","23.8","70.1","1003","74","21.8",
05/20/26 12:53:41.548,"32900","1004","23.8","69.9","1004","73","21.8",
05/20/26 12:53:46.931,"33000","1004","23.8","70.1","1004","74","21.8",
05/20/26 12:53:52.302,"32800","1004","23.8","70.2","1004","74","21.8",
05/20/26 12:53:57.651,"32800","1004","23.9","70.1","1003","74","21.8",
05/20/26 12:54:02.933,"33000","1004","23.9","70","1004","74","21.8",
05/20/26 12:54:08.294,"33100","1005","23.9","69.8","1003","74","21.8",
05/20/26 12:54:13.662,"33100","1004","23.9","69.7","1003","74","21.8",
05/20/26 12:54:18.994,"33500","1004","23.9","69.6","1003","73","21.8",
05/20/26 12:54:24.357,"33500","1004","23.9","69.4","1003","73","21.8",
05/20/26 12:54:29.697,"33600","1004","23.9","69.5","1003","73","21.8",
05/20/26 12:54:34.995,"33600","1004","23.9","69.7","1004","73","21.8",
05/20/26 12:54:40.337,"33500","1004","23.9","69.7","1004","73","21.8",
05/20/26 12:54:45.706,"33600","1004","23.9","69.7","1003","73","21.8",
05/20/26 12:54:51.145,"33600","1004","23.8","69.8","1003","73","21.8",
05/20/26 12:54:56.524,"33900","1004","23.8","69.8","1004","73","21.8",
05/20/26 12:55:01.896,"34000","1004","23.8","70","1004","74","21.8",
05/20/26 12:55:07.272,"34000","1004","23.8","70","1004","74","21.8",
05/20/26 12:55:12.653,"34000","1004","23.9","70","1004","74","21.8",
05/20/26 12:55:18.027,"34400","1004","23.9","69.9","1003","74","21.8",
05/20/26 12:55:23.411,"34600","1004","23.9","69.9","1004","74","21.8",
05/20/26 12:55:28.809,"34600","1004","23.9","69.8","1004","74","21.8",
05/20/26 12:55:34.523,"34600","1004","23.9","69.8","1003","74","21.9",
05/20/26 12:55:40.252,"34700","1004","23.9","69.8","1003","74","21.9",
05/20/26 12:55:46.029,"34600","1004","24","69.8","1003","74","21.9",
05/20/26 12:55:51.735,"34800","1004","24","69.6","1003","74","21.9",
05/20/26 12:55:57.360,"35000","1004","23.9","69.5","1003","73","21.9",
05/20/26 12:56:03.098,"35000","1004","24","69.4","1003","73","21.9",
05/20/26 12:56:08.792,"35100","1004","24","69.5","1004","73","21.9",
05/20/26 12:56:14.449,"35200","1004","24","69.5","1003","73","21.9",
05/20/26 12:56:20.281,"35100","1004","24","69.3","1003","73","21.9",
05/20/26 12:56:25.967,"35000","1004","24","69.2","1003","73","21.9",
05/20/26 12:56:31.735,"35300","1004","24","69.2","1003","73","21.9",
05/20/26 12:56:37.557,"35400","1004","24","69.1","1003","73","21.9",
05/20/26 12:56:43.291,"35500","1004","24","69.1","1003","73","21.9",
05/20/26 12:56:49.033,"35500","1004","24","69.2","1003","73","21.9",
05/20/26 12:56:54.796,"35600","1004","23.9","69.3","1003","73","21.9",
05/20/26 12:57:00.580,"35600","1004","23.9","69.4","1003","73","21.9",
05/20/26 12:57:06.351,"35600","1004","23.9","69.4","1003","73","21.9",
05/20/26 12:57:12.165,"35700","1004","23.9","69.5","1003","73","21.9",
05/20/26 12:57:18.044,"36000","1004","23.9","69.5","1003","73","21.9",
05/20/26 12:57:23.782,"36200","1004","24","69.5","1003","73","21.9",
05/20/26 12:57:29.468,"36000","1004","24","69.4","1003","73","21.9",
05/20/26 12:57:35.187,"36100","1004","24","69.3","1003","73","21.9",
05/20/26 12:57:40.963,"36200","1004","23.9","69.2","1003","73","21.9",
05/20/26 12:57:46.703,"36200","1004","23.9","69.3","1003","73","21.9",
05/20/26 12:57:52.516,"36200","1004","23.9","69.3","1003","73","21.9",
05/20/26 12:57:58.354,"36200","1004","23.9","69.3","1003","73","21.9",
05/20/26 12:58:04.195,"36400","1004","24","69.4","1003","73","21.9",
05/20/26 12:58:10.018,"36500","1004","24","69.4","1003","73","21.9",
05/20/26 12:58:15.794,"36500","1004","24","69.4","1003","73","21.9",
05/20/26 12:58:21.625,"36500","1004","24","69.5","1003","73","21.9",
05/20/26 12:58:27.465,"36600","1004","24","69.3","1003","73","21.9",
05/20/26 12:58:33.200,"36500","1004","24","69.4","1003","73","21.9",
05/20/26 12:58:38.946,"36800","1004","24","69.4","1003","73","21.9",
05/20/26 12:58:44.795,"36800","1004","24","69.4","1003","73","21.9",
05/20/26 12:58:50.595,"37000","1004","24","69.2","1003","73","21.9",
05/20/26 12:58:56.416,"36800","1004","24","69.2","1003","73","21.9",
05/20/26 12:59:02.277,"37000","1004","24.1","69.1","1003","73","21.9",
05/20/26 12:59:08.236,"37300","1004","24","69.1","1003","73","21.9",
05/20/26 12:59:14.093,"37100","1004","24","69.1","1003","73","21.9",
05/20/26 12:59:19.979,"37300","1004","24","69.1","1003","73","21.9",
05/20/26 12:59:25.817,"37400","1004","24","69.1","1003","73","21.9",
05/20/26 12:59:31.645,"37600","1004","24","69.1","1003","73","21.9",
05/20/26 12:59:37.543,"37500","1004","24","69.1","1003","73","21.9",
05/20/26 12:59:43.487,"37700","1004","24","69.1","1003","73","21.9",
05/20/26 12:59:49.397,"37700","1004","24","68.9","1003","73","21.9",
05/20/26 12:59:55.174,"37700","1004","24","69","1003","73","21.9",
05/20/26 13:00:01.121,"37700","1004","24","69","1003","73","21.9",
05/20/26 13:00:07.005,"37800","1004","23.9","69.1","1003","73","21.9",
05/20/26 13:00:12.976,"37900","1004","24","69.2","1003","73","21.9",
05/20/26 13:00:18.845,"37800","1004","24","69","1003","73","21.9",
05/20/26 13:00:24.686,"37700","1004","23.9","69","1003","73","21.9",
05/20/26 13:00:30.620,"38000","1004","23.9","69","1003","73","21.9",
05/20/26 13:00:36.502,"37900","1004","23.9","69.1","1003","73","21.9",
05/20/26 13:00:42.444,"38000","1004","23.9","69.2","1003","73","21.9",
05/20/26 13:00:48.287,"38400","1004","23.9","69.4","1003","73","21.9",
05/20/26 13:00:54.208,"38300","1004","23.9","69.3","1003","73","21.9",
05/20/26 13:01:00.159,"38600","1004","23.8","69.4","1003","73","21.9",
05/20/26 13:01:06.149,"38300","1004","23.8","69.4","1003","73","21.8",
05/20/26 13:01:12.041,"38100","1004","23.8","69.7","1003","73","21.8",
05/20/26 13:01:17.996,"38400","1004","23.8","69.8","1003","73","21.8",
05/20/26 13:01:23.974,"38400","1004","23.8","69.8","1003","73","21.8",
05/20/26 13:01:30.005,"38100","1004","23.8","69.8","1003","73","21.8",
05/20/26 13:01:35.958,"38500","1004","23.8","69.7","1003","73","21.8",
05/20/26 13:01:41.928,"38700","1004","23.8","69.8","1003","73","21.8",
05/20/26 13:01:47.880,"38800","1004","23.8","69.8","1003","73","21.8",
05/20/26 13:01:53.869,"38700","1004","23.8","69.9","1003","73","21.8",
05/20/26 13:01:59.879,"38700","1004","23.9","69.9","1003","73","21.9",
05/20/26 13:02:05.838,"38700","1004","23.9","69.8","1003","73","21.8",
05/20/26 13:02:11.827,"38600","1004","23.9","69.7","1003","73","21.9",
05/20/26 13:02:17.488,"38800","1004","23.9","69.5","1003","73","21.9",
05/20/26 13:02:23.456,"38700","1004","23.9","69.5","1003","73","21.9",
05/20/26 13:02:29.246,"39000","1004","24","69.4","1003","73","21.9",
05/20/26 13:02:35.091,"39300","1004","23.9","69.5","1003","73","21.9",
05/20/26 13:02:41.082,"39100","1004","24","69.4","1003","73","21.9",
05/20/26 13:02:47.136,"39300","1004","23.9","69.3","1003","73","21.9",
05/20/26 13:02:53.254,"39500","1004","23.9","69.2","1003","73","21.9",
05/20/26 13:02:59.197,"39500","1004","23.9","69.3","1003","73","21.9",
05/20/26 13:03:05.299,"39500","1004","23.9","69.4","1003","73","21.9",
05/20/26 13:03:11.273,"39400","1004","23.9","69.3","1003","73","21.9",
05/20/26 13:03:17.332,"39500","1004","23.9","69.3","1003","73","21.9",
05/20/26 13:03:23.405,"39400","1004","23.9","69.2","1003","73","21.9",
05/20/26 13:03:29.472,"39500","1004","23.9","69.3","1003","73","21.9",
05/20/26 13:03:35.505,"39500","1004","23.9","69.3","1003","73","21.8",
05/20/26 13:03:41.506,"39300","1004","23.9","69.4","1003","73","21.9",
05/20/26 13:03:47.471,"39600","1004","23.9","69.3","1003","73","21.8",
05/20/26 13:03:53.515,"39500","1004","23.9","69.4","1003","73","21.8",
05/20/26 13:03:59.579,"39700","1004","23.9","69.4","1003","73","21.8",
05/20/26 13:04:05.597,"39600","1004","23.9","69.4","1003","73","21.8",
05/20/26 13:04:11.643,"39900","1004","23.9","69.5","1003","73","21.8",
05/20/26 13:04:17.595,"39800","1004","23.8","69.5","1003","73","21.8",
05/20/26 13:04:23.602,"40000","1004","23.8","69.6","1003","73","21.8",
05/20/26 13:04:29.612,"39900","1004","23.8","69.6","1003","73","21.8",
05/20/26 13:04:35.612,"40000","1004","23.9","69.6","1003","73","21.8",
05/20/26 13:04:41.684,"40200","1004","23.8","69.6","1003","73","21.8",
05/20/26 13:04:47.830,"40300","1004","23.8","69.7","1003","73","21.8",
05/20/26 13:04:53.984,"40200","1004","23.8","69.7","1003","73","21.8",
05/20/26 13:05:00.083,"40200","1004","23.8","69.5","1003","73","21.8",
05/20/26 13:05:06.111,"40300","1004","23.8","69.6","1003","73","21.8",
05/20/26 13:05:12.210,"40300","1004","23.8","69.6","1003","73","21.8",
05/20/26 13:05:18.302,"40200","1004","23.8","69.7","1003","73","21.8",
05/20/26 13:05:24.399,"40500","1004","23.8","69.7","1003","73","21.8",
05/20/26 13:05:30.504,"40600","1004","23.8","69.8","1003","73","21.8",
05/20/26 13:05:36.649,"40300","1004","23.8","69.7","1003","73","21.8",
05/20/26 13:05:42.761,"40500","1004","23.8","69.8","1003","73","21.8",
05/20/26 13:05:48.847,"40500","1004","23.8","69.8","1003","73","21.8",
05/20/26 13:05:55.099,"40700","1004","23.8","69.8","1003","73","21.8",
05/20/26 13:06:01.202,"40500","1004","23.9","69.7","1003","73","21.8",
05/20/26 13:06:07.364,"40500","1004","23.9","69.6","1003","73","21.8",
05/20/26 13:06:13.556,"40700","1004","23.9","69.6","1003","73","21.8",
05/20/26 13:06:19.821,"40900","1004","23.9","69.6","1003","73","21.9",
05/20/26 13:06:26.079,"40700","1004","23.9","69.6","1003","73","21.8",
05/20/26 13:06:32.284,"41100","1004","23.9","69.6","1003","73","21.9",
05/20/26 13:06:38.421,"41400","1004","23.9","69.6","1003","73","21.9",
05/20/26 13:06:44.665,"41400","1004","24","69.4","1003","73","21.9",
05/20/26 13:06:50.853,"41000","1004","24","69.4","1003","73","21.9",
05/20/26 13:06:56.988,"40700","1004","24","69.3","1003","73","21.9",
05/20/26 13:07:03.205,"40500","1004","24","69.2","1003","73","21.9",
05/20/26 13:07:09.322,"40300","1004","24","69.1","1003","73","21.9",
05/20/26 13:07:15.498,"40300","1004","24","69.2","1003","73","21.9",
05/20/26 13:07:21.753,"40500","1004","24","69.2","1003","73","21.9",
05/20/26 13:07:27.953,"40300","1004","24","69.2","1003","73","21.9",
05/20/26 13:07:34.115,"40300","1004","24","69.2","1003","73","21.9",
05/20/26 13:07:40.391,"40600","1004","24","69","1003","73","21.9",
05/20/26 13:07:46.525,"40800","1004","24","69","1003","73","21.9",
05/20/26 13:07:52.706,"40900","1004","24","69","1003","73","21.9",
05/20/26 13:07:58.854,"41000","1004","24","69","1003","73","21.9",
05/20/26 13:08:04.983,"41100","1004","24","69.1","1003","73","21.9",
05/20/26 13:08:11.193,"41200","1004","24","69","1003","73","21.9",
05/20/26 13:08:17.458,"41400","1004","23.9","69.1","1003","73","21.9",
05/20/26 13:08:23.623,"41600","1004","23.9","69.1","1003","73","21.9",
05/20/26 13:08:29.942,"41600","1004","23.9","69.2","1003","73","21.9",
05/20/26 13:08:36.181,"41400","1004","23.9","69.1","1003","73","21.9",
05/20/26 13:08:42.393,"41400","1004","23.9","69","1003","73","21.9",
05/20/26 13:08:48.609,"41700","1004","23.9","69","1003","73","21.9",
05/20/26 13:08:54.625,"41300","1004","23.9","69.1","1003","73","21.9",
05/20/26 13:09:00.512,"41700","1004","23.9","69.2","1003","73","21.9",
05/20/26 13:09:06.385,"41700","1004","23.9","69.3","1003","73","21.9",
05/20/26 13:09:12.380,"41600","1004","23.8","69.3","1003","73","21.9",
05/20/26 13:09:18.266,"41700","1004","23.8","69.5","1003","73","21.9",
05/20/26 13:09:24.152,"42000","1004","23.8","69.5","1003","73","21.9",
05/20/26 13:09:30.014,"42000","1004","23.8","69.5","1003","73","21.9",
05/20/26 13:09:35.975,"41700","1004","23.8","69.5","1003","73","21.9",
05/20/26 13:09:42.027,"42000","1004","23.9","69.4","1003","73","21.9",
05/20/26 13:09:48.223,"42000","1004","23.8","69.4","1003","73","21.9",
05/20/26 13:09:54.583,"41800","1004","23.8","69.5","1003","73","21.9",
05/20/26 13:10:00.874,"42000","1004","23.8","69.5","1003","73","21.9",
05/20/26 13:10:07.217,"42200","1004","23.8","69.6","1003","73","21.9",
05/20/26 13:10:13.553,"42300","1004","23.8","69.4","1003","73","21.9",
05/20/26 13:10:19.910,"42300","1004","23.8","69.4","1003","73","21.8",
05/20/26 13:10:26.172,"42100","1004","23.8","69.4","1003","73","21.8",
05/20/26 13:10:32.525,"42000","1004","23.7","69.5","1003","73","21.8",
05/20/26 13:10:38.910,"42000","1004","23.7","69.5","1003","73","21.8",
05/20/26 13:10:45.165,"42300","1004","23.7","69.7","1003","73","21.8",
05/20/26 13:10:51.537,"42500","1004","23.7","69.7","1003","73","21.8",
05/20/26 13:10:57.905,"42500","1004","23.7","69.7","1003","73","21.8",
05/20/26 13:11:04.255,"42300","1004","23.7","69.9","1003","73","21.8",
05/20/26 13:11:10.515,"42100","1004","23.7","69.9","1003","73","21.8",
05/20/26 13:11:16.788,"42300","1004","23.7","70.1","1003","73","21.8",
05/20/26 13:11:23.031,"42300","1004","23.7","70.1","1003","73","21.8",
05/20/26 13:11:29.422,"42700","1004","23.7","70.1","1003","73","21.8",
05/20/26 13:11:35.768,"42500","1004","23.7","70","1003","73","21.7",
05/20/26 13:11:42.266,"42600","1004","23.6","70.2","1003","73","21.7",
05/20/26 13:11:48.617,"42600","1004","23.6","70.2","1003","73","21.7",
05/20/26 13:11:54.952,"42600","1004","23.6","70.3","1003","73","21.7",
05/20/26 13:12:01.251,"42600","1004","23.6","70.5","1003","73","21.7",
05/20/26 13:12:07.644,"42500","1004","23.6","70.5","1003","74","21.7",
05/20/26 13:12:14.082,"42500","1004","23.7","70.5","1003","74","21.7",
05/20/26 13:12:20.494,"42700","1004","23.7","70.4","1003","74","21.7",
05/20/26 13:12:27.012,"42700","1004","23.7","70.5","1003","74","21.7",
05/20/26 13:12:33.527,"42800","1004","23.7","70.4","1003","74","21.7",
05/20/26 13:12:39.854,"42700","1004","23.7","70.5","1003","74","21.7",
05/20/26 13:12:46.265,"42900","1004","23.7","70.3","1003","74","21.7",
05/20/26 13:12:52.710,"42800","1004","23.7","70.2","1003","74","21.7",
05/20/26 13:12:59.089,"42900","1004","23.7","70.2","1003","74","21.8",
05/20/26 13:13:05.563,"42900","1004","23.8","70.3","1003","74","21.8",
05/20/26 13:13:12.031,"42900","1004","23.8","70.3","1003","74","21.8",
05/20/26 13:13:18.386,"43100","1004","23.8","70.1","1003","74","21.8",
05/20/26 13:13:24.833,"43100","1004","23.8","69.9","1003","74","21.8",
05/20/26 13:13:31.368,"43200","1004","23.8","69.9","1003","74","21.8",
05/20/26 13:13:37.776,"42900","1004","23.9","69.8","1003","74","21.8",
05/20/26 13:13:44.181,"43000","1004","23.9","69.8","1003","74","21.8",
05/20/26 13:13:50.629,"43000","1004","23.9","69.9","1003","74","21.8",
05/20/26 13:13:57.012,"42900","1004","23.9","69.8","1003","74","21.8",
05/20/26 13:14:03.489,"42600","1004","23.9","69.8","1003","74","21.8",
05/20/26 13:14:09.961,"43000","1004","23.9","69.7","1003","74","21.8",
05/20/26 13:14:16.461,"43200","1004","24","69.6","1003","74","21.8",
05/20/26 13:14:22.938,"43300","1004","24","69.4","1003","73","21.8",
05/20/26 13:14:29.387,"43300","1004","24","69.5","1003","73","21.8",
05/20/26 13:14:35.823,"43000","1004","23.9","69.5","1003","74","21.8",
05/20/26 13:14:42.318,"43200","1004","23.9","69.6","1003","74","21.8",
05/20/26 13:14:48.699,"43200","1004","23.9","69.5","1003","73","21.9",
05/20/26 13:14:55.213,"43500","1004","23.9","69.5","1003","73","21.9",
05/20/26 13:15:01.721,"43700","1004","24","69.5","1003","73","21.9",
05/20/26 13:15:08.280,"43400","1004","24","69.4","1003","73","21.9",
05/20/26 13:15:14.905,"43600","1004","24","69.4","1003","73","21.9",
05/20/26 13:15:21.521,"43700","1004","24","69.3","1003","73","21.9",
05/20/26 13:15:28.190,"43600","1004","24","69.3","1003","73","21.9",
05/20/26 13:15:34.753,"43700","1004","24","69.3","1003","73","21.9",
05/20/26 13:15:41.299,"43700","1004","24","69.3","1003","73","21.9",
05/20/26 13:15:47.864,"43800","1004","24","69.2","1003","73","21.9",
05/20/26 13:15:54.396,"43700","1004","24","69.3","1003","73","21.9",
05/20/26 13:16:00.942,"43900","1004","24","69.2","1003","73","21.9",
05/20/26 13:16:07.538,"43700","1004","24","69.2","1003","73","21.9",
05/20/26 13:16:14.048,"44100","1004","24","69.1","1003","73","21.9",
05/20/26 13:16:20.611,"44000","1004","24","69.1","1003","73","21.9",
05/20/26 13:16:27.080,"43800","1004","24","69.1","1003","73","21.9",
05/20/26 13:16:33.635,"43800","1004","24","69.1","1003","73","21.9",
05/20/26 13:16:40.160,"43600","1004","24","69.1","1003","73","21.9",
05/20/26 13:16:46.795,"43700","1004","24","69.1","1003","73","21.9",
05/20/26 13:16:53.398,"43700","1004","24","69.1","1003","73","21.9",
05/20/26 13:16:59.987,"43700","1004","24","69","1003","73","21.9",
05/20/26 13:17:06.543,"43800","1004","24","69","1003","73","21.9",
05/20/26 13:17:13.192,"43900","1004","24","68.9","1003","73","21.9",
05/20/26 13:17:19.638,"43900","1004","24.1","69","1003","73","21.9",
05/20/26 13:17:26.230,"43900","1004","24.1","68.9","1003","73","21.9",
05/20/26 13:17:32.736,"44100","1004","24","68.7","1003","73","21.9",
05/20/26 13:17:39.352,"44100","1004","24","68.9","1003","73","21.9",
05/20/26 13:17:45.965,"44400","1004","24","69.1","1003","73","21.9",
05/20/26 13:17:52.585,"44400","1004","24","69.2","1003","73","21.9",
05/20/26 13:17:59.153,"44400","1004","24","69.1","1003","73","21.9",
05/20/26 13:18:05.774,"44500","1004","23.9","69.2","1003","73","21.9",
05/20/26 13:18:12.525,"44300","1004","23.9","69.2","1003","73","21.9",
05/20/26 13:18:19.221,"44000","1004","23.9","69.3","1003","73","21.9",
05/20/26 13:18:25.774,"44200","1004","23.9","69.4","1003","73","21.9",
05/20/26 13:18:32.435,"44700","1004","23.9","69.4","1003","73","21.9",
05/20/26 13:18:39.182,"44300","1004","23.9","69.2","1003","73","21.9",
05/20/26 13:18:45.883,"44400","1004","24","69.1","1003","73","21.9",
05/20/26 13:18:52.644,"44300","1004","24","69","1003","73","21.9",
05/20/26 13:18:59.380,"44300","1004","23.9","69.1","1003","73","21.9",
05/20/26 13:19:06.040,"44300","1004","23.9","69.1","1003","73","21.9",
05/20/26 13:19:12.693,"44100","1004","23.9","69.2","1003","73","21.9",
05/20/26 13:19:19.263,"44200","1004","23.9","69.2","1003","73","21.9",
05/20/26 13:19:25.896,"44100","1004","23.9","69.4","1003","73","21.9",
05/20/26 13:19:32.629,"44300","1004","23.9","69.3","1003","73","21.9",
05/20/26 13:19:39.284,"44500","1004","23.9","69.2","1003","73","21.9",
05/20/26 13:19:45.836,"44400","1004","23.9","69.2","1003","73","21.9",
05/20/26 13:19:52.595,"44300","1004","23.9","69.2","1003","73","21.9",
05/20/26 13:19:59.203,"44700","1004","24","69.3","1003","73","21.9",
05/20/26 13:20:05.933,"44700","1004","24","69.3","1003","73","21.9",
05/20/26 13:20:12.717,"44400","1004","24","69.2","1003","73","21.9",
05/20/26 13:20:19.499,"44500","1004","24","69.1","1003","73","21.9",
05/20/26 13:20:26.214,"44700","1004","24","69","1003","73","21.9",
05/20/26 13:20:32.982,"44400","1004","24","69.1","1003","73","21.9",
05/20/26 13:20:39.834,"44700","1004","24","69.1","1003","73","21.9",
05/20/26 13:20:46.598,"44700","1004","24.1","69.1","1003","73","21.9",
05/20/26 13:20:53.363,"44500","1004","24","69","1003","73","21.9",
05/20/26 13:21:00.180,"45100","1004","24","69.1","1003","73","21.9",
05/20/26 13:21:06.968,"45000","1004","24","69.1","1003","73","22",
05/20/26 13:21:13.722,"44900","1004","24","69.2","1003","73","22",
05/20/26 13:21:20.549,"44700","1004","24","69.1","1003","73","21.9",
05/20/26 13:21:27.276,"45100","1004","24","69.1","1003","73","22",
05/20/26 13:21:34.033,"44700","1004","24","69.1","1003","73","22",
05/20/26 13:21:40.767,"44600","1004","24","69","1003","73","22",
05/20/26 13:21:47.546,"44700","1004","24","69","1003","73","22",
05/20/26 13:21:54.291,"44800","1004","24","69.1","1003","73","22",
05/20/26 13:22:01.198,"44900","1004","24.1","69.1","1003","73","22",
05/20/26 13:22:07.946,"44700","1004","24.1","69","1003","73","22",
05/20/26 13:22:14.732,"45100","1004","24.1","68.9","1003","73","22",
05/20/26 13:22:21.487,"45200","1004","24.1","68.8","1003","73","22",
05/20/26 13:22:28.195,"45000","1004","24.1","68.7","1003","73","22",
05/20/26 13:22:35.023,"44900","1004","24.1","68.7","1003","73","22",
05/20/26 13:22:41.842,"45100","1004","24.2","68.7","1003","73","22",
05/20/26 13:22:48.627,"45000","1004","24.2","68.5","1003","73","22",
05/20/26 13:22:55.468,"44900","1004","24.2","68.4","1003","73","22",
05/20/26 13:23:02.222,"45200","1004","24.2","68.2","1003","73","22",
05/20/26 13:23:09.013,"44900","1004","24.2","68.2","1003","73","22",
05/20/26 13:23:15.767,"44900","1004","24.3","68.2","1003","73","22",
05/20/26 13:23:22.494,"45000","1004","24.3","68.2","1003","73","22",
05/20/26 13:23:29.244,"45100","1004","24.3","68.2","1003","73","22",
05/20/26 13:23:36.054,"45600","1004","24.3","68","1003","73","22",
05/20/26 13:23:42.976,"45500","1004","24.4","67.8","1003","73","22",
05/20/26 13:23:49.899,"45300","1004","24.4","67.7","1003","73","22.1",
05/20/26 13:23:56.806,"45200","1004","24.4","67.6","1003","73","22.1",
05/20/26 13:24:03.599,"44900","1004","24.4","67.4","1003","73","22.1",
05/20/26 13:24:10.433,"45000","1004","24.5","67.4","1003","72","22.1",
05/20/26 13:24:17.269,"45300","1004","24.5","67.4","1003","72","22.1",
05/20/26 13:24:24.132,"45300","1004","24.5","67.4","1003","73","22.1",
05/20/26 13:24:30.957,"45300","1004","24.5","67.4","1003","73","22.1",
05/20/26 13:24:37.756,"45300","1004","24.5","67.4","1003","73","22.1",
05/20/26 13:24:44.552,"45100","1004","24.5","67.4","1003","73","22.1",
05/20/26 13:24:51.400,"45200","1004","24.6","67.4","1003","73","22.1",
05/20/26 13:24:58.345,"45100","1004","24.6","67.3","1003","72","22.1",
05/20/26 13:25:05.271,"45200","1004","24.6","67.2","1003","72","22.2",
05/20/26 13:25:12.205,"45200","1004","24.6","67.2","1003","72","22.2",
05/20/26 13:25:19.120,"45500","1004","24.6","67.1","1003","72","22.2",
05/20/26 13:25:26.073,"45400","1004","24.6","67","1003","72","22.2",
05/20/26 13:25:32.984,"45200","1004","24.6","67","1003","72","22.2",
05/20/26 13:25:40.042,"45400","1004","24.7","67","1003","72","22.2",
05/20/26 13:25:47.074,"45600","1004","24.7","66.9","1003","72","22.2",
05/20/26 13:25:54.076,"45300","1004","24.7","66.9","1003","72","22.2",
05/20/26 13:26:01.078,"45500","1004","24.7","66.8","1003","72","22.2",
05/20/26 13:26:08.050,"45500","1004","24.7","66.7","1003","72","22.2",
05/20/26 13:26:15.042,"45600","1004","24.7","66.7","1003","72","22.2",
05/20/26 13:26:22.023,"45600","1004","24.7","66.7","1003","72","22.2",
05/20/26 13:26:29.044,"45700","1004","24.7","66.6","1003","72","22.3",
05/20/26 13:26:36.022,"45600","1004","24.7","66.6","1003","72","22.3",
05/20/26 13:26:42.991,"45600","1004","24.8","66.5","1003","72","22.3",
05/20/26 13:26:49.930,"45500","1004","24.8","66.4","1003","72","22.3",
05/20/26 13:26:57.072,"45500","1004","24.8","66.4","1003","72","22.3",
05/20/26 13:27:04.071,"45600","1004","24.8","66.3","1003","72","22.3",
05/20/26 13:27:10.961,"45600","1004","24.8","66.3","1003","72","22.3",
05/20/26 13:27:18.020,"45600","1004","24.8","66.3","1003","72","22.3",
05/20/26 13:27:25.092,"45500","1004","24.8","66.2","1003","72","22.3",
05/20/26 13:27:32.031,"45600","1004","24.8","66.2","1003","72","22.3",
05/20/26 13:27:38.916,"45900","1004","24.8","66.2","1003","72","22.3",
05/20/26 13:27:45.996,"45800","1004","24.8","66.2","1003","72","22.3",
05/20/26 13:27:53.065,"45600","1004","24.8","66.2","1003","72","22.3",
05/20/26 13:28:00.036,"45800","1004","24.8","66.3","1003","72","22.4",
05/20/26 13:28:07.024,"45800","1004","24.8","66.3","1003","72","22.4",
05/20/26 13:28:14.037,"45400","1004","24.8","66.2","1003","72","22.4",
05/20/26 13:28:21.117,"45200","1004","24.8","66.1","1003","72","22.4",
05/20/26 13:28:28.190,"45300","1004","24.9","66","1003","71","22.4",
05/20/26 13:28:35.195,"45100","1004","24.9","66","1003","71","22.4",
05/20/26 13:28:42.296,"44900","1004","24.9","66","1003","71","22.4",
05/20/26 13:28:49.345,"44000","1004","24.9","65.9","1003","71","22.4",
05/20/26 13:28:56.332,"56700","1004","24.9","65.9","1003","71","22.4",
05/20/26 13:29:03.491,"60100","1004","24.9","65.9","1003","71","22.4",
05/20/26 13:29:10.371,"57000","1004","24.9","66","1003","71","22.4",
05/20/26 13:29:17.029,"53100","1004","24.9","65.9","1003","71","22.4",
05/20/26 13:29:23.615,"50300","1004","24.9","65.8","1003","71","22.4",
05/20/26 13:29:30.213,"48600","1004","24.9","65.8","1003","71","22.4",
05/20/26 13:29:36.852,"47600","1004","24.9","65.8","1003","71","22.4",
05/20/26 13:29:43.388,"46800","1004","24.9","65.7","1003","71","22.5",
05/20/26 13:29:50.069,"46700","1004","24.9","65.7","1003","71","22.5",
05/20/26 13:29:56.663,"46300","1004","24.9","65.7","1003","71","22.5",
05/20/26 13:30:03.311,"46200","1004","24.9","65.6","1003","71","22.5",
05/20/26 13:30:09.970,"46200","1004","24.9","65.6","1003","71","22.5",
05/20/26 13:30:16.714,"45900","1004","25","65.6","1003","71","22.5",
05/20/26 13:30:23.292,"45900","1004","25","65.5","1003","71","22.5",
05/20/26 13:30:29.994,"45900","1004","25","65.5","1003","71","22.5",
05/20/26 13:30:36.654,"45600","1004","25","65.5","1003","71","22.5",
05/20/26 13:30:43.258,"45800","1004","25","65.4","1003","71","22.5",
05/20/26 13:30:49.940,"45700","1004","25","65.5","1003","71","22.5",
05/20/26 13:30:56.699,"46000","1004","25","65.4","1003","71","22.5",
05/20/26 13:31:03.399,"45900","1004","25","65.4","1003","71","22.5",
05/20/26 13:31:10.163,"45900","1004","25","65.3","1003","71","22.5",
05/20/26 13:31:16.865,"45900","1004","25","65.3","1003","71","22.5",
05/20/26 13:31:23.579,"45800","1004","25","65.4","1003","71","22.5",
05/20/26 13:31:30.335,"45900","1004","25","65.3","1003","71","22.5",
05/20/26 13:31:36.954,"45800","1004","25","65.3","1003","71","22.5",
05/20/26 13:31:43.675,"45900","1004","25","65.3","1003","71","22.6",
05/20/26 13:31:50.326,"46000","1004","25","65.3","1003","71","22.5",
05/20/26 13:31:57.018,"46000","1004","25","65.3","1003","71","22.6",
05/20/26 13:32:03.746,"46000","1004","25","65.3","1003","71","22.6",
05/20/26 13:32:10.528,"46100","1004","25","65.3","1003","71","22.6",
05/20/26 13:32:17.202,"46000","1004","25","65.2","1003","71","22.6",
05/20/26 13:32:23.975,"46000","1004","25.1","65.2","1003","71","22.6",
05/20/26 13:32:30.723,"45800","1004","25","65.2","1003","71","22.6",
05/20/26 13:32:37.502,"45900","1004","25","65.3","1003","71","22.6",
05/20/26 13:32:44.181,"45900","1004","25","65.2","1003","71","22.6",
05/20/26 13:32:50.985,"46100","1004","25.1","65.2","1003","71","22.6",
05/20/26 13:32:57.703,"45900","1004","25","65.2","1003","71","22.6",
05/20/26 13:33:04.446,"45900","1004","25.1","65.2","1003","71","22.6",
05/20/26 13:33:11.324,"45900","1004","25","65.3","1003","71","22.6",
05/20/26 13:33:18.031,"46300","1004","25","65.5","1003","71","22.6",
05/20/26 13:33:24.820,"46000","1004","25","65.4","1003","71","22.6",
05/20/26 13:33:31.499,"46100","1004","25","65.4","1003","71","22.6",
05/20/26 13:33:38.273,"45900","1004","25","65.3","1003","71","22.6",
05/20/26 13:33:45.064,"46100","1004","25.1","65.3","1003","71","22.6",
05/20/26 13:33:51.897,"46300","1004","25.1","65.3","1003","71","22.6",
05/20/26 13:33:58.654,"45900","1004","25.1","65.2","1003","71","22.6",
05/20/26 13:34:05.465,"45900","1004","25.1","65.2","1003","71","22.6",
05/20/26 13:34:12.240,"45900","1004","25.1","65.2","1003","71","22.6",
05/20/26 13:34:19.081,"46200","1004","25.1","65.2","1003","71","22.6",
05/20/26 13:34:25.891,"45900","1004","25.1","65.1","1003","70","22.6",
05/20/26 13:34:32.771,"45900","1004","25.1","65.1","1003","70","22.6",
05/20/26 13:34:39.616,"46300","1004","25.1","65.1","1003","70","22.6",
05/20/26 13:34:46.422,"46300","1004","25.1","65.1","1003","70","22.6",
05/20/26 13:34:53.280,"46300","1004","25.1","65","1003","70","22.7",
05/20/26 13:35:00.097,"46100","1004","25.2","65","1003","70","22.7",
05/20/26 13:35:06.932,"46200","1004","25.1","65","1003","70","22.7",
05/20/26 13:35:13.719,"45900","1004","25.1","65.1","1003","70","22.7",
05/20/26 13:35:20.549,"46200","1004","25.2","65.1","1003","70","22.7",
05/20/26 13:35:27.423,"46300","1004","25.2","65.1","1003","70","22.7",
05/20/26 13:35:34.273,"46300","1004","25.2","65","1003","70","22.7",
05/20/26 13:35:41.157,"46300","1004","25.1","65.1","1003","70","22.7",
05/20/26 13:35:48.088,"46100","1004","25.2","65","1003","70","22.7",
05/20/26 13:35:54.972,"45900","1004","25.2","65.1","1003","70","22.7",
05/20/26 13:36:01.778,"46300","1004","25.2","65","1003","70","22.7",
05/20/26 13:36:08.635,"46400","1004","25.2","65","1003","70","22.7",
05/20/26 13:36:15.518,"46300","1004","25.2","65","1003","70","22.7",
05/20/26 13:36:22.409,"46400","1004","25.2","65","1003","70","22.7",
05/20/26 13:36:29.246,"46200","1004","25.2","65","1003","70","22.7",
05/20/26 13:36:36.102,"46200","1004","25.2","65","1003","70","22.7",
05/20/26 13:36:42.897,"46500","1004","25.2","65","1003","70","22.7",
05/20/26 13:36:49.844,"46300","1004","25.2","65.1","1003","70","22.7",
05/20/26 13:36:56.739,"46300","1004","25.2","65","1003","70","22.7",
05/20/26 13:37:03.644,"46500","1004","25.2","65","1003","70","22.7",
05/20/26 13:37:10.521,"46500","1004","25.2","65","1003","70","22.7",
05/20/26 13:37:17.508,"46300","1004","25.2","65","1003","70","22.7",
05/20/26 13:37:24.417,"46300","1004","25.2","65","1003","70","22.7",
05/20/26 13:37:31.277,"46500","1004","25.2","65","1003","70","22.7",
05/20/26 13:37:38.233,"46300","1004","25.2","65","1003","70","22.7",
05/20/26 13:37:45.146,"46400","1004","25.2","65","1003","70","22.7",
05/20/26 13:37:52.107,"46700","1004","25.2","65.1","1003","70","22.7",
05/20/26 13:37:59.048,"46500","1004","25.2","65.1","1003","70","22.7",
05/20/26 13:38:06.039,"46300","1004","25.2","65.1","1003","70","22.7",
05/20/26 13:38:13.059,"46300","1004","25.2","65.1","1003","70","22.7",
05/20/26 13:38:19.992,"46300","1004","25.2","65","1003","70","22.7",
05/20/26 13:38:26.960,"46200","1004","25.2","65","1003","70","22.7",
05/20/26 13:38:33.905,"46500","1004","25.2","65.1","1003","70","22.7",
05/20/26 13:38:40.763,"46600","1004","25.2","65.1","1003","70","22.7",
05/20/26 13:38:47.691,"46300","1004","25.2","65","1003","70","22.7",
05/20/26 13:38:54.693,"46400","1004","25.2","65","1003","70","22.7",
05/20/26 13:39:01.654,"46500","1004","25.3","65","1003","70","22.7",
05/20/26 13:39:08.638,"46300","1004","25.3","65","1003","70","22.8",
05/20/26 13:39:15.638,"46500","1004","25.3","65","1003","70","22.8",
05/20/26 13:39:22.586,"46400","1004","25.3","65","1003","70","22.8",
05/20/26 13:39:29.647,"46800","1004","25.3","65","1003","70","22.8",
05/20/26 13:39:36.603,"46600","1004","25.3","65","1003","70","22.8",
05/20/26 13:39:43.656,"46600","1004","25.3","65","1003","70","22.8",
05/20/26 13:39:50.639,"46500","1004","25.3","65","1003","70","22.8",
05/20/26 13:39:57.581,"46600","1004","25.3","65","1003","70","22.8",
05/20/26 13:40:04.572,"46600","1004","25.3","65","1003","70","22.8",
05/20/26 13:40:11.720,"46700","1004","25.3","65.1","1003","70","22.8",
05/20/26 13:40:18.739,"46700","1004","25.3","65","1003","70","22.8",
05/20/26 13:40:25.773,"46600","1004","25.3","65.1","1003","70","22.8",
05/20/26 13:40:32.796,"46700","1004","25.3","65.1","1003","70","22.8",
05/20/26 13:40:39.884,"46700","1004","25.3","65.1","1003","70","22.8",
05/20/26 13:40:46.883,"46600","1004","25.3","65.1","1003","70","22.8",
05/20/26 13:40:53.930,"46800","1004","25.3","65","1003","70","22.8",
05/20/26 13:41:00.926,"46700","1004","25.3","65.1","1003","70","22.8",
05/20/26 13:41:07.952,"46900","1004","25.3","65","1003","70","22.8",
05/20/26 13:41:14.982,"46800","1004","25.3","65.1","1003","70","22.8",
05/20/26 13:41:22.030,"46700","1004","25.3","65.1","1003","70","22.8",
05/20/26 13:41:29.053,"46700","1004","25.3","65.1","1003","71","22.8",
05/20/26 13:41:36.151,"46800","1004","25.3","65.2","1003","71","22.8",
05/20/26 13:41:43.197,"46700","1004","25.3","65.2","1003","71","22.8",
05/20/26 13:41:50.293,"46800","1004","25.3","65.2","1003","71","22.8",
05/20/26 13:41:57.334,"46700","1004","25.3","65.2","1003","71","22.8",
05/20/26 13:42:04.352,"46800","1004","25.3","65.2","1003","71","22.8",
05/20/26 13:42:11.421,"46800","1004","25.3","65.2","1003","71","22.8",
05/20/26 13:42:18.458,"46800","1004","25.3","65.3","1003","71","22.8",
05/20/26 13:42:25.496,"46900","1004","25.3","65.3","1003","71","22.8",
05/20/26 13:42:32.583,"46800","1004","25.3","65.4","1003","71","22.8",
05/20/26 13:42:39.642,"46800","1004","25.3","65.4","1003","71","22.8",
05/20/26 13:42:46.681,"46900","1004","25.3","65.5","1003","71","22.8",
05/20/26 13:42:53.777,"46400","1004","25.3","65.5","1003","71","22.8",
05/20/26 13:43:00.880,"46600","1004","25.3","65.5","1003","71","22.8",
05/20/26 13:43:07.928,"46400","1004","25.3","65.6","1003","71","22.8",
05/20/26 13:43:14.989,"46700","1004","25.3","65.5","1003","71","22.8",
05/20/26 13:43:22.127,"46800","1004","25.3","65.5","1003","71","22.8",
05/20/26 13:43:29.201,"46800","1004","25.3","65.5","1003","71","22.8",
05/20/26 13:43:36.355,"46900","1004","25.3","65.5","1003","71","22.8",
05/20/26 13:43:43.518,"47100","1004","25.3","65.5","1003","71","22.8",
05/20/26 13:43:50.901,"46800","1004","25.3","65.6","1003","71","22.8",
05/20/26 13:43:58.585,"47000","1004","25.3","65.6","1003","71","22.9",
05/20/26 13:44:06.309,"47100","1004","25.3","65.7","1003","71","22.9",
05/20/26 13:44:13.977,"46900","1004","25.3","65.6","1003","71","22.9",
05/20/26 13:44:21.645,"46800","1004","25.3","65.6","1003","71","22.9",
05/20/26 13:44:29.149,"46800","1004","25.3","65.5","1003","71","22.9",
05/20/26 13:44:36.765,"46800","1004","25.3","65.6","1003","71","22.9",
05/20/26 13:44:44.389,"46700","1004","25.3","65.6","1003","71","22.9",
05/20/26 13:44:52.047,"46700","1004","25.4","65.6","1003","71","22.9",
05/20/26 13:44:59.805,"46800","1004","25.4","65.5","1003","71","22.9",
05/20/26 13:45:07.419,"46900","1004","25.4","65.5","1003","71","22.9",
05/20/26 13:45:14.985,"47100","1004","25.4","65.5","1003","71","22.9",
05/20/26 13:45:22.681,"46900","1004","25.4","65.5","1003","71","22.9",
05/20/26 13:45:30.407,"46900","1004","25.4","65.5","1003","71","22.9",
05/20/26 13:45:38.127,"47000","1004","25.4","65.5","1003","71","22.9",
05/20/26 13:45:45.763,"46700","1004","25.4","65.5","1003","71","22.9",
05/20/26 13:45:53.371,"47100","1004","25.4","65.6","1003","71","22.9",
05/20/26 13:46:01.230,"47200","1004","25.4","65.6","1003","71","22.9",
05/20/26 13:46:08.858,"47200","1004","25.4","65.6","1003","71","22.9",
05/20/26 13:46:16.572,"47200","1004","25.4","65.6","1003","71","22.9",
05/20/26 13:46:24.237,"46900","1004","25.4","65.6","1003","71","22.9",
05/20/26 13:46:31.913,"47100","1004","25.4","65.6","1003","71","22.9",
05/20/26 13:46:39.632,"46800","1004","25.4","65.7","1003","71","22.9",
05/20/26 13:46:47.259,"46700","1004","25.4","65.7","1003","71","22.9",
05/20/26 13:46:55.026,"46800","1004","25.5","65.7","1003","71","22.9",
05/20/26 13:47:02.734,"46800","1004","25.5","65.7","1003","71","22.9",
05/20/26 13:47:10.508,"47100","1004","25.5","65.6","1003","71","22.9",
05/20/26 13:47:18.058,"47300","1004","25.5","65.7","1003","71","22.9",
05/20/26 13:47:25.780,"47300","1004","25.5","65.7","1003","71","22.9",
05/20/26 13:47:33.460,"47200","1004","25.5","65.8","1003","71","22.9",
05/20/26 13:47:41.261,"47500","1004","25.5","65.7","1003","71","22.9",
05/20/26 13:47:48.920,"47100","1004","25.5","65.8","1003","71","22.9",
05/20/26 13:47:56.755,"47200","1004","25.5","65.8","1003","71","22.9",
05/20/26 13:48:04.497,"47000","1004","25.5","65.8","1003","71","22.9",
05/20/26 13:48:12.261,"46900","1004","25.5","65.9","1003","71","22.9",
05/20/26 13:48:20.037,"47200","1004","25.5","66","1003","71","22.9",
05/20/26 13:48:27.855,"47200","1004","25.5","66","1003","71","22.9",
05/20/26 13:48:35.558,"47200","1004","25.5","66","1003","71","22.9",
05/20/26 13:48:43.296,"47300","1004","25.5","66.1","1003","71","22.9",
05/20/26 13:48:51.133,"47000","1004","25.5","66.1","1003","71","23",
05/20/26 13:48:58.898,"47100","1004","25.5","66","1003","71","22.9",
05/20/26 13:49:06.770,"47200","1004","25.5","66","1003","71","23",
05/20/26 13:49:14.561,"47500","1004","25.5","66","1003","71","23",
05/20/26 13:49:22.422,"47500","1004","25.5","66.1","1003","71","23",
05/20/26 13:49:30.218,"47600","1003","25.5","66","1003","71","23",
05/20/26 13:49:38.013,"47500","1004","25.5","66","1003","71","23",
05/20/26 13:49:45.814,"47300","1004","25.5","66","1003","71","23",
05/20/26 13:49:53.579,"47500","1004","25.5","66","1003","71","23",
05/20/26 13:50:01.376,"47600","1004","25.5","66","1003","71","23",
05/20/26 13:50:09.194,"47700","1003","25.5","66","1003","72","23",
05/20/26 13:50:17.026,"47500","1003","25.5","66.1","1003","72","23",
05/20/26 13:50:24.876,"47300","1003","25.5","66","1003","72","23",
05/20/26 13:50:32.718,"47200","1003","25.5","66","1003","72","23",
05/20/26 13:50:40.499,"47300","1003","25.5","66.1","1002","72","23",
05/20/26 13:50:48.437,"47600","1003","25.5","66.1","1003","72","23",
05/20/26 13:50:56.336,"47200","1003","25.5","66.1","1003","72","23",
05/20/26 13:51:04.148,"47100","1003","25.5","66.1","1003","72","23",
05/20/26 13:51:12.061,"47600","1003","25.5","66.2","1003","72","23",
05/20/26 13:51:19.933,"47700","1003","25.5","66.1","1002","72","23",
05/20/26 13:51:27.710,"47700","1003","25.5","66.2","1003","72","23",
05/20/26 13:51:35.532,"47200","1003","25.6","66.1","1003","72","23",
05/20/26 13:51:43.468,"47200","1003","25.6","66.1","1003","72","23",
05/20/26 13:51:51.325,"47600","1003","25.6","66.1","1003","72","23",
05/20/26 13:51:59.238,"47500","1003","25.6","66.1","1003","72","23",
05/20/26 13:52:07.272,"47800","1003","25.6","66.2","1003","72","23",
05/20/26 13:52:15.171,"47600","1003","25.6","66.2","1002","72","23",
05/20/26 13:52:23.029,"47800","1003","25.6","66.2","1002","72","23",
05/20/26 13:52:30.848,"47800","1003","25.6","66.1","1003","72","23",
05/20/26 13:52:38.691,"47600","1003","25.6","66.1","1003","72","23",
05/20/26 13:52:46.541,"47500","1003","25.6","66.2","1002","72","23",
05/20/26 13:52:54.413,"47700","1003","25.6","66.3","1003","72","23",
05/20/26 13:53:02.171,"47600","1003","25.5","66.3","1002","72","23",
05/20/26 13:53:09.994,"47800","1003","25.5","66.3","1003","72","23",
05/20/26 13:53:17.931,"48000","1003","25.5","66.4","1002","72","23",
05/20/26 13:53:25.788,"47700","1003","25.5","66.4","1002","72","23",
05/20/26 13:53:33.686,"47600","1003","25.6","66.4","1003","72","23",
05/20/26 13:53:41.600,"47600","1003","25.6","66.3","1002","72","23",
05/20/26 13:53:49.506,"47500","1003","25.6","66.3","1002","72","23",
05/20/26 13:53:57.307,"47500","1003","25.6","66.2","1002","72","23",
05/20/26 13:54:05.276,"47400","1003","25.6","66.2","1002","72","23",
05/20/26 13:54:13.280,"47800","1003","25.6","66.3","1002","72","23",
05/20/26 13:54:21.224,"47800","1003","25.6","66.3","1002","72","23",
05/20/26 13:54:29.204,"47800","1003","25.6","66.3","1002","72","23",
05/20/26 13:54:37.127,"47800","1003","25.6","66.3","1002","72","23",
05/20/26 13:54:45.060,"47600","1003","25.6","66.3","1002","72","23",
05/20/26 13:54:53.015,"47800","1003","25.6","66.3","1002","72","23",
05/20/26 13:55:00.969,"47800","1003","25.6","66.3","1002","72","23.1",
05/20/26 13:55:08.984,"47800","1003","25.6","66.3","1002","72","23.1",
05/20/26 13:55:16.999,"47800","1003","25.6","66.3","1003","72","23.1",
05/20/26 13:55:24.978,"47800","1003","25.6","66.4","1002","72","23.1",
05/20/26 13:55:32.981,"47700","1003","25.6","66.5","1002","72","23.1",
05/20/26 13:55:40.969,"47700","1003","25.6","66.4","1002","72","23.1",
05/20/26 13:55:48.837,"47800","1003","25.6","66.5","1002","72","23.1",
05/20/26 13:55:56.878,"47700","1003","25.6","66.4","1002","72","23.1",
05/20/26 13:56:05.012,"47800","1003","25.6","66.4","1002","72","23.1",
05/20/26 13:56:13.012,"47600","1003","25.6","66.4","1002","72","23.1",
05/20/26 13:56:21.038,"47800","1003","25.6","66.5","1002","72","23.1",
05/20/26 13:56:29.134,"47800","1003","25.6","66.4","1002","72","23.1",
05/20/26 13:56:37.106,"47700","1003","25.6","66.4","1002","72","23.1",
05/20/26 13:56:45.165,"47500","1003","25.6","66.4","1002","72","23.1",
05/20/26 13:56:53.102,"47700","1003","25.6","66.5","1002","72","23.1",
05/20/26 13:57:01.242,"47600","1003","25.6","66.5","1002","72","23.1",
05/20/26 13:57:09.327,"47600","1003","25.6","66.5","1002","72","23.1",
05/20/26 13:57:17.452,"48000","1003","25.6","66.5","1003","72","23.1",
05/20/26 13:57:25.644,"48100","1003","25.6","66.5","1002","72","23.1",
05/20/26 13:57:33.697,"47800","1003","25.6","66.5","1002","72","23.1",
05/20/26 13:57:41.765,"47800","1003","25.7","66.4","1002","72","23.1",
05/20/26 13:57:49.845,"47700","1003","25.7","66.5","1002","72","23.1",
05/20/26 13:57:58.000,"48000","1003","25.7","66.5","1003","72","23.1",
05/20/26 13:58:05.979,"47800","1003","25.7","66.4","1002","72","23.1",
05/20/26 13:58:14.106,"47900","1003","25.7","66.4","1002","72","23.1",
05/20/26 13:58:22.193,"47900","1003","25.7","66.5","1002","72","23.1",
05/20/26 13:58:30.311,"47500","1003","25.7","66.5","1002","72","23.1",
05/20/26 13:58:38.354,"47500","1003","25.7","66.4","1002","72","23.1",
05/20/26 13:58:46.559,"47700","1003","25.7","66.5","1002","72","23.1",
05/20/26 13:58:54.648,"47900","1003","25.7","66.5","1002","72","23.1",
05/20/26 13:59:02.820,"47700","1003","25.7","66.5","1002","72","23.1",
05/20/26 13:59:10.909,"47900","1003","25.7","66.5","1003","72","23.1",
05/20/26 13:59:19.109,"47800","1003","25.7","66.4","1002","72","23.1",
05/20/26 13:59:27.346,"48200","1003","25.7","66.6","1002","72","23.1",
05/20/26 13:59:35.540,"47900","1003","25.7","66.5","1002","72","23.1",
05/20/26 13:59:43.644,"47900","1003","25.7","66.5","1002","72","23.1",
05/20/26 13:59:51.735,"48100","1003","25.7","66.5","1002","72","23.1",
05/20/26 13:59:59.912,"47800","1003","25.7","66.4","1002","72","23.1",
05/20/26 14:00:08.030,"47900","1003","25.7","66.4","1002","72","23.1",
05/20/26 14:00:16.255,"48000","1003","25.7","66.5","1002","72","23.1",
05/20/26 14:00:24.391,"47900","1003","25.7","66.6","1002","72","23.1",
05/20/26 14:00:32.640,"48300","1003","25.7","66.6","1002","72","23.1",
05/20/26 14:00:40.792,"48400","1003","25.7","66.6","1002","72","23.1",
05/20/26 14:00:48.941,"48100","1003","25.7","66.6","1002","72","23.1",
05/20/26 14:00:57.271,"48100","1003","25.7","66.5","1002","72","23.1",
05/20/26 14:01:05.499,"48100","1003","25.7","66.4","1002","72","23.1",
05/20/26 14:01:13.720,"48000","1003","25.7","66.4","1002","72","23.2",
05/20/26 14:01:22.013,"48000","1003","25.7","66.4","1002","72","23.2",
05/20/26 14:01:30.351,"48500","1003","25.7","66.5","1002","72","23.1",
05/20/26 14:01:38.650,"48300","1003","25.7","66.5","1002","72","23.2",
05/20/26 14:01:46.850,"48400","1003","25.7","66.5","1002","72","23.2",
05/20/26 14:01:55.103,"47900","1003","25.7","66.4","1002","72","23.2",
05/20/26 14:02:03.249,"48300","1003","25.8","66.4","1002","72","23.2",
05/20/26 14:02:11.326,"48300","1003","25.8","66.4","1002","72","23.2",
05/20/26 14:02:19.472,"48500","1003","25.7","66.4","1002","72","23.2",
05/20/26 14:02:27.689,"48300","1003","25.7","66.4","1002","72","23.2",
05/20/26 14:02:36.012,"48300","1003","25.7","66.4","1002","72","23.2",
05/20/26 14:02:44.315,"48500","1003","25.7","66.5","1002","72","23.2",
05/20/26 14:02:52.465,"48300","1003","25.7","66.6","1002","72","23.2",
05/20/26 14:03:00.659,"48400","1003","25.7","66.6","1002","72","23.2",
05/20/26 14:03:08.914,"48400","1003","25.7","66.6","1002","72","23.2",
05/20/26 14:03:17.136,"48500","1003","25.7","66.6","1002","72","23.2",
05/20/26 14:03:25.347,"48500","1003","25.7","66.6","1002","72","23.2",
05/20/26 14:03:33.658,"48000","1003","25.7","66.6","1002","72","23.2",
05/20/26 14:03:42.108,"48400","1003","25.7","66.6","1002","72","23.2",
05/20/26 14:03:50.411,"48400","1003","25.7","66.6","1002","72","23.2",
05/20/26 14:03:58.807,"48300","1003","25.8","66.6","1002","72","23.2",
05/20/26 14:04:07.158,"48400","1003","25.7","66.7","1002","72","23.2",
05/20/26 14:04:15.556,"48400","1003","25.7","66.7","1002","72","23.2",
05/20/26 14:04:23.944,"48500","1003","25.7","66.7","1002","72","23.2",
05/20/26 14:04:32.382,"48500","1003","25.8","66.7","1002","72","23.2",
05/20/26 14:04:40.909,"48700","1003","25.8","66.7","1002","72","23.2",
05/20/26 14:04:49.253,"48300","1003","25.8","66.7","1002","72","23.2",
05/20/26 14:04:57.697,"48400","1003","25.8","66.7","1002","72","23.2",
05/20/26 14:05:06.102,"47900","1003","25.8","66.8","1002","72","23.2",
05/20/26 14:05:14.323,"48200","1003","25.8","66.7","1002","72","23.2",
05/20/26 14:05:22.667,"48500","1003","25.8","66.7","1002","73","23.2",
05/20/26 14:05:30.978,"48500","1003","25.8","66.6","1002","72","23.2",
05/20/26 14:05:39.339,"48400","1003","25.8","66.6","1002","72","23.2",
05/20/26 14:05:47.630,"48500","1003","25.8","66.6","1002","72","23.2",
05/20/26 14:05:56.031,"48900","1003","25.8","66.6","1002","72","23.2",
05/20/26 14:06:04.476,"48500","1003","25.8","66.6","1002","72","23.2",
05/20/26 14:06:12.775,"48300","1003","25.8","66.6","1002","72","23.2",
05/20/26 14:06:21.166,"48400","1003","25.8","66.5","1002","72","23.2",
05/20/26 14:06:29.626,"48500","1003","25.8","66.4","1002","72","23.2",
05/20/26 14:06:37.994,"48600","1003","25.8","66.4","1002","72","23.2",
05/20/26 14:06:46.409,"48500","1003","25.8","66.5","1002","72","23.2",
05/20/26 14:06:54.828,"48700","1003","25.8","66.6","1002","72","23.2",
05/20/26 14:07:03.393,"48900","1003","25.9","66.6","1002","72","23.3",
05/20/26 14:07:11.788,"48600","1003","25.9","66.5","1002","72","23.3",
05/20/26 14:07:20.412,"48800","1003","25.9","66.6","1002","72","23.3",
05/20/26 14:07:29.007,"48500","1003","25.8","66.6","1002","72","23.3",
05/20/26 14:07:37.461,"48500","1003","25.9","66.6","1002","72","23.3",
05/20/26 14:07:45.981,"48700","1003","25.9","66.6","1002","72","23.3",
05/20/26 14:07:54.392,"48600","1003","25.9","66.6","1002","72","23.3",
05/20/26 14:08:02.935,"48700","1003","25.9","66.5","1002","72","23.3",
05/20/26 14:08:11.353,"48600","1003","25.9","66.6","1002","72","23.3",
05/20/26 14:08:19.843,"48600","1003","25.9","66.5","1002","72","23.3",
05/20/26 14:08:28.345,"48500","1003","25.9","66.5","1002","72","23.3",
05/20/26 14:08:36.808,"48400","1003","25.9","66.4","1002","72","23.3",
05/20/26 14:08:45.333,"48500","1003","25.9","66.4","1002","72","23.3",
05/20/26 14:08:53.712,"48300","1003","25.9","66.4","1002","72","23.3",
05/20/26 14:09:02.270,"48400","1003","25.9","66.4","1002","72","23.3",
05/20/26 14:09:10.769,"48500","1003","25.9","66.4","1002","72","23.3",
05/20/26 14:09:19.324,"48600","1003","25.9","66.4","1002","72","23.3",
05/20/26 14:09:27.860,"48500","1003","26","66.4","1002","72","23.3",
05/20/26 14:09:36.349,"48700","1003","25.9","66.4","1002","72","23.3",
05/20/26 14:09:44.899,"48500","1003","25.9","66.4","1002","72","23.3",
05/20/26 14:09:53.436,"48800","1003","25.9","66.4","1002","72","23.3",
05/20/26 14:10:02.068,"48700","1003","25.9","66.4","1002","72","23.3",
05/20/26 14:10:10.589,"48500","1003","25.9","66.4","1002","72","23.3",
05/20/26 14:10:19.100,"48800","1003","25.9","66.5","1002","72","23.3",
05/20/26 14:10:27.606,"48700","1003","25.9","66.5","1002","72","23.3",
05/20/26 14:10:36.162,"48800","1003","25.9","66.4","1002","72","23.3",
05/20/26 14:10:44.646,"49000","1003","25.9","66.5","1002","72","23.4",
05/20/26 14:10:53.139,"48400","1003","26","66.5","1002","72","23.4",
05/20/26 14:11:01.709,"48400","1003","26","66.4","1002","72","23.4",
05/20/26 14:11:10.278,"48500","1003","26","66.4","1002","72","23.4",
05/20/26 14:11:18.855,"48600","1003","26","66.5","1002","72","23.4",
05/20/26 14:11:27.413,"48100","1003","26","66.4","1002","72","23.4",
05/20/26 14:11:35.877,"48500","1003","26","66.3","1002","72","23.4",
05/20/26 14:11:44.385,"48600","1003","26","66.3","1002","72","23.4",
05/20/26 14:11:52.954,"48300","1003","26","66.3","1002","72","23.4",
05/20/26 14:12:01.475,"48500","1003","26","66.2","1002","72","23.4",
05/20/26 14:12:10.014,"48500","1003","26","66.2","1002","72","23.4",
05/20/26 14:12:18.526,"48500","1003","26","66.2","1002","72","23.4",
05/20/26 14:12:27.062,"48700","1003","26","66.2","1002","72","23.4",
05/20/26 14:12:35.749,"48800","1003","26","66.2","1002","72","23.4",
05/20/26 14:12:44.318,"48500","1003","26","66.2","1002","72","23.4",
05/20/26 14:12:52.899,"48800","1003","26","66.2","1002","72","23.4",
05/20/26 14:13:01.301,"49000","1003","26","66.2","1002","72","23.4",
05/20/26 14:13:09.931,"48500","1003","26","66.2","1002","72","23.4",
05/20/26 14:13:18.522,"48900","1003","26","66.2","1002","72","23.4",
05/20/26 14:13:27.155,"48900","1003","26","66.1","1002","72","23.5",
05/20/26 14:13:35.667,"48700","1003","26","66.1","1002","72","23.5",
05/20/26 14:13:44.188,"48700","1003","26.1","66","1002","72","23.5",
05/20/26 14:13:52.804,"49100","1003","26.1","66","1002","72","23.5",
05/20/26 14:14:01.449,"48800","1003","26","66","1002","72","23.5",
05/20/26 14:14:10.078,"48700","1003","26.1","66","1002","72","23.5",
05/20/26 14:14:18.658,"48500","1003","26","66","1002","72","23.5",
05/20/26 14:14:27.341,"48500","1003","26.1","66","1002","72","23.5",
05/20/26 14:14:35.805,"48900","1003","26.1","66","1002","72","23.5",
05/20/26 14:14:44.358,"48900","1003","26.1","65.9","1002","72","23.5",
05/20/26 14:14:53.076,"48900","1003","26.1","65.9","1002","72","23.5",
05/20/26 14:15:01.771,"48900","1003","26.1","65.9","1002","72","23.5",
05/20/26 14:15:10.356,"48900","1003","26.1","65.8","1002","72","23.5",
05/20/26 14:15:18.875,"48700","1003","26.1","65.8","1002","72","23.5",
05/20/26 14:15:27.483,"48900","1003","26.1","65.8","1002","72","23.5",
05/20/26 14:15:36.264,"48700","1003","26.1","65.8","1002","72","23.5",
05/20/26 14:15:44.877,"48700","1003","26.1","65.8","1002","72","23.5",
05/20/26 14:15:53.544,"49100","1003","26.1","65.7","1002","72","23.5",
05/20/26 14:16:02.240,"48500","1003","26.1","65.7","1002","72","23.5",
05/20/26 14:16:10.920,"48800","1003","26.1","65.7","1002","72","23.5",
05/20/26 14:16:19.578,"48500","1003","26.1","65.6","1002","72","23.5",
05/20/26 14:16:28.328,"48700","1003","26.1","65.5","1002","71","23.5",
05/20/26 14:16:37.077,"49100","1003","26.1","65.6","1002","71","23.5",
05/20/26 14:16:45.881,"49100","1003","26.1","65.5","1002","71","23.5",
05/20/26 14:16:54.645,"49000","1003","26.1","65.5","1002","71","23.5",
05/20/26 14:17:03.320,"48500","1003","26.1","65.4","1002","71","23.5",
05/20/26 14:17:12.087,"48700","1003","26.1","65.5","1002","71","23.5",
05/20/26 14:17:20.812,"48500","1003","26.1","65.5","1002","71","23.5",
05/20/26 14:17:29.597,"48800","1003","26.1","65.4","1002","71","23.5",
05/20/26 14:17:38.357,"48500","1003","26.1","65.3","1002","71","23.5",
05/20/26 14:17:47.065,"48500","1003","26.1","65.2","1002","71","23.5",
05/20/26 14:17:55.906,"48800","1003","26.1","65.2","1002","71","23.5",
05/20/26 14:18:04.735,"49200","1003","26.2","65.2","1002","71","23.6",
05/20/26 14:18:13.471,"48800","1003","26.1","65.3","1002","71","23.6",
05/20/26 14:18:22.179,"49200","1003","26.2","65.4","1002","71","23.6",
05/20/26 14:18:30.852,"49200","1003","26.2","65.2","1002","71","23.6",
05/20/26 14:18:39.622,"48900","1003","26.2","65.2","1002","71","23.6",
05/20/26 14:18:48.373,"48900","1003","26.2","65.2","1002","71","23.6",
05/20/26 14:18:57.248,"48500","1003","26.2","65.2","1002","71","23.6",
05/20/26 14:19:05.821,"48900","1003","26.2","65.1","1002","71","23.6",
05/20/26 14:19:14.071,"48700","1003","26.2","65.1","1002","71","23.6",
05/20/26 14:19:22.368,"48700","1003","26.2","65.1","1002","71","23.6",
05/20/26 14:19:30.594,"48500","1003","26.1","65.1","1002","71","23.6",
05/20/26 14:19:38.891,"48700","1003","26.1","65.1","1002","71","23.6",
05/20/26 14:19:47.179,"48500","1003","26.2","65.1","1002","71","23.6",
05/20/26 14:19:55.520,"48800","1003","26.2","65","1002","71","23.6",
05/20/26 14:20:03.850,"49000","1003","26.2","65.1","1002","71","23.6",
05/20/26 14:20:12.228,"49100","1003","26.1","65","1002","71","23.6",
05/20/26 14:20:20.458,"48900","1003","26.1","65","1002","71","23.6",
05/20/26 14:20:28.725,"48900","1003","26.1","65","1002","71","23.6",
05/20/26 14:20:36.993,"48900","1003","26.1","65.1","1002","71","23.6",
05/20/26 14:20:45.353,"48700","1003","26.1","65.1","1002","71","23.6",
05/20/26 14:20:53.699,"48600","1003","26.1","65.1","1002","71","23.6",
05/20/26 14:21:02.351,"49000","1003","26.1","65.1","1002","71","23.6",
05/20/26 14:21:10.760,"49200","1003","26.1","65.1","1002","71","23.6",
05/20/26 14:21:18.823,"48900","1003","26.2","65.1","1002","71","23.6",
05/20/26 14:21:27.015,"48900","1003","26.2","65.2","1002","71","23.6",
05/20/26 14:21:35.162,"49200","1003","26.2","65.2","1002","71","23.6",
05/20/26 14:21:43.313,"49200","1003","26.1","65.1","1002","71","23.6",
05/20/26 14:21:51.394,"49100","1003","26.1","65.1","1002","71","23.6",
05/20/26 14:21:59.470,"48900","1003","26.1","65.1","1002","71","23.6",
05/20/26 14:22:07.662,"48900","1003","26.1","65","1002","71","23.6",
05/20/26 14:22:15.840,"48600","1003","26.1","65","1002","71","23.6",
05/20/26 14:22:24.045,"48900","1003","26.1","65","1002","71","23.6",
05/20/26 14:22:32.326,"49300","1003","26.1","65.1","1002","71","23.6",
05/20/26 14:22:40.527,"49300","1003","26.2","65.1","1002","71","23.6",
05/20/26 14:22:48.793,"49200","1003","26.2","65","1002","71","23.6",
05/20/26 14:22:56.873,"49000","1003","26.2","65","1002","71","23.6",
05/20/26 14:23:05.028,"48900","1003","26.2","65.1","1002","71","23.6",
05/20/26 14:23:13.210,"49200","1003","26.2","65","1002","71","23.6",
05/20/26 14:23:21.416,"49000","1003","26.2","65","1002","71","23.6",
05/20/26 14:23:29.569,"48900","1003","26.2","65","1002","71","23.6",
05/20/26 14:23:37.790,"49000","1003","26.2","65","1002","71","23.6",
05/20/26 14:23:46.048,"49100","1003","26.2","64.8","1002","70","23.6",
05/20/26 14:23:54.292,"49200","1003","26.2","64.8","1002","70","23.6",
05/20/26 14:24:02.423,"49200","1003","26.2","64.8","1002","70","23.6",
05/20/26 14:24:10.706,"49300","1003","26.2","64.7","1002","70","23.6",
05/20/26 14:24:18.984,"49400","1003","26.2","64.7","1002","70","23.6",
05/20/26 14:24:27.252,"49300","1003","26.2","64.7","1002","70","23.7",
05/20/26 14:24:35.402,"49000","1003","26.2","64.6","1002","70","23.7",
05/20/26 14:24:43.604,"49300","1003","26.2","64.5","1002","70","23.7",
05/20/26 14:24:51.791,"49400","1003","26.2","64.6","1002","70","23.7",
05/20/26 14:24:59.896,"49400","1003","26.2","64.6","1002","70","23.7",
05/20/26 14:25:08.185,"49600","1003","26.2","64.6","1002","70","23.7",
05/20/26 14:25:16.563,"49500","1003","26.2","64.6","1002","70","23.7",
05/20/26 14:25:24.820,"49200","1003","26.2","64.6","1002","70","23.7",
05/20/26 14:25:32.931,"49200","1003","26.2","64.6","1002","70","23.7",
05/20/26 14:25:41.243,"49200","1003","26.2","64.6","1002","70","23.7",
05/20/26 14:25:49.463,"49900","1003","26.2","64.6","1002","70","23.7",
05/20/26 14:25:57.646,"49700","1003","26.2","64.6","1002","70","23.7",
05/20/26 14:26:05.865,"49600","1003","26.2","64.6","1002","70","23.7",
05/20/26 14:26:14.121,"49400","1003","26.2","64.6","1002","70","23.7",
05/20/26 14:26:22.410,"49700","1003","26.2","64.6","1002","70","23.7",
05/20/26 14:26:30.676,"49000","1003","26.2","64.6","1002","70","23.7",
05/20/26 14:26:39.072,"49300","1003","26.2","64.7","1002","70","23.7",
05/20/26 14:26:47.335,"49200","1003","26.2","64.6","1002","70","23.7",
05/20/26 14:26:55.542,"49600","1003","26.2","64.7","1002","70","23.7",
05/20/26 14:27:03.829,"49400","1003","26.2","64.6","1002","70","23.7",
05/20/26 14:27:12.192,"49200","1003","26.2","64.6","1002","70","23.7",
05/20/26 14:27:20.591,"49300","1003","26.2","64.6","1002","70","23.7",
05/20/26 14:27:28.930,"49200","1003","26.2","64.7","1002","70","23.7",
05/20/26 14:27:37.246,"49100","1003","26.2","64.7","1002","70","23.7",
05/20/26 14:27:45.589,"49400","1003","26.2","64.7","1002","70","23.7",
05/20/26 14:27:53.925,"49300","1003","26.2","64.7","1002","70","23.7",
05/20/26 14:28:02.280,"49400","1003","26.2","64.7","1002","70","23.7",
05/20/26 14:28:10.696,"49900","1003","26.2","64.7","1002","70","23.7",
05/20/26 14:28:19.056,"49300","1003","26.2","64.7","1002","70","23.7",
05/20/26 14:28:27.434,"49100","1003","26.3","64.7","1002","70","23.7",
05/20/26 14:28:35.664,"48700","1003","26.3","64.7","1002","70","23.7",
05/20/26 14:28:43.977,"49000","1003","26.3","64.6","1002","70","23.7",
05/20/26 14:28:52.327,"49100","1003","26.3","64.6","1002","70","23.7",
05/20/26 14:29:00.669,"49200","1003","26.3","64.6","1002","70","23.7",
05/20/26 14:29:08.957,"49300","1003","26.3","64.6","1002","70","23.7",
05/20/26 14:29:17.355,"49200","1003","26.3","64.5","1002","70","23.7",
05/20/26 14:29:25.683,"49200","1003","26.3","64.5","1002","70","23.7",
05/20/26 14:29:33.981,"49500","1003","26.3","64.5","1002","70","23.7",
05/20/26 14:29:42.348,"49100","1003","26.2","64.6","1002","70","23.7",
05/20/26 14:29:50.654,"49200","1003","26.2","64.6","1002","70","23.7",
05/20/26 14:29:59.000,"49500","1003","26.2","64.6","1002","70","23.7",
05/20/26 14:30:07.276,"49600","1003","26.3","64.6","1002","70","23.7",
05/20/26 14:30:15.746,"49500","1003","26.3","64.5","1002","70","23.7",
05/20/26 14:30:24.083,"49800","1003","26.3","64.5","1002","70","23.7",
05/20/26 14:30:32.385,"49300","1003","26.3","64.5","1002","70","23.7",
05/20/26 14:30:40.950,"49300","1003","26.3","64.4","1002","70","23.7",
05/20/26 14:30:49.277,"49200","1003","26.3","64.4","1002","70","23.7",
05/20/26 14:30:57.721,"49400","1003","26.3","64.4","1002","70","23.7",
05/20/26 14:31:06.160,"49500","1003","26.3","64.4","1002","70","23.7",
05/20/26 14:31:14.575,"49200","1003","26.3","64.4","1002","70","23.7",
05/20/26 14:31:23.134,"49500","1003","26.3","64.3","1002","70","23.7",
05/20/26 14:31:31.599,"49500","1003","26.3","64.3","1002","70","23.7",
05/20/26 14:31:40.026,"49900","1003","26.3","64.3","1002","70","23.7",
05/20/26 14:31:48.343,"49700","1003","26.3","64.3","1002","70","23.7",
05/20/26 14:31:56.754,"49500","1003","26.3","64.3","1002","70","23.7",
05/20/26 14:32:05.183,"49500","1003","26.3","64.3","1002","70","23.7",
05/20/26 14:32:13.659,"49300","1003","26.3","64.2","1002","70","23.7",
05/20/26 14:32:22.136,"49100","1003","26.3","64.2","1002","70","23.7",
05/20/26 14:32:30.544,"49400","1003","26.3","64.2","1002","70","23.7",
05/20/26 14:32:38.988,"49200","1003","26.3","64.2","1002","70","23.7",
05/20/26 14:32:47.512,"49500","1003","26.3","64.3","1002","70","23.7",
05/20/26 14:32:56.057,"49500","1003","26.3","64.3","1002","70","23.7",
05/20/26 14:33:04.556,"49200","1003","26.3","64.2","1002","70","23.7",
05/20/26 14:33:12.959,"49200","1003","26.3","64.2","1002","70","23.7",
05/20/26 14:33:21.426,"49400","1003","26.3","64.3","1002","70","23.7",
05/20/26 14:33:29.883,"49200","1003","26.3","64.3","1002","70","23.7",
05/20/26 14:33:38.308,"49600","1003","26.2","64.4","1002","70","23.7",
05/20/26 14:33:46.771,"49500","1003","26.2","64.3","1002","70","23.7",
05/20/26 14:33:55.308,"49800","1003","26.3","64.4","1002","70","23.7",
05/20/26 14:34:03.863,"49500","1003","26.3","64.3","1002","70","23.7",
05/20/26 14:34:12.355,"49700","1003","26.3","64.3","1002","70","23.7",
05/20/26 14:34:20.910,"49900","1003","26.2","64.4","1002","70","23.7",
05/20/26 14:34:29.494,"49900","1003","26.3","64.4","1002","70","23.7",
05/20/26 14:34:38.068,"49400","1003","26.3","64.3","1002","70","23.7",
05/20/26 14:34:46.663,"49700","1003","26.3","64.3","1002","70","23.7",
05/20/26 14:34:55.097,"49600","1003","26.3","64.3","1002","70","23.7",
05/20/26 14:35:03.655,"49400","1003","26.3","64.3","1002","70","23.7",
05/20/26 14:35:12.265,"49700","1003","26.3","64.2","1002","70","23.7",
05/20/26 14:35:20.858,"49900","1003","26.3","64.2","1002","70","23.8",
05/20/26 14:35:29.543,"49700","1003","26.3","64.2","1002","70","23.7",
05/20/26 14:35:38.083,"49700","1003","26.3","64.2","1002","70","23.7",
05/20/26 14:35:46.619,"49700","1003","26.3","64.1","1002","70","23.8",
05/20/26 14:35:55.220,"49700","1003","26.3","64.1","1002","70","23.7",
05/20/26 14:36:03.714,"49600","1003","26.3","64.1","1002","70","23.8",
05/20/26 14:36:12.250,"49200","1003","26.3","64","1002","70","23.7",
05/20/26 14:36:20.816,"49600","1003","26.3","64","1002","70","23.8",
05/20/26 14:36:29.316,"49900","1003","26.3","64.1","1002","70","23.8",
05/20/26 14:36:37.933,"49900","1003","26.3","64","1002","70","23.8",
05/20/26 14:36:46.605,"49600","1003","26.3","64","1002","70","23.8",
05/20/26 14:36:55.235,"49600","1003","26.3","64","1002","70","23.8",
05/20/26 14:37:03.760,"49600","1003","26.3","64","1002","70","23.8",
05/20/26 14:37:12.278,"49900","1003","26.3","64","1002","70","23.8",
05/20/26 14:37:20.731,"49800","1003","26.3","64","1002","70","23.8",
05/20/26 14:37:29.299,"49800","1003","26.3","63.9","1002","70","23.8",
05/20/26 14:37:37.966,"49700","1003","26.3","63.9","1002","69","23.8",
05/20/26 14:37:46.550,"49800","1003","26.3","63.9","1002","69","23.8",
05/20/26 14:37:55.183,"49600","1003","26.3","63.8","1002","69","23.8",
05/20/26 14:38:03.662,"49500","1003","26.3","63.8","1002","69","23.8",
05/20/26 14:38:12.213,"49500","1003","26.3","63.8","1002","69","23.8",
05/20/26 14:38:20.788,"49600","1003","26.3","63.8","1002","69","23.8",
05/20/26 14:38:29.309,"49800","1003","26.3","63.7","1002","69","23.8",
05/20/26 14:38:37.848,"49300","1003","26.3","63.7","1002","69","23.8",
05/20/26 14:38:46.252,"49400","1003","26.3","63.7","1002","69","23.8",
05/20/26 14:38:54.842,"49600","1003","26.3","63.7","1002","69","23.8",
05/20/26 14:39:03.461,"50200","1003","26.3","63.7","1002","69","23.8",
05/20/26 14:39:12.027,"49700","1003","26.3","63.7","1002","69","23.8",
05/20/26 14:39:20.633,"49600","1003","26.3","63.7","1002","69","23.8",
05/20/26 14:39:29.168,"49600","1003","26.4","63.7","1002","69","23.8",
05/20/26 14:39:37.909,"49800","1003","26.4","63.6","1002","69","23.8",
05/20/26 14:39:46.491,"49400","1003","26.4","63.6","1002","69","23.8",
05/20/26 14:39:55.162,"49500","1003","26.3","63.7","1002","69","23.8",
05/20/26 14:40:03.829,"49700","1003","26.3","63.9","1002","69","23.8",
05/20/26 14:40:12.558,"49500","1003","26.3","63.9","1002","69","23.8",
05/20/26 14:40:21.209,"49700","1003","26.3","63.9","1002","69","23.8",
05/20/26 14:40:29.863,"49700","1003","26.3","64","1002","69","23.8",
05/20/26 14:40:38.507,"49300","1003","26.2","64","1002","69","23.8",
05/20/26 14:40:47.234,"49900","1003","26.2","64.1","1002","69","23.8",
05/20/26 14:40:55.929,"49900","1003","26.2","64.1","1002","69","23.8",
05/20/26 14:41:04.679,"49900","1003","26.2","64.2","1002","69","23.8",
05/20/26 14:41:13.355,"49500","1003","26.1","64.2","1002","69","23.7",
05/20/26 14:41:22.126,"49500","1003","26.1","64.2","1002","69","23.7",
05/20/26 14:41:30.870,"49700","1003","26","64.4","1002","69","23.7",
05/20/26 14:41:39.559,"49400","1003","26","64.6","1002","69","23.7",
05/20/26 14:41:48.287,"49800","1003","26","64.6","1002","69","23.7",
05/20/26 14:41:56.968,"49600","1003","26","64.6","1002","69","23.7",
05/20/26 14:42:05.674,"49700","1003","26","64.7","1002","69","23.7",
05/20/26 14:42:14.402,"49400","1003","25.8","64.9","1002","69","23.7",
05/20/26 14:42:23.194,"49400","1003","25.8","65.1","1002","69","23.6",
05/20/26 14:42:31.981,"49700","1003","25.8","65.2","1002","69","23.6",
05/20/26 14:42:40.710,"49500","1003","25.8","65.3","1002","69","23.6",
05/20/26 14:42:49.457,"49600","1003","25.8","65.3","1002","69","23.6",
05/20/26 14:42:58.317,"49700","1003","25.8","65.4","1002","69","23.6",
05/20/26 14:43:07.174,"49800","1003","25.7","65.4","1002","69","23.6",
05/20/26 14:43:15.964,"50000","1003","25.7","65.4","1002","69","23.6",
05/20/26 14:43:24.771,"50000","1003","25.7","65.5","1002","69","23.6",
05/20/26 14:43:33.604,"49900","1003","25.7","65.4","1002","69","23.5",
05/20/26 14:43:42.451,"49900","1003","25.7","65.5","1002","69","23.5",
05/20/26 14:43:51.338,"49900","1003","25.7","65.6","1002","69","23.5",
05/20/26 14:44:00.090,"49800","1003","25.7","65.5","1002","70","23.5",
05/20/26 14:44:08.972,"50100","1003","25.8","65.4","1002","70","23.5",
05/20/26 14:44:17.747,"50000","1003","25.8","65.4","1002","70","23.5",
05/20/26 14:44:26.563,"50200","1003","25.7","65.3","1002","69","23.5",
05/20/26 14:44:35.433,"49900","1003","25.7","65.2","1002","69","23.5",
05/20/26 14:44:44.312,"49900","1003","25.7","65.3","1002","69","23.5",
05/20/26 14:44:53.142,"49900","1003","25.7","65.4","1002","69","23.5",
05/20/26 14:45:01.966,"49900","1003","25.7","65.3","1002","69","23.5",
05/20/26 14:45:10.800,"49800","1003","25.6","65.4","1002","69","23.5",
05/20/26 14:45:19.614,"49900","1003","25.6","65.6","1002","69","23.5",
05/20/26 14:45:28.434,"49600","1003","25.6","65.6","1002","69","23.5",
05/20/26 14:45:37.394,"49900","1003","25.6","65.7","1002","70","23.4",
05/20/26 14:45:46.198,"49900","1003","25.6","65.6","1002","69","23.4",
05/20/26 14:45:55.036,"50000","1003","25.6","65.6","1002","69","23.4",
05/20/26 14:46:03.915,"50100","1003","25.6","65.6","1002","70","23.4",
05/20/26 14:46:12.836,"50000","1003","25.6","65.5","1002","70","23.4",
05/20/26 14:46:21.715,"50100","1003","25.6","65.4","1002","69","23.4",
05/20/26 14:46:30.563,"50200","1003","25.6","65.3","1002","69","23.4",
05/20/26 14:46:39.527,"50100","1003","25.6","65.3","1002","69","23.4",
05/20/26 14:46:48.411,"49900","1003","25.6","65.4","1002","69","23.4",
05/20/26 14:46:57.263,"50100","1003","25.6","65.4","1002","69","23.4",
05/20/26 14:47:06.097,"50200","1003","25.6","65.4","1002","69","23.4",
05/20/26 14:47:14.866,"50100","1003","25.5","65.5","1002","69","23.3",
05/20/26 14:47:23.774,"50000","1003","25.6","65.5","1002","70","23.3",
05/20/26 14:47:32.757,"50200","1003","25.5","65.7","1002","70","23.3",
05/20/26 14:47:41.587,"50000","1003","25.5","65.7","1002","70","23.3",
05/20/26 14:47:50.511,"50600","1003","25.5","65.7","1002","70","23.3",
05/20/26 14:47:59.497,"50200","1003","25.5","65.7","1002","70","23.3",
05/20/26 14:48:08.372,"50600","1003","25.4","65.8","1002","70","23.3",
05/20/26 14:48:17.335,"50300","1003","25.5","65.7","1002","70","23.3",
05/20/26 14:48:26.348,"50800","1003","25.5","65.6","1002","70","23.3",
05/20/26 14:48:35.238,"50500","1003","25.4","65.5","1002","69","23.3",
05/20/26 14:48:44.182,"49900","1003","25.5","65.5","1002","69","23.3",
05/20/26 14:48:53.166,"49900","1003","25.4","65.6","1002","70","23.3",
05/20/26 14:49:02.115,"50000","1003","25.4","65.7","1002","70","23.3",
05/20/26 14:49:11.039,"50200","1003","25.4","65.6","1002","70","23.3",
05/20/26 14:49:19.895,"50500","1003","25.4","65.6","1002","70","23.3",
05/20/26 14:49:28.968,"50400","1003","25.5","65.6","1002","70","23.3",
05/20/26 14:49:38.518,"49900","1003","25.5","65.5","1002","70","23.3",
05/20/26 14:49:48.343,"50000","1003","25.4","65.4","1002","69","23.3",
05/20/26 14:49:58.180,"50100","1003","25.4","65.7","1002","69","23.3",
05/20/26 14:50:08.089,"50100","1003","25.4","65.8","1002","70","23.3",
05/20/26 14:50:17.856,"50200","1003","25.4","65.9","1002","70","23.3",
05/20/26 14:50:27.691,"49900","1003","25.4","65.8","1002","70","23.3",
05/20/26 14:50:37.566,"50100","1003","25.4","65.6","1002","69","23.3",
05/20/26 14:50:46.903,"50100","1003","25.4","65.5","1002","69","23.3",
05/20/26 14:50:55.726,"50400","1003","25.4","65.6","1002","69","23.2",
05/20/26 14:51:04.558,"50400","1003","25.4","65.5","1002","69","23.3",
05/20/26 14:51:13.246,"50600","1003","25.4","65.4","1002","69","23.3",
05/20/26 14:51:22.025,"50300","1003","25.4","65.4","1002","69","23.2",
05/20/26 14:51:30.791,"50400","1003","25.4","65.3","1002","69","23.2",
05/20/26 14:51:39.848,"50000","1003","25.3","65.2","1002","69","23.2",
05/20/26 14:51:49.813,"50400","1003","25.4","65.3","1002","69","23.2",
05/20/26 14:51:59.593,"49900","1003","25.4","65.3","1002","69","23.2",
05/20/26 14:52:09.283,"50400","1003","25.4","65.4","1002","69","23.2",
05/20/26 14:52:18.498,"50200","1003","25.4","65.5","1002","69","23.2",
05/20/26 14:52:28.216,"49500","1003","25.4","65.3","1002","69","23.2",
05/20/26 14:52:37.405,"49500","1003","25.4","65.2","1002","69","23.2",
05/20/26 14:52:46.654,"49500","1003","25.4","64.8","1002","69","23.2",
05/20/26 14:52:55.911,"49500","1003","25.4","64.9","1002","69","23.2",
05/20/26 14:53:05.141,"48900","1003","25.3","64.8","1002","69","23.2",
05/20/26 14:53:14.390,"48600","1003","25.3","64.7","1002","68","23.2",
05/20/26 14:53:23.671,"48500","1003","25.2","65","1002","69","23.2",
